Carrington Number,g10,g11,h11,Bo,thetaN,phiN
1642,187.98,-0.5,-13.84,188.48945859119016,4.213533098572045,-92.06903439529029
1643,190.47,-2.61,-15.59,191.12477887495385,4.744063879228729,-99.50403519666132
1644,173.35,-3.21,-14.65,173.99755486787737,4.944690646870409,-102.35891401744816
1645,162.42,7.53,0.46,162.59510724495985,2.6593465479223424,3.495796289152627
1646,152.62,7.39,-0.67,152.80027945000623,2.783500971307729,-5.180447507447879
1647,171.01,9.42,-10.23,171.57450101923652,4.649034494640235,-47.36047438981134
1648,153.47,4.62,-12.31,154.03220896942304,4.896806328767879,-69.42865414533969
1649,179.53,-4.7,-12.68,180.03858836371717,4.307649207983952,-110.33785220316133
1650,134.24,3.87,-1.42,134.30327955787232,1.7589078737624693,-20.14935287674245
1651,135.01,-10.75,2.25,135.45598953165563,4.6507188709533915,168.17851165939277
1652,153.13,1.39,-0.98,153.13944429832569,0.6363282105011554,-35.185213327947736
1653,154.69,17.51,-8.98,155.93664290345615,7.249771724147952,-27.15101031097295
1654,149.65,-2.15,-22.23,151.3073623456572,8.48815998978425,-95.5242453024972
1655,164.91,4.86,-14.65,165.63076465439627,5.347139126554767,-71.64722085165833
1656,168.57,-2.66,-21.34,169.93621185609615,7.270178597796765,-97.10518853350469
1657,167.53,-1.52,-15.28,168.23224928651462,5.236967104501934,-95.68089081796596
1658,168.01,-0.55,-11.19,168.38313068713268,3.8150396430006106,-92.81388195664498
1659,165.05,-21.73,-10.87,166.828811360628,8.374399882017922,-153.42440294056124
1660,163.96,-19.77,2.01,165.15984560419037,6.91052988732687,174.19473163326387
1661,158.66,-14.56,10.71,159.68623390887518,6.499200436957279,143.66265816665197
1662,157.41,-17.97,21.8,159.92519813963028,10.175039945276003,129.49916558439372
1663,150.36,-7.91,22.53,152.24420711475364,9.023613628709947,109.34553354686535
1664,127.0,-1.63,21.58,128.83071566982775,9.670612931458184,94.3195143007334
1665,115.51,-6.13,5.56,115.80609051340953,4.098045280921152,137.79150977200547
1666,132.81,9.31,10.36,133.5383907346498,5.987070493205673,48.055593457752934
1667,121.67,8.26,-15.13,122.88504140048943,8.063844673897865,-61.3683186934429
1668,135.58,19.75,-15.7,137.90753750248751,10.541555236698109,-38.48247740739799
1669,131.37,17.4,-8.23,132.77262443741932,8.335605094614609,-25.313611067186994
1670,113.91,25.89,-29.77,120.5488826161404,19.103682510377453,-48.98757782091742
1671,111.71,19.39,-35.49,118.80503482597024,19.901365340707493,-61.3499659657507
1672,100.02,-10.81,-29.37,104.80197230968508,17.374878527084398,-110.20677649677936
1673,78.03,17.95,-22.72,83.2290922694703,20.35874135061423,-51.689401180417725
1674,77.31,10.29,-21.16,80.81129747751858,16.927653179870408,-64.0665817043959
1675,104.92,24.64,-53.43,120.29173246736453,29.283180812588743,-65.24254268342692
1676,71.19,51.09,-50.23,101.00127276425778,45.183170413003324,-44.51368745458888
1677,77.54,8.17,-54.99,95.41017031742476,35.639266870687244,-81.54924285334603
1678,60.92,-26.7,-83.49,106.74603739717928,55.20092285096737,-107.73421278283419
1679,58.27,-56.69,-67.58,105.71757375195479,56.55161464672007,-129.9918630142962
1680,32.43,-81.73,-76.2,116.35264414700681,73.81607689082243,-137.00542178513064
1681,25.52,-94.19,-57.15,113.08911972422456,76.95814761414967,-148.75262097316008
1682,44.42,-81.12,-53.78,106.98541582851375,65.4682908266835,-146.45687789890698
1683,30.4,-70.83,-57.78,96.33056264758345,71.60416794125005,-140.7939468279005
1684,53.0,-63.2,-15.02,83.8381798466546,50.78958098451322,-166.63120013558972
1685,44.26,-96.86,-13.51,107.34676194464367,65.65005579813685,-172.05963179400945
1686,25.63,-55.04,44.06,75.01721202497464,70.02226680219398,141.32242325203546
1687,-13.95,-25.68,61.28,67.89185002634706,101.85723934219298,112.73661084086467
1688,-28.84,-18.8,5.89,34.926747629860984,145.66238790087752,162.60433725726662
1689,-2.76,-23.94,-43.92,50.096981945023394,93.15820339087365,-118.59400481876882
1690,1.21,-3.99,-38.61,38.83447308770907,88.21449578138339,-95.90006553142616
1691,-4.8,-37.84,-12.17,40.037663518242425,96.88558775503668,-162.17130897625108
1692,-14.09,-56.78,-17.64,61.10373229189851,103.33189707762057,-162.7414030898356
1693,-23.32,-57.55,-39.94,73.83108085352671,108.412505741849,-145.2391504132115
1694,-40.44,-79.58,-30.62,94.37136430083015,115.37366079274982,-158.95477003225
1695,-84.01,-52.99,11.55,99.99511338060476,147.15501762515117,167.7038072252936
1696,-81.29,4.33,10.98,82.14239709187943,171.73864663341226,68.47803593236192
1697,-76.82,4.77,24.39,80.73993683425817,162.07307080588922,78.93422419942286
1698,-56.67,18.91,-1.64,59.76425854973858,161.48230255177106,-4.956665768954075
1699,-82.14,4.44,0.72,82.2630634002892,176.86560444746686,9.211026540816666
1700,-99.81,37.45,-21.2,108.69212758981215,156.67616805503258,-29.513684709654765
1701,-101.12,72.45,-37.3,129.86742047180272,141.13624549900638,-27.241122575259016
1702,-124.19,65.06,-35.14,144.5364289720761,149.23020916959356,-28.374228001068044
1703,-139.33,84.78,-21.97,164.56967582151944,147.8472453126462,-14.528122370629344
1704,-102.7,66.82,-20.55,124.23568287734406,145.75660367249588,-17.094895585283687
1705,-85.35,76.16,23.17,116.71254002891034,136.9941351309162,16.92122626637632
1706,-74.09,15.75,0.55,75.74756167692793,167.99165081022883,1.9999922990341765
1707,-94.4,84.66,32.77,130.96773839385025,136.11959382327893,21.16031048820867
1708,-105.17,57.99,-8.23,120.37982347553098,150.8857675796399,-8.077532356799086
1709,-115.2,80.25,-7.23,140.58227270890168,145.02967253506867,-5.148076234360675
1710,-112.59,77.71,-50.62,145.868902100482,140.52098123436073,-33.0800688168002
1711,-125.55,43.24,-16.85,133.85224166968592,159.7141486996885,-21.290140190467305
1712,-161.68,13.91,-19.42,163.43514585302637,171.59551827339615,-54.38703946158513
1713,-141.87,29.07,-16.67,145.77397127059413,166.7100001909882,-29.831831186148815
1714,-155.28,18.61,-47.62,163.4805031188735,161.77543174902732,-68.6543333249862
1715,-130.48,27.7,-20.9,135.01529691112782,165.10734051952278,-37.03501470895509
1716,-105.32,10.78,-22.93,108.32495418877406,166.47300290098875,-64.82054054908615
1717,-95.14,-37.1,13.66,103.02730317736169,157.43496069678892,159.78659228096907
1718,-61.2,-25.99,20.71,69.64067920403993,151.49755060884516,141.45058810161302
1719,-80.54,-7.4,35.4,88.28709758509451,155.8183113995794,101.80706342159857
1720,-141.2,-12.46,100.64,173.842173249186,144.31448113850064,97.05773984623065
1721,-155.39,-42.8,137.62,211.93668040242585,137.1545516955643,107.27576212972087
1722,-149.44,-17.14,155.27,216.1824833329472,133.7305539897879,96.29928268699129
1723,-154.53,-9.57,175.21,233.81541843941773,131.3690019283929,93.12639863091543
1724,-150.39,37.61,145.56,212.64848412344725,135.00945634129064,75.51268348628072
1725,-136.03,79.79,104.3,189.07431078811314,136.00930259755592,52.583838114200766
1726,-113.44,48.65,76.44,145.18446783316733,141.38442024170007,57.52541280606175
1727,-132.82,76.7,53.32,162.37938539112653,144.88119711173695,34.806100006202016
1728,-152.27,63.23,39.03,169.4329563573746,153.98817498662495,31.685800653945766
1729,-152.44,32.81,43.66,161.9279015488066,160.28913922641044,53.075548949637955
1730,-128.19,14.61,26.39,131.69115498012764,166.75866106073283,61.030262075901966
1731,-134.37,-4.86,59.03,146.8450114917085,156.21231817047524,94.70660460537178
1732,-125.97,-7.17,28.46,129.3438108298963,166.88483591362908,104.14040888900999
1733,-89.71,2.94,23.09,92.68050388296342,165.45461098477722,82.74369759081742
1734,-93.45,15.31,37.78,101.95404356865892,156.43246704442922,67.94019748719333
1735,-146.29,22.17,63.42,160.97940675751045,155.33314772994913,70.73168736945206
1736,-176.38,12.29,32.77,179.8188571868924,168.77667228747836,69.44203872585707
1737,-203.71,36.24,21.19,207.99066757910077,168.35554579317852,30.315382407231212
1738,-203.05,29.89,47.11,210.5755605477521,164.63597388365338,57.60599597203734
1739,-188.65,16.22,25.48,191.0527186406935,170.9036182270561,57.520078475633184
1740,-190.5,12.33,-2.78,190.9188500384391,176.20403730524228,-12.705812900994935
1741,-192.57,-6.5,9.49,192.91323179087536,176.58166369438652,124.40847225202862
1742,-183.96,10.06,16.09,184.93613302975706,174.1105809280878,57.98501522019657
1743,-191.98,-24.99,1.03,193.60237963413567,172.5772937233189,177.63980516554832
1744,-201.81,-25.66,-7.59,203.57632426193376,172.44692624025643,-163.52225103614913
1745,-207.58,-47.76,-21.73,214.10900705014726,165.8142088539059,-155.53526001318306
1746,-196.69,-64.09,-15.58,207.4541409565015,161.4620274431918,-166.33667738839893
1747,-207.13,-59.26,-14.09,215.90070078626425,163.61263793433113,-166.62536755173676
1748,-211.17,-57.86,-51.39,224.90326942932597,159.87379811268187,-138.38921025811763
1749,-206.42,-61.87,-36.7,218.595524428109,160.78689522250863,-149.32446155125152
1750,-211.4,-62.9,-52.11,226.63146758559367,158.8742916686571,-140.3596831470483
1751,-215.38,-52.23,-56.65,228.7482017415656,160.3150936386365,-132.6753456238077
1752,-211.92,-59.31,-44.4,224.49748885009825,160.73018142234235,-143.18114328450298
1753,-208.57,-48.88,-37.14,217.41683214507563,163.5990616352599,-142.7717050717014
1754,-219.99,-45.41,-23.19,225.82170909812902,166.95056273133983,-152.9474866250444
1755,-210.21,-37.57,-19.5,214.4294732540282,168.61483701909583,-152.56928176650467
1756,-226.43,-29.61,-18.91,229.1394446619787,171.18024104153554,-147.43624999006795
1757,-231.47,-24.87,-11.17,233.070046767061,173.2824716790344,-155.81345880450732
1758,-218.35,-17.33,-10.6,219.29298073581836,174.68464318464845,-148.54770539368744
1759,-210.8,-10.54,-10.49,211.32385501878392,175.964859339173,-135.13622366037436
1760,-218.07,-4.68,-11.67,218.43217757464214,176.7001049579964,-111.85218109868349
1761,-223.63,-2.97,-12.9,224.02144495561134,176.61240531540406,-102.96541901313952
1762,-230.23,7.06,-14.82,230.81449022970807,175.92163197991908,-64.52765135858176
1763,-240.59,12.42,-12.72,241.2459386186636,175.77392036062093,-45.68368806794035
1764,-231.76,11.28,-12.38,232.3643699021001,175.86668548318795,-47.661876856623934
1765,-227.33,11.29,-18.96,228.39849955724316,174.45568832522335,-59.22771850852455
1766,-219.35,23.37,-18.11,221.3335751755707,172.32350113529822,-37.773003729990734
1767,-227.34,3.55,-22.98,228.52605650122263,174.16003197770328,-81.21824331975249
1768,-225.94,12.5,-14.66,226.75989327921286,175.12624027830776,-49.54708954400804
1769,-206.34,-1.35,-13.5,206.78556066611614,176.23808516346764,-95.71059313749964
1770,-194.91,4.21,-9.92,195.20768068905485,176.83539350119838,-67.00386722857
1771,-196.72,-4.78,-14.29,197.296251611631,175.61983922726313,-108.49507029037663
1772,-198.44,-18.45,-8.34,199.47027773580703,174.17410304480444,-155.67548443979356
1773,-201.95,-12.84,-2.79,202.37700511668808,176.27736909430126,-167.74078411276463
1774,-208.55,-12.98,-4.21,208.99594972151974,176.2564046605353,-162.02978079604432
1775,-221.61,-10.31,2.11,221.85973113659,177.28121113776152,168.4338078280344
1776,-224.24,-5.7,-1.1,224.3151301183226,178.51704659673476,-169.07719528013072
1777,-225.61,-10.46,0.1,225.85237147304875,177.34536448802945,179.4522558887588
1778,-198.98,-6.59,1.89,199.0980677957473,178.02670825336327,163.99720502038994
1779,-206.16,-5.62,3.76,206.27085979362184,178.12143954239716,146.21592799805234
1780,-213.34,-8.78,0.71,213.5217742994845,177.63564001751786,175.37680209958026
1781,-217.35,-11.5,-8.31,217.81259972738033,176.26512809361515,-144.14779712265877
1782,-225.75,-10.88,3.68,226.04198570177178,177.08746853223917,161.31264849478885
1783,-198.24,-13.08,1.15,198.67437303286,176.21054031703,174.97544706964007
1784,-211.3,-9.83,-0.05,211.528535663631,177.3363985120952,-179.7085692502616
1785,-206.05,-9.84,-5.71,206.36383452533536,176.8397150015777,-149.8740686571189
1786,-190.65,-2.63,-2.42,190.68349640175992,178.92604393957245,-137.38122483267995
1787,-202.68,4.59,-9.69,202.96341197368554,176.97177319630282,-64.6538240580533
1788,-204.25,-13.39,-6.55,204.79320569784534,175.8259460416017,-153.93345937731604
1789,-199.95,-6.68,-7.15,200.18927893371313,177.19835746407492,-133.05360400514382
1790,-200.06,-18.54,-8.13,201.08165530450557,174.22186541515705,-156.3220047336946
1791,-186.83,-13.19,8.99,187.5106532973527,175.1166360508813,145.72255930853476
1792,-178.91,-15.75,21.76,180.91530670454614,171.4612883836962,125.89721295377967
1793,-166.04,-22.15,42.42,172.7986125523003,163.92236831758996,117.57173386881446
1794,-166.33,-5.64,41.03,171.40869114487748,166.0178067878564,97.82684939540574
1795,-168.54,22.69,30.64,172.7986611637949,167.253234825508,53.478747813503205
1796,-180.18,4.68,21.32,181.49732009040795,173.09265404879434,77.61924307119283
1797,-177.83,6.73,28.28,180.19034435840342,170.71600764385136,76.61389350172558
1798,-193.7,20.07,17.66,195.5361104757891,172.14196470260745,41.34520290945186
1799,-144.37,10.56,17.2,145.7739705846006,172.04159891252118,58.45201035713517
1800,-134.86,15.46,40.69,141.71064638904167,162.11176648512594,69.1959159830202
1801,-131.04,34.55,21.84,137.26678294474596,162.67623350479607,32.298100281795435
1802,-155.67,-12.63,-17.4,157.1477833123967,172.1362481195706,-125.97447413714532
1803,-146.09,-4.98,-12.38,146.69816938189788,174.78099501415485,-111.9130348548898
1804,-115.65,-47.95,-9.18,125.53245556428823,157.1132978534313,-169.16190174781372
1805,-86.29,-67.44,-24.97,112.32817366983227,140.19212368149994,-159.68267415743077
1806,-80.08,-44.39,15.21,92.81499124602664,149.63148986565773,161.0862459961847
1807,-77.89,-53.19,6.83,94.56572899311885,145.45286118771318,172.68282783101495
1808,-109.32,-76.26,-1.27,133.29689756329662,145.09721995986322,-179.04590985917463
1809,-106.16,-31.12,-11.03,111.17581076835015,162.7237480668732,-160.48391994613073
1810,-62.74,-80.01,-18.16,103.28452594653277,127.40521947856963,-167.21213935567687
1811,-75.16,-47.53,-49.31,101.68383647365003,137.6593870324686,-133.94697434623814
1812,-29.95,-76.38,-27.6,86.56019235191197,110.24297379979178,-160.13262045222825
1813,-61.91,-54.9,-39.58,91.72477582420139,132.45057446685894,-144.21038773490855
1814,-26.83,-99.5,17.29,104.49422472079499,104.87793414454228,170.14221270653255
1815,-23.17,-91.7,68.71,116.90510254047939,101.4314239579392,143.1561036137353
1816,-27.77,-50.89,70.35,91.1596813289735,107.73592255146119,125.88134095168543
1817,-32.98,-23.43,80.07,89.70981105765411,111.5695150486708,106.31047644073747
1818,-43.08,19.77,23.42,52.869988651407894,144.5704573377062,49.83060547818708
1819,-30.31,-2.46,-13.03,33.08366061970773,156.37132076510883,-100.69132141347036
1820,-28.99,1.28,-56.43,63.45394707975226,117.18511012271625,-88.70058437586421
1821,-27.81,-34.94,-36.25,57.51749472986458,118.91457465366592,-133.9457929336701
1822,14.48,17.84,-53.21,57.95895185387673,75.53242983986746,-71.46496849502385
1823,12.03,-62.44,-92.68,112.39687228744401,83.85578035987034,-123.968780029866
1824,45.86,-85.83,-89.81,132.42267404036215,69.7378918586103,-133.70190056925352
1825,13.59,-124.98,-54.84,137.15726047132904,84.3136122044156,-156.30860450876116
1826,23.28,-113.02,45.5,124.03922282891004,79.18242763210121,158.0710921139942
1827,6.72,-83.31,9.88,84.16251481508856,85.42031355713053,173.23669890370888
1828,8.87,-63.41,25.74,69.00762711468929,82.61496861554535,157.9063073043927
1829,17.81,-31.59,13.67,38.755555730759426,62.64211884632557,156.60032647447574
1830,69.19,-19.29,-36.37,80.51172026481609,30.75318524295088,-117.94068239744533
1831,18.84,-30.61,-31.45,47.76002721942273,66.76694333334432,-134.22453245238455
1832,28.09,-19.27,-60.33,69.28268109708226,66.08127032116175,-107.713997339595
1833,23.8,-101.39,-60.44,120.41331197172512,78.6002791016537,-149.20023779777813
1834,22.8,-124.77,-33.2,131.10924033034436,79.98530297645188,-165.09945539196525
1835,48.38,-58.29,0.33,75.75260655581431,50.30818548312173,179.67563209398742
1836,50.25,-62.75,25.49,84.33483918286677,53.4275227202719,157.89226609413748
1837,47.33,-31.41,-0.98,56.81265175997332,33.582618285617535,-178.212936811467
1838,48.0,33.04,-46.7,74.67617826321859,50.00092357904922,-54.7207976553804
1839,31.05,15.43,-96.65,102.68110780469794,72.39863914549596,-80.92937683232077
1840,55.37,53.45,-72.48,105.71702701078952,58.41541820299944,-53.59327355017249
1841,58.96,52.19,-69.67,105.13794082061908,55.88975216947199,-53.16301204583442
1842,93.88,48.66,-92.62,140.569251260722,48.09820504253516,-62.28379906394734
1843,104.17,36.86,-101.81,150.25087221044674,46.10753013452248,-70.09736566058524
1844,112.59,65.27,-161.66,207.53466361068456,57.14520908157247,-68.01367550239378
1845,118.1,55.36,-137.46,189.4929845667116,51.446723911656086,-68.063611608091
1846,150.77,-10.69,-111.12,187.59936940192523,36.516961282913904,-95.49507552953018
1847,143.28,-4.56,-119.56,186.66693761885097,39.863796247409596,-92.1841935459648
1848,161.3,17.45,-132.85,209.69338330047518,39.716250113145314,-82.51697256255397
1849,146.77,-3.29,-114.77,186.34486818799172,38.035823828907745,-91.64199273723443
1850,161.35,7.7,-89.64,184.73884837791968,29.14440158899977,-85.09039289607949
1851,183.22,-11.73,-93.5,206.03254912755898,27.217469194233253,-97.15065777905977
1852,175.9,20.74,-51.94,184.57714159667768,17.638158991086307,-68.23283328901324
1853,202.47,13.51,-54.78,210.18437001832464,15.571304780730546,-76.1460147697513
1854,164.6,15.23,-59.26,175.60427244232983,20.391313486865904,-75.58674134490116
1855,167.21,-27.71,-24.66,171.27505305793954,12.507957898094823,-138.3331096414428
1856,168.63,8.39,-10.77,169.18174221824293,4.628572714908758,-52.08084641327591
1857,168.58,1.43,23.37,170.19817331569692,7.907102940417334,86.49846225751375
1858,185.51,10.87,25.09,187.51433305216963,8.38480459981603,66.5757933877823
1859,193.78,6.98,22.11,195.16214002720915,6.822954993198474,72.47939262195823
1860,188.91,17.6,30.5,192.16398752107534,10.559037250901966,60.01294002761783
1861,192.99,36.64,26.43,198.20740298989844,13.175350464400598,35.80452443555722
1862,182.6,10.59,33.68,185.98185529776822,10.943094540360342,72.5452918070436
1863,178.44,57.67,5.2,187.59984674833825,17.97829984625232,5.1523240380197795
1864,169.76,28.61,11.17,172.5159662176229,10.2550973626693,21.32681354539042
1865,167.9,33.73,-15.03,171.9128377986938,12.403884178043512,-24.017628012326924
1866,158.09,26.81,-29.79,163.09098166361008,14.225460633581536,-48.013850131077504
1867,147.68,11.83,-23.84,150.05891143147747,10.215774356116405,-63.60825093788083
1868,145.26,10.38,-24.15,147.61922130942162,10.257242408653592,-66.74130603820586
1869,160.91,11.17,-33.16,164.67052741762868,12.268290209375705,-71.3838179556682
1870,157.38,-8.39,-23.31,159.31796069495743,8.945795416239605,-109.79539470414711
1871,164.11,-5.7,-19.4,165.35096643201095,7.02402857356446,-106.3735493270503
1872,163.75,-20.08,-16.77,165.826722213279,9.07724085351199,-140.13273915771268
1873,150.48,-15.44,-8.08,151.4856772107515,6.605743499065449,-152.37621509971922
1874,159.93,-34.57,-9.94,163.9252677289258,12.675749882800202,-163.95833450247656
1875,165.61,-26.47,0.28,167.7122875641496,9.081465878651693,179.39394711231984
1876,158.58,-36.38,9.51,162.97717907731746,13.339594423349833,165.35027940295217
1877,175.82,-52.74,2.42,183.57569664854873,16.71403978834675,177.37279869197803
1878,165.15,-39.84,19.67,171.0223874234014,15.058062357926866,153.72329958179225
1879,175.36,-38.17,24.89,181.18385855257637,14.566442911918623,146.8923212769686
1880,171.04,-41.67,22.85,177.51955666911743,15.528056477020233,151.2615687149183
1881,177.48,-35.07,26.56,182.85100191139233,13.921481387304146,142.86180711157417
1882,171.42,-30.58,37.32,178.0806985610737,15.719984827299914,129.33118346103583
1883,172.28,-23.78,30.93,176.6424402571477,12.76006002333827,127.55426562189655
1884,168.66,-4.97,30.27,171.42686312244064,10.308082790859059,99.32414196903386
1885,181.28,-16.65,17.19,182.85282879955673,7.520371755659501,134.085783239551
1886,172.87,-18.12,9.74,174.08974381048415,6.7863967398102805,151.74074377073097
1887,160.97,-11.1,9.08,161.60754097504238,5.0910076293012345,140.71621533152663
1888,170.93,-22.87,5.17,172.53066596985013,7.8107219170513655,167.2618040116739
1889,170.49,-20.78,5.52,171.84038786036305,7.187685824199363,165.12351314670772
1890,181.95,-5.38,7.41,182.180281589419,2.8811264024753407,125.98137116334408
1891,155.05,-10.74,1.84,155.43241521638916,4.019976343513761,170.2783444112602
1892,171.74,-5.98,3.23,171.87443352633923,2.266282771046671,151.62501954869256
1893,143.53,1.38,13.77,144.19562476025408,5.507360782753107,84.2770479801396
1894,164.31,8.05,-2.56,164.5269953533462,2.943011833281816,-17.64131038867264
1895,164.64,8.32,-1.64,164.85824698813218,2.9485218078084006,-11.150925168505147
1896,175.43,8.79,-3.73,175.68967499543052,3.115538218304803,-22.99373848948311
1897,169.43,11.33,-6.21,169.9219170678109,4.360775249070318,-28.72725243297574
1898,145.44,17.02,-6.64,146.5829580817634,7.159680468700447,-21.312211628313424
1899,163.27,9.9,-8.71,163.80160866120943,4.617342596294109,-41.34125328782249
1900,167.92,5.53,-7.34,168.17129035599388,3.1325910761284037,-53.00541097426739
1901,173.93,-1.32,-7.39,174.09192801505762,2.471399628847759,-100.1273550470928
1902,148.44,8.16,-5.85,148.7791709212012,3.8695316922051863,-35.63718408219402
1903,178.37,8.63,-1.76,178.58732149847594,2.8268822212733022,-11.526815929714544
1904,176.08,4.18,-5.72,176.22246508320103,2.3040424426948545,-53.84181456019167
1905,172.65,-7.72,1.15,172.82633884914648,2.5884727657605913,171.52731054831926
1906,158.49,-0.7,-1.11,158.49543274176705,0.474394915813716,-122.23678655213024
1907,164.17,4.35,7.5,164.39878770842563,3.0231176433694658,59.88626684901757
1908,161.47,-2.3,7.53,161.66184398305,2.791585377930551,106.98502373270578
1909,152.99,4.64,4.65,153.1309642103778,2.458633951138948,45.06167465810946
1910,155.95,2.95,-2.36,155.9957518652351,1.3877021515184385,-38.65980825409009
1911,144.29,0.76,7.59,144.4914869464634,3.026149904384853,84.28193285008345
1912,154.73,7.69,6.58,155.06065071448654,3.7423876051528175,40.552171708149295
1913,155.72,12.24,6.46,156.3338338300446,5.079006348101588,27.824096384253256
1914,157.97,10.61,4.81,158.39895548898042,4.217602493025891,24.386968374570948
1915,150.25,9.06,4.66,150.59502548225157,3.879188241894524,27.21896934470164
1916,124.84,5.04,1.48,124.95046058338481,2.409374809216235,16.364918169880912
1917,145.41,18.52,0.93,146.58759633748008,7.267389031048855,2.8747491312369178
1918,145.18,13.25,-7.81,145.99243473550266,6.0473945303707755,-30.516541643980784
1919,152.39,6.02,-4.56,152.5770169455413,2.8371214060042824,-37.14302164464527
1920,149.64,3.82,3.28,149.72468199999625,1.927111997330662,40.65066626528189
1921,148.26,-3.1,2.55,148.31432870764712,1.550865090312055,140.55994726330954
1922,152.7,0.81,8.75,152.95263515219344,3.2935619286031392,84.7111210982591
1923,141.06,0.57,4.37,141.12882554602373,1.7894610530246289,82.5685920288275
1924,141.52,1.39,2.61,141.55089049525617,1.1970207014420506,61.96170588653291
1925,137.57,7.75,-0.99,137.79168153411874,3.2504922247528576,-7.279648177267493
1926,131.64,0.02,-2.14,131.65739477902483,0.9313850046350142,-89.46454101443547
1927,120.17,14.24,-8.03,121.27690381931755,7.747014999719561,-29.418846616983075
1928,134.12,-17.93,4.15,135.37681411526864,7.813355349402497,166.96804785162604
1929,150.09,-4.63,-1.8,150.172184508317,1.8956478820617593,-158.75546653573787
1930,112.26,12.06,3.02,112.94632176392466,6.319542400281217,14.058598433437865
1931,104.19,4.34,-7.81,104.57240458170597,4.901432891270337,-60.9391674218178
1932,114.67,11.89,-23.23,117.60192983110439,12.820755751546042,-62.89490177046201
1933,88.9,16.99,-16.08,91.92625577059039,14.742439297977768,-43.423767605263315
1934,83.94,11.05,-0.84,84.66836304074857,7.520779004442552,-4.3471554254025655
1935,96.34,-20.76,-4.42,98.65044145871828,12.424727629133386,-167.9806568702415
1936,114.42,6.56,-5.28,114.72945742048988,4.2091875488747155,-38.8298249049704
1937,106.43,19.47,0.75,108.19883686990356,10.374416060534886,2.205988645193594
1938,100.48,18.1,14.26,103.08825345304867,12.915995708472547,38.23264145372104
1939,95.99,8.65,2.96,96.42439629056538,5.44064510790693,18.8907686524087
1940,99.3,12.54,-1.78,100.10449540355319,7.268819851319033,-8.078922573652
1941,84.64,-3.72,14.02,85.87390989118872,9.724563938551283,104.86017279588613
1942,82.9,1.92,18.45,84.94997881106269,12.612695770166896,84.058897245556
1943,69.22,-25.08,-29.38,79.26915667521638,29.164121214579076,-130.48546125070212
1944,62.2,9.6,-40.04,74.5935761309243,33.50351453641287,-76.51725650462602
1945,84.67,6.72,-43.48,95.41843480166713,27.45729649543231,-81.21423327875408
1946,78.33,-15.01,-75.13,109.5691831675312,44.36575021418999,-101.29819934982788
1947,61.13,-26.33,-46.98,81.4694188023948,41.37991028304074,-119.26850514438296
1948,45.27,-16.01,-34.59,59.17905964105885,40.095985385442575,-114.83708419799329
1949,40.32,-16.88,-10.81,45.027690369371605,26.43384010569257,-147.36438560594152
1950,27.35,-9.97,27.3,39.90881356292116,46.73982887819336,110.06226755205
1951,6.22,17.92,21.07,28.350656077064603,77.32648289283726,49.61889118107292
1952,-7.86,45.45,12.06,47.67521053965048,99.48942432147462,14.860777613986722
1953,-8.15,20.53,-16.59,27.62483484113525,107.15899980427588,-38.94118281592443
1954,0.38,28.5,-9.46,30.031416882991053,89.27499334000231,-18.36254475929817
1955,-27.91,31.16,13.96,44.09983333301839,129.26308836192388,24.132869641361165
1956,-29.26,55.14,18.27,65.04121846952131,116.73525190677236,18.3320167803592
1957,8.1,42.72,39.99,59.07460114126883,82.11907571562867,43.10953074706212
1958,-11.73,63.53,29.7,71.10375376870057,99.49550293874228,25.055885302046008
1959,-9.54,47.44,47.34,67.69520514777984,98.10142102847401,44.93954868299973
1960,-28.93,51.74,48.74,76.74346942900092,112.14613485655522,43.28984582870499
1961,-25.13,45.91,47.02,70.35712757070175,110.92697235909496,45.68433542434757
1962,-44.59,40.29,48.34,77.12527341928845,125.32054951722326,50.189765880663124
1963,-34.32,64.09,32.73,79.72856075460035,115.4967912601108,27.0528600225354
1964,-22.39,51.12,67.63,87.6834271684222,104.79435019825618,52.915183362566424
1965,-36.85,44.06,49.08,75.55165451530496,119.19252503944908,48.0851061632955
1966,-44.45,48.3,31.26,72.70405834614736,127.6895449866388,32.91114483680233
1967,-30.21,39.63,7.58,50.40473588860476,126.82324758730583,10.828139044420169
1968,-45.72,38.4,-5.74,59.98188059739374,139.66120258342937,-8.501578490640425
1969,-61.87,34.24,-7.82,71.14370597600325,150.4177905586314,-12.865005151030935
1970,-53.68,8.87,50.54,74.25975289482183,136.29177937220157,80.04570728362167
1971,-61.64,-15.75,-13.32,64.99980384585787,161.49763447194073,-139.77832162366477
1972,-100.15,-42.08,-32.05,113.26054652878909,152.15867551764342,-142.7054883263137
1973,-91.83,-43.23,16.38,102.80995185292133,153.27834051995845,159.24812460889774
1974,-113.39,-6.21,-2.34,113.58402968727601,176.65053897319254,-159.35300917502963
1975,-112.29,-71.25,0.91,132.99035566536395,147.602033386884,179.2682621106475
1976,-53.16,-66.47,24.11,88.46207435958078,126.93692660156856,160.06327784258016
1977,-86.35,-39.89,15.12,96.31276654732746,153.70928159109855,159.2411693135737
1978,-79.18,-64.15,26.17,105.21199456335766,138.81399617797865,157.8069907314175
1979,-128.39,-51.49,32.01,141.98539467142385,154.7221823268715,148.13185312917378
1980,-112.82,-27.87,29.71,119.94904501495624,160.14683615309997,133.1697052554318
1981,-97.06,17.34,-5.3,98.73909661324637,169.41847477361225,-16.995859988387735
1982,-79.72,36.75,1.14,87.79032122050813,155.2403663594127,1.7767687048214633
1983,-90.03,19.55,-74.04,118.19274512422496,139.61623105443098,-75.20883381897724
1984,-96.74,53.14,-49.22,120.85154363929325,143.17656173917737,-42.80686056030345
1985,-88.02,44.25,-20.46,100.61905634620113,151.01949222765333,-24.814541107264258
1986,-65.61,70.29,-41.17,104.59600900608017,128.84903726394535,-30.358202161912107
1987,-72.15,51.56,-10.34,89.28029849860495,143.913532192662,-11.33984747515
1988,-76.86,52.67,-2.02,93.19693610843653,145.55861686376497,-2.1963314881288314
1989,-86.39,59.19,15.75,105.89972001851564,144.66374247021653,14.900685890605825
1990,-98.55,46.91,20.35,111.02600190946262,152.57691685748102,23.45165430063683
1991,-112.08,62.41,30.19,131.7891141179726,148.26060458118687,25.814752590628444
1992,-72.43,69.03,18.72,101.79235825935069,135.36088553053716,15.172915345525258
1993,-90.77,18.94,36.42,99.62094609066911,155.66528325752202,62.523587054838785
1994,-62.17,28.21,47.64,83.24952011873702,138.31317165641727,59.368126841151046
1995,-89.97,23.87,62.16,111.92963593258042,143.49534818815695,68.99276072484406
1996,-92.69,3.75,75.09,119.34825805180401,140.95347716240803,87.14101984788117
1997,-102.66,22.43,92.69,140.1200078504137,137.10966200389132,76.39653770361345
1998,-81.39,41.2,113.66,145.7407551098868,123.94918216392566,70.07519905808878
1999,-88.92,43.54,110.8,148.5905044072467,126.75704846540337,68.54714417868428
2000,-96.98,44.82,76.45,131.37182079883038,137.57916272795333,59.6183736608924
2001,-83.64,32.84,72.66,115.55773794947702,136.36861697959728,65.67855069561463
2002,-90.86,25.61,70.97,118.10229718341638,140.2940346647938,70.15768181851924
2003,-93.45,1.34,92.97,131.82609377509445,135.14455129007715,89.17423869358326
2004,-101.22,-7.04,80.66,129.61900169342456,141.34342166184777,94.988131677752
2005,-86.89,-10.72,87.64,123.87719765961774,134.5410784644938,96.97369608726727
2006,-99.01,-29.32,76.17,128.31411224023645,140.49977297335033,111.053135176519
2007,-102.37,-16.68,60.39,120.0199625062431,148.53305295303758,105.44040112059385
2008,-115.41,-29.93,54.5,131.09356582227826,151.6862521516233,118.77445981919082
2009,-102.02,-70.08,85.39,150.36867659190193,132.72386894729692,129.3758973270851
2010,-101.06,-63.18,70.74,138.59647758871796,136.8166195385698,131.7689900996318
2011,-86.73,-55.27,72.88,126.04903886979861,133.47717400140016,127.1755858261989
2012,-68.82,-41.28,65.45,103.55642568184749,131.64897977655755,122.24005912965278
2013,-84.21,-35.85,50.09,104.33386171325205,143.8155442810273,125.59174263921123
2014,-90.74,-34.27,24.49,100.03969512148664,155.09944684214577,144.44967203888456
2015,-76.86,-31.33,45.85,94.82220731453155,144.15162165052118,124.34538750843006
2016,-86.56,-30.6,30.81,96.84136357982574,153.35891493676704,134.80406991048383
2017,-91.19,-28.17,17.21,96.98117910192678,160.09956390769378,148.57783938555994
2018,-88.44,-23.56,19.01,93.47773692168633,161.103939548906,141.10077103150417
2019,-81.3,-44.53,22.9,95.48309222056018,148.37078532103985,152.78505136603653
2020,-85.81,-11.13,12.25,87.3916214519447,169.0828021527601,132.2573886425184
2021,-80.02,-20.43,7.51,82.92759130711563,164.7828980205271,159.81674025622692
2022,-88.38,4.25,18.95,90.48861475345944,167.6067202200815,77.35919286450098
2023,-87.94,17.64,3.76,89.77054528073225,168.40951258094546,12.032633424685255
2024,-95.55,23.03,21.6,100.63172163885501,161.71393053373706,43.164800730413305
2025,-88.48,26.97,22.06,95.09329576789312,158.50579910606004,39.28130786502615
2026,-69.98,25.38,29.91,80.22439092944241,150.7274097133622,49.6838748601078
2027,-78.89,25.75,14.27,84.20408244259895,159.53573708097232,28.994113691184978
2028,-74.62,32.36,2.8,81.38276230259085,156.4772659173501,4.945290618317728
2029,-74.58,3.38,0.55,74.65857820773175,177.37102212723104,9.242272288466445
2030,-100.41,23.85,3.6,103.26640596050585,166.49252262347756,8.583621480113948
2031,-86.08,19.89,15.32,89.66649820306355,163.74016436828347,37.6047697510842
2032,-83.95,13.28,16.26,86.53524426498143,165.9596124675623,50.760519067196846
2033,-89.55,6.39,10.55,90.39544844736376,172.1576362160536,58.797246886145224
2034,-85.29,-6.17,-4.21,85.61645344208087,174.99495793149137,-145.69295758259642
2035,-91.96,-14.7,9.75,93.63649982779151,169.1415729383123,146.44506377892102
2036,-95.9,-13.4,21.2,99.12522383329079,165.34418054969336,122.29597638594315
2037,-96.93,-25.13,-0.32,100.13512969982114,165.46441650146886,-179.27044733158422
2038,-97.16,-18.69,10.24,99.46979089150635,167.6285000467651,151.2822570464785
2039,-129.05,4.13,8.07,129.36801884546273,175.9817254941145,62.89790495032246
2040,-88.21,-9.68,4.54,88.8556025245454,173.08899607912215,154.8730345303257
2041,-87.64,-10.39,4.21,88.35409328378624,172.71055094058346,157.94234142760774
2042,-93.88,-5.36,10.39,94.60515895023907,172.90136858987466,117.2883336130681
2043,-92.5,-3.44,-0.95,92.5688181840948,177.7905520028776,-164.56182831109874
2044,-105.08,0.24,-5.91,105.24634007888349,176.77826513601525,-87.6745455792247
2045,-101.49,-8.81,-6.66,102.08913654253325,173.7895453368632,-142.91220927749694
2046,-98.46,-16.95,5.44,100.05632263880179,169.75162997454294,162.20628112986617
2047,-95.42,-12.48,8.29,96.58908271642298,171.07649952233436,146.40538999688346
2048,-96.06,-4.42,0.4,96.1624666904921,177.3547619640091,174.8289475819975
2049,-83.68,-18.31,-2.12,85.68601344443562,167.57774267544136,-173.39548953589073
2050,-101.55,20.73,-8.08,103.95875047344501,167.64208636602984,-21.29450737709402
2051,-93.99,-2.15,-5.53,94.17708585425649,176.38791964457192,-111.24550543911965
2052,-91.09,-0.95,-4.35,91.19875602221776,177.201579339918,-102.31944525663661
2053,-78.94,-4.59,-2.34,79.10794713554384,176.2658587851343,-152.98733465206146
2054,-92.88,-4.66,-3.38,93.0582312318475,176.45332431177536,-144.04580126159075
2055,-80.09,-7.27,-2.32,80.45274016464573,174.55712519997556,-162.30109405200588
2056,-89.09,-7.81,-5.39,89.59395236286878,173.9200948279616,-145.3888578154696
2057,-98.69,-13.51,7.59,99.89917066722826,171.07641179223015,150.67245831128974
2058,-87.88,-3.86,11.9,88.76600700718716,171.8979528292283,107.97149458703882
2059,-82.26,-5.61,8.11,82.84896981858013,173.16406047886178,124.67310538730698
2060,-75.6,-9.73,13.94,77.48778290801717,167.32690459220441,124.9147091845001
2061,-78.07,-9.13,10.65,79.32026411958043,169.81365108476737,130.6057248452209
2062,-77.93,-5.36,14.1,79.37647321467489,169.0450940427671,110.81389226936928
2063,-78.69,-2.35,11.7,79.58975185286106,171.3765625556784,101.35701198644267
2064,-87.57,-7.2,14.97,89.1316206517081,169.25897738191193,115.68578271874901
2065,-73.88,-4.86,12.04,75.01223633514734,170.032461853187,111.98168737387596
2066,-79.97,-12.46,19.99,83.36697547590413,163.58757904988667,121.93576817408092
2067,-81.41,-8.9,17.12,83.66536021556352,166.66622242339437,117.4681087519773
2068,-89.04,-8.12,13.06,90.35828462293871,170.20086670770237,121.87110881208721
2069,-84.7,-3.42,12.37,85.66681562892366,171.38386603678097,105.4548093286033
2070,-86.42,-7.41,7.88,87.09431037674045,172.86566889441414,133.23933685195632
2071,-85.31,-9.64,6.81,86.12259749914654,172.1230356446834,144.76141102233925
2072,-89.7,-9.56,8.3,90.5890368642917,171.96630178315834,139.0354573359929
2073,-80.82,-8.14,3.87,81.32102372695513,173.63660933175342,154.57218465756156
2074,-76.17,-9.73,3.21,76.85600757260293,172.33897740526984,161.7418894412174
2075,-74.54,-4.26,1.85,74.68454793329073,176.43468204505857,156.52602900811124
2076,-80.92,-5.9,2.96,81.18878001300426,175.33654281797774,153.35731231283134
2077,-70.24,-6.74,0.63,70.56544550982441,174.49512093794664,174.65997560375803
2078,-78.03,-3.52,-0.16,78.1095186260932,177.4144262231896,-177.3974377975002
2079,-75.99,-10.02,0.19,76.64800454023575,172.48700963608843,178.91368326940108
2080,-70.22,-6.9,-1.04,70.56585576608562,174.32500643610564,-171.42863364605884
2081,-74.36,-7.93,-1.87,74.8050225586491,173.74713856623129,-166.73129325339553
2082,-74.1,-4.86,1.78,74.28053580851446,176.0045123330181,159.8844835267643
2083,-73.58,-1.39,0.86,73.59815283008126,178.72741947968908,148.25471257764477
2084,-73.76,-6.96,-1.14,74.09641556782623,174.53812789251072,-170.6979452887012
2085,-71.67,-6.0,-2.72,71.97212863324248,174.74825728039923,-155.6136288981986
2086,-66.77,-5.37,1.12,66.99495652659235,175.3033578380405,168.21892943980507
2087,-67.78,-2.93,0.02,67.8433025434346,177.52469628005232,179.60890860294296
2088,-72.26,-3.22,-1.98,72.35880319629396,177.0054824001094,-148.41235764186843
2089,-73.79,-1.51,-2.41,73.84478519164371,177.7928280874832,-122.06944853305724
2090,-76.57,-7.83,-2.11,76.99822010929863,173.9544990114974,-164.9183916713959
2091,-63.11,-14.41,-2.36,64.77723211129046,166.97252094541972,-170.69894672973197
2092,-62.06,-14.43,4.07,63.84538667750396,166.41823216929967,164.24882633654698
2093,-68.91,-7.89,18.52,71.7901845658583,163.71536509854997,113.0752614546299
2094,-70.71,2.02,22.48,74.22489407200254,162.29695979093614,84.86532599508257
2095,-67.17,-1.41,22.82,70.95455869780321,161.20230414014685,93.53569131665351
2096,-70.59,-4.46,21.06,73.79948035047401,163.0404249121425,101.95719690773613
2097,-71.63,15.93,17.67,75.47748472226668,161.6270151687098,47.96445477447087
2098,-65.58,18.07,9.52,68.68691068900974,162.70120688249054,27.782058352942826
2099,-59.89,26.52,-9.03,66.11855564060667,154.93086217212831,-18.80359250353876
2100,-47.52,12.91,-11.12,50.482401884221005,160.27411005664408,-40.73989260635005
2101,-42.56,10.95,-16.68,47.0050901498976,154.88177962305852,-56.716109260867
2102,-45.31,10.54,-8.85,47.35409380402079,163.10399522973202,-40.01878354008326
2103,-48.38,11.31,-5.18,49.953707570109344,165.58008934412507,-24.60786348896157
2104,-50.9,-0.64,-6.96,51.37763326584828,172.18129381044128,-95.25380275126226
2105,-50.0,19.58,1.55,53.71944619967708,158.55385409393156,4.526232944481027
2106,-37.58,26.3,-1.36,45.888952918976045,144.978173283005,-2.960186915089165
2107,-23.75,30.96,11.79,40.76258333324815,125.6365941769621,20.847531567233812
2108,-26.41,23.49,-13.07,37.6841226513236,134.49328413567625,-29.09186829498044
2109,-36.68,27.39,-39.67,60.57510544770022,127.26693810237556,-55.3770092554268
2110,-35.21,5.0,-40.1,53.598079256630086,131.0658912775611,-82.89256983210305
2111,-48.35,5.87,-29.18,56.77721197804627,148.38328601045004,-78.62588963546357
2112,-40.74,1.27,-22.13,46.37992453637673,151.4496296777719,-86.71550314877649
2113,-35.44,17.32,-37.64,54.52289060568964,130.541769342745,-65.2905345592873
2114,-33.88,8.35,-28.11,44.80791224772697,139.12301945205436,-73.45608936223476
2115,-22.87,-0.56,-43.39,49.05142811376647,117.79084842015104,-90.73942971200717
2116,-35.27,-10.83,-27.86,46.23247127290515,139.71908470070372,-111.24256554224262
2117,-30.74,-16.62,-21.38,40.96677190113959,138.62193793597183,-127.86013826225744
2118,-26.84,-40.29,-11.2,49.69013684827201,122.6936759989102,-164.4648877912679
2119,-5.9,-31.81,-4.43,32.65441777156653,100.40937001606291,-172.07173134911318
2120,-23.75,-11.47,24.0,35.659828939578496,131.7602816005612,115.54391285776885
2121,-43.12,-10.66,22.91,49.97837632416643,149.6293899589751,114.952511607449
2122,-24.27,12.18,8.49,28.451105426678943,148.54413868953193,34.878206517077444
2123,-16.71,0.77,15.08,22.52162072320729,137.89810849162953,87.07695832649208
2124,-11.18,3.29,-10.36,15.593142723646185,135.80585361252815,-72.38183994942499
2125,-4.78,-2.31,-21.66,22.301123290094605,102.37674956436213,-96.08748196167598
2126,-3.4,12.32,-6.69,14.425619570749813,103.63240452189868,-28.502822269880994
2127,-8.54,4.26,-2.5,9.865556243821226,149.95563218094367,-30.406731781100692
2128,-4.46,1.86,2.72,5.545232186302031,143.54218057941787,55.634760938740314
2129,0.95,5.91,4.52,7.500733297484986,82.72370139894582,37.40895493445683
2130,12.55,-5.66,7.2,15.536347704656976,36.120098087987785,128.17128172740678
2131,4.29,-15.65,-14.74,21.92245880370174,78.71498160949434,-136.71515578367192
2132,12.25,-28.8,2.43,31.39119940365452,67.03076779665554,175.17709194353483
2133,-4.43,-30.31,16.68,34.878982209921205,97.29687950034564,151.1754206756555
2134,0.22,-29.07,36.33,46.5293692198809,89.72909328729672,128.66557764079027
2135,10.06,-17.85,33.95,39.65385983734749,75.30370751403892,117.7341905049854
2136,16.08,-25.71,46.06,55.146115910370334,73.04688975488851,119.16959851218155
2137,14.2,-0.03,50.77,52.718438899497016,74.37408270267524,90.0338560800736
2138,12.22,29.1,35.03,47.1512385839439,74.97941605723393,50.283027236612085
2139,16.89,8.41,36.82,41.372848584548784,65.90575623278067,77.13387181138235
2140,17.84,22.67,14.09,32.104868789639994,56.242507614489476,31.86203597890559
2141,14.12,10.99,-3.25,18.18562619213317,39.06446701324433,-16.474180482500724
2142,12.09,19.43,-16.84,28.412648591780385,64.81675261023564,-40.91550585222345
2143,27.48,7.12,-26.21,38.6368852264258,44.664312364171195,-74.80223811457347
2144,21.53,4.08,-25.41,33.55376878980959,50.08453456894699,-80.87806649811067
2145,25.93,-14.63,-43.91,53.05176622884482,60.74036911562789,-108.42711939149862
2146,17.65,-6.1,-20.69,27.87128629970278,50.70834003747555,-106.4270150033065
2147,-1.37,-16.34,-5.68,17.353238890766182,94.52808770858972,-160.83187281335262
2148,23.99,-4.69,-5.85,25.134412664711302,17.356268709786242,-128.71947890478623
2149,24.42,-8.91,-19.29,32.370180722387076,41.027202803348644,-114.79209031082236
2150,32.3,-6.31,-6.84,33.61386172399713,16.07230279545405,-132.69198963612982
2151,39.82,-0.34,-11.48,41.44319485753964,16.08881754898334,-91.69641744208862
2152,45.07,9.63,-1.56,46.1137224695643,12.2134291122242,-9.20162531364481
2153,38.88,18.75,-28.61,51.7856061082614,41.34133643727858,-56.76055892488161
2154,41.21,16.96,-42.48,61.56668011189169,47.98265347120979,-68.23580764353115
2155,41.02,10.13,-47.86,63.84228144419653,50.01994561328706,-78.04921214148554
2156,30.5,-9.76,-78.68,84.94733662687725,68.95838185304858,-97.07123434387817
2157,70.9,31.26,-70.77,104.93993758336242,47.497329703097265,-66.16834883145532
2158,61.5,67.34,-28.86,95.6547186499443,49.98879256991773,-23.198590513648185
2159,65.45,24.71,-36.1,78.72418052923766,33.75885972211785,-55.60884614726578
2160,76.22,20.93,-23.23,82.38438080121742,22.305185825546207,-47.981461219982194
2161,80.04,44.4,-15.92,92.90429484151959,30.5109944870979,-19.725729733325455
2162,92.69,26.65,-15.47,97.67793763179073,18.38931514018511,-30.134642492260287
2163,86.58,36.44,-8.62,94.33066521550666,23.38838057968164,-13.308858478444426
2164,78.55,61.77,-18.88,101.69606580394347,39.430137919060556,-16.995771928026233
2165,94.77,39.18,-16.84,103.92310089676886,24.227356493114183,-23.25857129423217
2166,91.33,26.52,-10.41,95.67051478904041,17.325070059490827,-21.431692145505576
2167,90.69,42.99,-9.2,100.78420610393276,25.862513006792568,-12.079283048034235
2168,96.56,46.42,-14.14,108.06752333610686,26.681625897549466,-16.941264365281608
2169,97.22,28.39,-25.08,104.33947910546611,21.288171369254407,-41.45768963920442
2170,101.38,14.19,-39.3,109.6528636196976,22.39879350595492,-70.14693520315213
2171,96.96,9.13,-28.67,101.52126575255058,17.240164651032927,-72.33585392399449
2172,86.43,5.6,-24.26,89.94471913347665,16.07013678964284,-77.00193352541484
2173,88.78,2.64,-29.39,93.55549208892015,18.3855636355943,-84.8670981536628
2174,88.53,-8.36,-20.84,91.3332146592903,14.23208492413448,-111.85826932165186
2175,87.89,16.13,-22.21,92.07666968347628,17.344295407483862,-54.010992605889854
2176,100.23,28.29,-24.47,106.9820447551831,20.464960158667925,-40.85882070040412
2177,98.42,24.71,-23.5,104.16011952758119,19.110069768070545,-43.562262158675466
2178,101.81,20.0,-23.57,106.39934680250627,16.889512901322206,-49.684186717923524
2179,94.93,26.7,-24.21,101.54171064148959,20.790143430767962,-42.19990388849495
2180,93.75,26.01,-31.51,102.2666255432338,23.54862209668552,-50.46195449788178
2181,87.7,22.36,-33.23,96.41313447865907,24.546129606869325,-56.0639442111809
2182,79.02,18.04,-41.34,90.98679904249848,29.717790129914405,-66.42444706034406
2183,86.05,14.46,-33.65,93.52014007688396,23.05597950146919,-66.74594806005557
2184,89.98,7.35,-32.8,96.05343773129621,20.48395563408444,-77.36950579311986
2185,103.19,2.21,-23.82,105.92663782071061,13.052183379654672,-84.69931934273424
2186,93.81,2.57,-23.4,96.71856595297513,14.08693703837021,-83.73237874804313
2187,97.53,1.4,-16.62,98.94587055557194,9.704425094226504,-85.18500779368418
2188,107.19,-4.22,-9.78,107.71793211903021,5.674926013724487,-113.33985201123363
2189,91.1,-1.11,-5.14,91.25163943732736,3.3035701579272247,-102.18607714235414
2190,97.03,1.63,-4.01,97.12650462155014,2.554340400501933,-67.8790549445747
2191,100.4,4.46,-4.92,100.61937189229518,3.784131816226809,-47.80756508380095
2192,97.05,7.94,-10.87,97.97909470902454,7.8966828621608744,-53.85371042639561
2193,99.42,6.4,-8.49,99.98688163954309,6.104044845204531,-52.98998880093974
2194,109.15,7.99,6.76,109.65062790517891,5.477154238275815,40.233143599098604
2195,107.72,17.0,-15.02,110.08269073746335,11.892177788982528,-41.46154344377865
2196,111.49,11.01,-18.46,113.54299538060461,10.912091622115856,-59.18710569998873
2197,106.6,11.17,-16.94,108.51401983154066,10.777259801974722,-56.599698161289
2198,111.68,7.1,-17.05,113.1968855578633,9.390375793030422,-67.39206670099848
2199,93.65,4.49,-10.48,94.34147020266326,6.941265618600262,-66.8080081019524
2200,97.24,-1.48,-11.3,97.9055565328138,6.684559115149103,-97.46175301309516
2201,80.88,2.98,-5.55,81.12494869027653,4.453560021731972,-61.76700611774783
2202,93.27,0.4,-5.83,93.4528854557204,3.585103581899812,-86.07505128569619
2203,102.95,0.74,-2.7,102.9880580455812,1.5576892100236694,-74.67308211207784
2204,102.61,5.26,4.2,102.83053875187079,3.75315655086089,38.60663353198981
2205,116.72,8.46,-2.24,117.0476296214494,4.287945472796011,-14.830202892995853
2206,106.9,8.44,-8.94,107.60468019561232,6.5607785107912875,-46.6478705591143
2207,105.97,2.09,-3.58,106.05105091417057,2.2401998523234505,-59.72366501490113
2208,99.07,3.99,-3.93,99.22817089919575,3.235497995793937,-44.56594936786059
2209,103.38,9.05,-7.79,104.06733877639036,6.588782210692014,-40.72099679883406
2210,86.44,5.98,-5.45,86.81783514923647,5.347391288437658,-42.34514196977472
2211,86.7,-0.23,-7.96,87.06494415090381,5.24784486371128,-91.65507081910513
2212,97.42,1.21,-8.17,97.76947069509991,4.845859611747887,-81.57557260028554
2213,99.4,1.88,-10.14,99.93354792060573,5.923277891964942,-79.4963831941825
2214,91.83,-1.01,-4.95,91.96886157825377,3.1489294655690316,-101.53235286106671
2215,104.38,0.95,-8.69,104.74541994760439,4.7873212756629435,-83.76113974434553
