Year,Month,t,p,tn,pn,td,pd,td2,pd2,indx,tc
1976,6,184.409677419355,130.735483870968,4.45312764467507,-95.4267766926837,1.63748753887227,0.193187422762721,93.8211249826452,11.0688239793135,1,175.590322580645
1976,7,275.1125,258.3375,4.74406387922873,-99.5040351966613,1.4938672475190202,0.41773170422936795,85.5922884356651,23.93426362115,2,84.88749999999999
1976,8,161.951162790698,132.279069767442,3.93488744035847,-55.5859024866245,1.70681984075638,-0.111097865499506,97.7935732645317,-6.36543880603432,3,161.951162790698
1976,6,184.409677419355,130.735483870968,4.45312764467507,-95.4267766926837,1.63748753887227,0.193187422762721,93.8211249826452,11.0688239793135,4,175.590322580645
1976,7,275.1125,258.3375,4.74406387922873,-99.5040351966613,1.4938672475190202,0.41773170422936795,85.5922884356651,23.93426362115,5,84.88749999999999
1976,8,161.951162790698,132.279069767442,3.93488744035847,-55.5859024866245,1.70681984075638,-0.111097865499506,97.7935732645317,-6.36543880603432,6,161.951162790698
1976,9,171.045,122.2525,2.7276314807843,-1.27613779897765,1.52586024623748,-0.078007041468023,87.42535223620001,-4.46947424841835,7,171.045
1976,10,212.37301587301602,190.534920634921,4.02718998686273,-33.3004654290235,1.59649983759595,0.08562323257540799,91.47270268756951,4.905849854837929,8,147.62698412698398
1976,11,198.08666666666699,153.306666666667,4.86377008421753,-66.4862301779359,1.6890608158539502,0.006040517907674,96.77605608935521,0.3460961821830039,9,161.91333333333301
1976,12,154.684444444444,174.34666666666698,4.307649207983951,-110.33785220316099,1.5445772520378198,0.026943787950232,88.49775767368129,1.54376533364382,10,154.684444444444
1977,1,191.65,102.49107142857099,1.9654658021332498,-6.69736255273281,1.5579192321197501,0.062167309413252,89.2621968227236,3.5619244530586402,11,168.35
1977,2,205.54509803921601,153.586274509804,4.493291786229769,160.203463620674,1.48119244626986,-0.188934283118589,84.8660758179207,-10.8251370280249,12,154.45490196078399
1977,3,198.641935483871,214.729032258065,2.7696970858710896,-32.593534935375196,1.31984653155469,0.072704659786241,75.62163586306379,4.1656701566860805,13,161.358064516129
1977,4,211.11724137931,115.789655172414,7.67680216057426,-50.727987894257204,1.56629068462144,-0.19206651606662803,89.74184571946479,-11.0046007563994,14,148.88275862069
1977,5,194.660377358491,114.439622641509,7.362133642588789,-86.964557291819,1.4704849281065602,0.077322693957946,84.2525802181043,4.43026402437206,15,165.339622641509
1977,6,181.798648648649,139.028378378378,6.38661992182071,-85.4082844634671,1.60658318921915,0.071278484006653,92.0504361789249,4.0839563036718,16,178.201351351351
1977,7,194.29206349206402,126.47619047619101,6.07607026046489,-96.26869622437891,1.49063270798527,-0.034651898600002,85.4069629717128,-1.9854075418952901,17,165.70793650793598
1977,8,179.82525252525298,190.24949494949502,3.98739448681895,-93.1613981822595,1.4390920849371398,0.031462437770365004,82.4539027975805,1.8026648974348998,18,179.82525252525298
1977,9,168.798095238095,205.36380952381,8.05809853522869,-137.480215662478,1.6253044319807801,-0.144485173121857,93.1230843764064,-8.278390622100401,19,168.798095238095
1977,10,198.75267175572498,226.183969465649,6.85087141742594,169.76641563428998,1.47108519736123,-0.190405249050273,84.28697311296821,-10.9094171677179,20,161.24732824427502
1977,11,179.537362637363,150.859340659341,7.024320366717089,141.63930208347202,1.74236915706481,-0.014432131217851,99.8303990535807,-0.8269002081619321,21,179.537362637363
1977,12,184.58091603053398,180.060305343512,9.779511821264759,122.576162212723,1.5961429445363102,0.07097482258706099,91.4522542215145,4.06655778592943,22,175.41908396946602
1978,1,197.43482587064702,157.16069651741302,9.28112578900777,103.365028374275,1.60988325045593,0.008259665987007,92.2395157599274,0.47324400124365,23,162.56517412935298
1978,2,194.12789855072498,160.281884057971,7.0256623437032495,114.95296142658998,1.5996973433779698,0.019178302754829,91.655906273848,1.09883580607401,24,165.87210144927502
1978,3,198.691176470588,171.83594771241798,5.258622862324731,82.65963961815109,1.5374162521384298,-0.05723931636304799,88.08746260235321,-3.2795712498166503,25,161.308823529412
1978,4,203.362373737374,183.077272727273,7.486962957038981,-30.972787540332998,1.6102227210628601,0.028779425095857,92.258965992973,1.6489395948055101,26,156.637626262626
1978,5,189.868666666667,181.463666666667,10.244229969162001,-41.2287783617235,1.5552964544696,0.007677694804242999,89.11192273276899,0.439899508672724,27,170.131333333333
1978,6,201.80372492836702,155.880229226362,8.79584457188577,-26.8975436164774,1.53899480743219,-0.00791173696033,88.1779071584135,-0.45330913644462706,28,158.19627507163298
1978,7,188.505653710247,202.42826855123698,19.179786525992,-50.167028279964796,1.5999323058147201,0.035213501741036005,91.66936862981791,2.01758503163823,29,171.494346289753
1978,8,201.341007194244,201.640647482015,19.119790283255803,-76.46394332427042,1.5516517270166401,-0.041741027146878995,88.9030952322385,-2.3915846880569305,30,158.658992805756
1978,9,191.411917098446,180.661658031088,18.5653315706687,-86.860466137402,1.52249298300184,0.052027007366375,87.2324222642885,2.98092794278916,31,168.588082901554
1978,10,188.95723981900503,174.445248868778,18.751874266125604,-57.4859540502445,1.5587183940583602,0.010784609853604,89.3079854289538,0.617912628306354,32,171.04276018099497
1978,11,193.464885496183,181.707124681934,24.661647575923,-64.8026794164611,1.55719541146631,0.00029617056283499997,89.2207249541572,0.016969323266141,33,166.535114503817
1978,12,192.982808716707,178.772639225182,40.024336014805996,-51.2392724440914,1.58031908137333,0.010004853683100999,90.54561364668291,0.573235890687688,34,167.017191283293
1979,1,196.74277673546,173.687242026267,37.3761498793261,-74.80918868134,1.6065306701916,-0.02667822782635,92.0474270603023,-1.52854985933829,35,163.25722326454
1979,2,191.527182044888,177.42044887780602,53.7374573162829,-105.775237476388,1.56151840326951,-0.056239224140898,89.46841413935041,-3.22227018636382,36,168.472817955112
1979,3,186.23294573643398,188.79457364341,57.5160981552215,-129.75260334308,1.5079781412970001,-0.009728097541084,86.40078309430099,-0.557378931795988,37,173.76705426356602
1979,4,198.38503184713403,200.05222929936298,74.336419813157,-138.950817829008,1.55390751914197,-0.025540933619266005,89.03234260047908,-1.4633877012078402,38,161.61496815286597
1979,5,193.254666666667,183.516888888889,73.9963178644921,-148.16082942512898,1.5910290765618202,-0.030772207304482005,91.1592511695887,-1.76311760484828,39,166.745333333333
1979,6,192.28830548926,185.980190930788,67.8552788211325,-144.253876074148,1.4685389259014898,-0.042389271083402,84.14108250483059,-2.42872632971481,40,167.71169451074
1979,7,193.056085918854,178.11193317422502,62.46363333495071,-152.14013921123,1.56336625108914,-0.034596777204422995,89.5742880205977,-1.98224931856732,41,166.943914081146
1979,8,196.182272727273,181.61204545454498,60.04360393663361,-170.011632577423,1.5484846233327498,-0.030205770740401,88.72163355787109,-1.7306631803652,42,163.817727272727
1979,9,195.52716297786702,180.68088531187098,69.1073574572801,75.7454942283153,1.50063878654852,0.007318780998108,85.9802690428635,0.41933526237280294,43,164.47283702213298
1979,10,192.151162790698,184.166860465117,97.29175878413089,116.836126574251,1.5366414508690398,-0.013614883444786003,88.04306975965531,-0.78007535994881,44,167.848837209302
1979,11,197.105338809035,203.985626283367,141.472420746977,151.923684349881,1.55419427690049,0.006423393971488001,89.0487726097851,0.36803336471596704,45,162.894661190965
1979,12,203.42275862069,208.747816091954,92.62405567214691,-116.14201597622801,1.52883256639677,0.05931211500351401,87.5956536366889,3.39833386369529,46,156.57724137931
1980,1,178.66111111111098,195.25061728395,90.08787984976549,-110.217926769506,1.53326806840954,-0.005090862441538,87.8497891820425,-0.291684931981614,47,178.66111111111098
1980,2,184.801444043321,197.161010830325,99.3058627353566,-162.385351531532,1.59745427778374,-0.04402369217197401,91.5273880821273,-2.52237176003726,48,175.198555956679
1980,3,171.04892966360902,205.30550458715598,105.740136658525,-154.445228273699,1.55133884306024,-0.08818003188139399,88.8851683020595,-5.05234366413287,49,171.04892966360902
1980,4,178.544,175.566545454546,112.209499405977,-152.720397478142,1.6083752416260002,-0.023583258070857004,92.15311321850392,-1.3512211546279198,50,178.544
1980,5,179.323966942149,178.815426997245,136.473680067153,57.917728918351095,1.5499437908908302,-0.016868721104023,88.80523770055201,-0.966506525043688,51,179.323966942149
1980,6,193.553216374269,175.727485380117,166.49126383340402,89.65780582822241,1.63870349077843,-0.072758405719895,93.8907938949592,-4.16874957185071,52,166.446783625731
1980,7,179.61085714285701,170.287714285714,163.012012457706,77.9184801963374,1.49196934514745,0.040938870274483,85.4835466398462,2.3456244847614904,53,179.61085714285701
1980,8,186.25471124620097,171.75136778115498,162.978550760471,-3.5786531430797006,1.55008331828907,0.077519693477768,88.8132320315976,4.441551265424071,54,173.74528875379903
1980,9,183.94831460674197,192.938483146067,172.15851674923198,0.18251240095957502,1.59861794257542,-0.128481733230775,91.5940611634588,-7.36146105864986,55,176.05168539325803
1980,10,182.5535,195.37525,152.169590513786,-28.854641690679802,1.4812370040976297,0.049015340584243,84.8686287933965,2.80837214687349,56,177.4465
1980,11,191.43626760563401,212.87183098591598,144.613229892709,-27.7278791314165,1.6080252320525,-0.014189540582706998,92.13305914715309,-0.8130007886185829,57,168.56373239436599
1980,12,179.98036809816003,187.77852760736198,148.466609493978,-20.7291390026665,1.5094683070783999,-0.00424039117465,86.48616330435,-0.242956517791912,58,179.98036809816003
1981,1,194.49061488673198,179.774110032363,146.52790835527,-16.1479307099743,1.5579329829996598,0.017770378024861998,89.2629846901069,1.01816766117662,59,165.50938511326802
1981,2,187.013385826772,165.41496062992098,140.13344472652201,4.73434796519104,1.4687270900937501,0.048160002329249996,84.1518635189027,2.75936487480432,60,172.986614173228
1981,3,180.792022792023,150.542165242165,160.573441929711,5.570885898056201,1.59643349539677,0.059988128274159,91.4689015595523,3.43706657099876,61,179.207977207977
1981,4,197.828104575163,207.480718954248,140.910818076218,18.2800012179407,1.54261678033762,0.009493739664354,88.385430919405,0.5439512145634671,62,162.171895424837
1981,5,180.14088235294102,204.84470588235297,150.489619973683,-7.879363266163581,1.43071523341602,0.037361171825848,81.9739445598127,2.1406374632842,63,179.85911764705898
1981,6,186.58173515981701,179.43196347031997,144.020878591074,-11.3977001455001,1.60472723972043,0.022635891861787,91.94409810565858,1.2969410691949,64,173.41826484018299
1981,7,190.198830409357,194.99795321637401,147.53602782256598,-28.770884377351,1.58211033851753,0.011472231925247,90.6482451210685,0.657310470911913,65,169.801169590643
1981,8,186.57032967033,191.285714285715,166.111809239377,-39.1115474902998,1.61217767909834,0.06780925767227901,92.37097683753152,3.88518427653664,66,173.42967032967
1981,9,182.240689655173,190.118850574714,168.88882894498002,-40.782889589446896,1.5600809352011102,0.049392694376048,89.38605328584629,2.82999292652691,67,177.759310344827
1981,10,193.040848806366,175.606631299735,163.948212548404,-51.5600750887874,1.64202641151319,0.0005235021904140001,94.0811832287173,0.029994466076795,68,166.959151193634
1981,11,188.43993902439,170.802743902439,163.878191247479,-48.6994584666987,1.5285438524341797,-0.0037351965812899997,87.579111545146,-0.214010999759798,69,171.56006097561
1981,12,187.312834224599,202.62486631016102,166.264867190444,-60.58584810821011,1.61804692499304,0.019930830755517,92.70725985622221,1.1419524844811002,70,172.687165775401
1982,1,177.24970588235297,200.43470588235297,156.993923169002,150.254855114312,1.5623573599157599,0.074516552330589,89.516482814375,4.2694839524085,71,177.24970588235297
1982,2,177.87859078590802,214.419241192412,152.188403960209,135.11192155386001,1.52468667923338,-0.04216206524103201,87.3581117998896,-2.41570839386644,72,177.87859078590802
1982,3,186.78308457711398,199.30447761194,152.899429094529,100.602011171133,1.57612655956353,0.011483910899618,90.30539984146499,0.6579796268524201,73,173.21691542288602
1982,4,188.17601078167098,190.39245283018903,142.4231790215,99.75684007205791,1.53813266563311,0.058947757625115005,88.1285100719842,3.37745772367923,74,171.82398921832902
1982,5,170.94028268551202,186.236395759717,135.436503376765,101.768129335136,1.5724471114324599,0.053532947463234996,90.0945829926172,3.06721195453866,75,170.94028268551202
1982,6,180.616236162362,175.54797047970402,132.51927820921998,94.67186245158742,1.5335906822150502,0.055734316473245005,87.86827359151128,3.193341107962,76,179.383763837638
1982,7,175.314468085106,215.84510638297903,133.86310048361202,81.0591299573572,1.53774611915771,0.011510107983551,88.1063625903583,0.6594806091970989,77,175.314468085106
1982,8,179.358745874587,177.851155115512,135.831112175648,56.670166992393206,1.56339573256722,0.005913739794499001,89.5759771848654,0.338832331364012,78,179.358745874587
1982,9,181.38874598070703,155.956270096463,140.796786801504,56.9851763445724,1.60882833956061,-0.015366932744301,92.1790738178631,-0.8804603903070479,79,178.61125401929297
1982,10,190.35590277777803,131.21388888888902,145.64011193464398,34.546075060180605,1.65671296936196,0.005496991492253,94.92266100902651,0.314954412525641,80,169.64409722222197
1982,11,182.71508771929797,177.75754385964902,154.916738137751,34.837974086995395,1.6305022186644798,-0.12601461294968302,93.4208956161919,-7.22010547899145,81,177.28491228070203
1982,12,185.500709219858,184.33900709219898,161.940932035173,55.10653953506699,1.50851646155518,-0.021467947689410998,86.43162657312071,-1.23002279741131,82,174.499290780142
1983,1,172.532209737828,175.658052434457,163.006216961202,73.0124813279606,1.54691747463578,-0.098011109910046,88.6318425516658,-5.615622943238731,83,172.532209737828
1983,2,172.96086956521702,181.17515527950297,161.979455087583,99.80437462199629,1.52200700603509,0.013264885039299,87.204577835153,0.760021928477986,84,172.96086956521702
1983,3,193.63448275862098,181.681280788177,166.102791740709,92.4407293121655,1.60984919750675,0.10812651636922802,92.2375646696594,6.19519304140658,85,166.36551724137902
1983,4,176.98200836820098,192.88912133891202,158.772939531046,71.7804360077984,1.55622204865511,0.025329802476716,89.1649553731403,1.4512907778157902,86,176.98200836820098
1983,5,191.09594095941003,167.657564575645,155.54814375824301,70.1857502338074,1.53298404047293,-0.018353819373345,87.8335155800111,-1.05159638803816,87,168.90405904058997
1983,6,172.375107296137,165.475965665236,167.85351180284098,69.5305982893661,1.5740829789750799,-0.039196286039278,90.18831129865231,-2.24578176263811,88,172.375107296137
1983,7,184.534496124031,184.937984496124,168.00953910392099,32.8540441341899,1.5256095021085398,0.018408965377427,87.41098565587428,1.05475602132923,89,175.465503875969
1983,8,171.159670781893,195.289711934156,165.87402708728902,57.589024614722604,1.5858564590441901,-0.010066645527278,90.8628820167931,-0.5767763025672379,90,171.159670781893
1983,9,179.94011627906997,186.977906976744,172.259539386592,39.555315565333096,1.5389197339496399,-0.053959657795185,88.17360576470959,-3.0916606556344197,91,179.94011627906997
1983,10,175.109714285714,157.648,176.32271988468702,30.3872481470983,1.6263543813097798,-0.020346702899402002,93.1832420416603,-1.16578020314239,92,175.109714285714
1983,11,163.079611650485,119.955339805825,176.053859608382,110.220937740375,1.61612194179517,-0.071424408809868,92.5969664433508,-4.09231717902244,93,163.079611650485
1983,12,180.17692307692298,142.771794871795,173.324279797438,119.346445961403,1.59169233877367,0.022217152370358997,91.19725329503859,1.27294906362056,94,179.82307692307702
1984,1,175.46274509803902,163.718954248366,172.462263591205,-123.385538541832,1.46478448365447,0.014094035838007,83.92596880965071,0.807528769823946,95,175.46274509803902
1984,2,179.09886363636397,199.082954545455,166.75635620992202,-156.669775783491,1.5563798498655301,-0.11330494904059199,89.1739967164996,-6.4918953779706206,96,179.09886363636397
1984,3,183.424686192468,188.529288702929,161.779102637645,-165.902853868306,1.5557566814208998,-0.141584091020036,89.13829179469671,-8.112170861644179,97,176.575313807532
1984,4,185.29022556391,208.53007518797,163.162852692629,-163.22853659912099,1.5307418867036497,0.078408355050722,87.705049632012,4.49246782296989,98,174.70977443609
1984,5,185.666025641026,217.775641025641,160.148897882951,-141.683805198998,1.6283742151663998,0.04879828083603201,93.29896999696251,2.79593553939781,99,174.333974358974
1984,6,167.364748201439,192.33956834532398,160.030109643647,-145.777247074769,1.64981396569664,0.0057695511632600005,94.5273772161585,0.330570931339546,100,167.364748201439
1984,7,178.25,163.959090909091,159.379507943845,-137.66517518435302,1.6239128175166002,-0.11015263931121001,93.04335074089899,-6.31128133475922,101,178.25
1984,8,176.04588235294102,134.370588235294,160.54949615178802,-138.608031361612,1.59519724431779,-0.202009166789718,91.3980695903085,-11.5742726800052,102,176.04588235294102
1984,9,179.56226415094298,138.641509433962,161.596258467751,-143.057539295733,1.5669617097995099,-0.05361847589440799,89.7802926301153,-3.0721123726735495,103,179.56226415094298
1984,10,197.146153846154,190.620512820513,166.263075327016,-150.86014681923,1.76850588822472,-0.11252127626347,101.32792343931101,-6.44699423532238,104,162.853846153846
1984,11,197.15,160.203125,168.510819876111,-152.59291957016399,1.67495771139277,-0.07053965875730701,95.96800772569729,-4.04162473508677,105,162.85
1984,12,170.677777777778,192.155555555556,171.384624575737,-148.250700847027,1.5108323503518701,0.008733310134888001,86.56431722699249,0.500381811907947,106,170.677777777778
1985,1,186.08684210526297,153.12368421052602,173.65146418051103,-153.90141843323798,1.68710880991594,0.20844269981334101,96.6642143875225,11.9428869696175,107,173.91315789473703
1985,2,193.09607843137297,176.28431372549,174.98587051512402,-145.392062632907,1.4972669648137302,-0.05918471855595,85.7870778881894,-3.39103458491916,108,166.90392156862703
1985,3,174.770175438596,248.668421052632,176.403426901278,-121.24749651831301,1.73261444315755,-0.19812735020849898,99.27149511633681,-11.351860973057198,109,174.770175438596
1985,4,178.81,205.628,176.65099315814498,-106.875594330779,1.5148824017854599,-0.114185956965263,86.7963680809482,-6.542373413772419,110,178.81
1985,5,171.3275,180.275,176.206575980807,-80.3832305160869,1.54768652868128,0.09990682371732,88.6759061026904,5.72423934356014,111,171.3275
1985,6,175.53815789473703,184.08421052631599,175.82250970907398,-51.88236020301971,1.6157825607473897,-0.054760897355852996,92.5775213416662,-3.13756830083623,112,175.53815789473703
1985,7,175.98720930232602,154.481395348837,175.842954870438,-47.1558285618445,1.5188793699007699,0.126510571753636,87.025377484804,7.248521825269299,113,175.98720930232602
1985,8,189.78717948718003,111.54358974358999,174.52724246393998,-56.6446765132279,1.5866489255456497,-0.07750963809033401,90.9082870027326,-4.44097513416265,114,170.21282051281997
1985,9,176.06666666666698,157.07333333333298,172.445936524792,-40.6693530359748,1.55753859643873,0.186207671240246,89.24038800466879,10.668913675025099,115,176.06666666666698
1985,10,180.005714285714,46.40571428571429,174.436091492162,-72.16934224096829,1.64749660683585,0.16005247320090502,94.3946023338183,9.17033121504255,116,179.994285714286
1985,11,177.039473684211,68.85,175.272535657934,-55.621234753677996,1.36355195493454,0.16042731190438,78.12577216456191,9.191807890749821,117,177.039473684211
1985,12,182.407407407407,66.537037037037,176.415065411684,-87.20489657189091,1.79742176758443,0.144770593367738,102.984681287532,8.29474399757608,118,177.592592592593
1986,1,171.266666666667,108.855555555556,175.754900813256,-103.88493661684299,1.5131532550585702,0.09122212114998199,86.69729527133872,5.22664254012499,119,171.266666666667
1986,2,186.927027027027,79.5513513513514,174.955582062349,-130.172557872542,1.4902414615709298,-0.07834819513164,85.3845462034213,-4.48902091351142,120,173.072972972973
1986,3,186.7,97.3666666666667,175.295844937869,-162.110310932045,1.6045185588933,-0.17042973744979698,91.93214157499908,-9.764904659395961,121,173.3
1986,4,170.736538461538,157.598076923077,176.257614147098,-162.359261756624,1.3842760683013502,0.057745703673731,79.31317639463091,3.30858510551808,122,170.736538461538
1986,5,180.44871794871798,99.7205128205128,177.265756047666,125.70527521037901,1.62404593516328,-0.199905533806298,93.0509778202329,-11.453743388410699,123,179.55128205128202
1986,6,183.2,137.966666666667,178.517046596735,-169.077195280131,1.9976616109713998,-0.782750533368213,114.457579203966,-44.84830197361261,124,176.8
1986,7,179.281818181818,179.09545454545503,177.40730483033198,178.047251264362,1.78136528668612,-0.157571159546466,102.064712698227,-9.02816241499541,125,179.281818181818
1986,8,167.995833333333,235.5625,178.07802103492298,154.365679966624,1.48790536038977,0.024452839138852996,85.25069746522541,1.4010444797683501,126,167.995833333333
1986,9,169.38333333333298,147.24166666666702,178.080956248657,148.646000839846,1.7559542291612398,-0.29698070944929805,100.608766349087,-17.015741248245803,127,169.38333333333298
1986,10,174.30609756097599,148.41097560975598,176.749821334995,-31.145194958696397,1.5183717115898503,-0.030701869163764,86.99629080615341,-1.75908752624679,128,174.30609756097599
1986,11,215.27894736842097,156.889473684211,176.63301723721,-7.494439872748081,1.7447593095577498,-0.009366287853313,99.9673447038185,-0.536648763700034,129,144.72105263157903
1986,12,141.377777777778,220.938888888889,176.21054031703,174.97544706964,1.2989222831636698,0.029690773453326002,74.42276474077529,1.7011560093546298,130,141.377777777778
1987,1,163.06875,154.3375,177.266032374903,-157.540818230268,1.51599326892864,-0.090467355405003,86.8600160798525,-5.18339764841672,131,163.06875
1987,2,110.073333333333,181.96,177.25698078917702,-147.375499892231,1.4961529436548102,0.115261640715489,85.7232491774952,6.60400555275113,132,110.073333333333
1987,3,204.761538461539,202.35961538461498,178.512640513111,-121.996582361124,1.3779384119962201,-0.090636932485711,78.950055436342,-5.19311369944411,133,155.238461538461
1987,4,175.72264150943403,169.831132075472,176.690721252697,-86.55260253258959,1.5406427332214099,-0.07248725631605,88.27232635108659,-4.15321385539276,134,175.72264150943403
1987,5,179.634722222222,222.708333333333,176.149987627463,-149.003493525554,1.62180639093956,-0.139524519020985,92.92266138818079,-7.994166078495059,135,179.634722222222
1987,6,175.61521739130401,242.847826086956,174.933635252942,-150.757821950781,1.4301660911291498,0.019011165143086997,81.9424810244224,1.0892595263248501,136,175.61521739130401
1987,7,179.698648648649,196.737837837838,175.06827007057203,129.395826117063,1.43781542693913,-0.008157443893745,82.3807556824124,-0.46738710672644196,137,179.698648648649
1987,8,185.02,179.114,172.30201834714902,130.457042615373,1.5054092321398702,0.093408049561738,86.2535954416448,5.35188701243639,138,174.98
1987,9,168.497752808989,196.99550561797798,165.192972823113,118.974904501111,1.60410177339308,-0.013076493446946003,91.9082615248744,-0.7492278853405779,139,168.497752808989
1987,10,177.865909090909,220.90757575757598,165.96935610123998,97.0444918115491,1.5401978029040302,0.065600246873764,88.24683372172309,3.75861728088217,140,177.865909090909
1987,11,178.13534482758598,208.48534482758598,168.260031243316,57.64090216827721,1.61001079735821,0.012423543069373998,92.2468236591178,0.711816584474001,141,178.13534482758598
1987,12,185.20315789473702,184.564210526316,172.642342098384,77.4287557843462,1.41430542890751,-0.066886335565066,81.0337320188399,-3.8323047349735297,142,174.79684210526298
1988,1,195.36728395061698,165.769135802469,171.252942091902,63.333707537967996,1.5665365705969798,-0.016364699492996997,89.7559339481045,-0.937628213948894,143,164.63271604938302
1988,2,183.046666666667,181.255,172.100145623405,48.47303934598661,1.6038773403097,0.00278031308547,91.89540245641349,0.15930020552226298,144,176.953333333333
1988,3,180.352229299363,218.55987261146498,166.096348924145,64.88466722868431,1.59251358479923,0.081390759505976,91.2443072262448,4.663347011056531,145,179.647770700637
1988,4,180.412626262626,214.03282828282798,162.505182892775,43.4792565548937,1.5540505338901103,-0.029695533965889996,89.04053674195579,-1.70142876663286,146,179.587373737374
1988,5,185.40898876404498,170.233707865168,169.213209895905,-77.0700269852253,1.58782688527298,-0.071322428173841,90.97577912354521,-4.08647411898602,147,174.59101123595502
1988,6,176.546696035242,183.93612334801702,174.501374197107,-113.39970684948901,1.59484668322628,0.048206206844089,91.3779839193037,2.76201219850065,148,176.546696035242
1988,7,181.102510460251,174.042677824268,155.996117218255,-167.131323865544,1.5488639643729198,0.066838399480542,88.74336819846951,3.82955819964383,149,178.897489539749
1988,8,177.481818181818,191.720948616601,142.99035476376002,-64.5930733213781,1.6139550656305302,0.029016893277144,92.4728135843891,1.6625455193619099,150,177.481818181818
1988,9,186.54373088685,205.704281345566,148.008597382174,165.590117228672,1.5899510615798402,-0.01135054588556,91.0974854608699,-0.650338374412022,151,173.45626911315
1988,10,170.214953271028,163.548286604362,145.31437161300502,35.7168084812532,1.6894079918521,-0.008168350057372,96.7959478087974,-0.46801198387285603,152,170.214953271028
1988,11,187.158544303797,165.425316455696,153.687363404418,-169.999876800285,1.5761300474910602,0.038351312127639,90.30559968499159,2.19736832370256,153,172.841455696203
1988,12,183.258838383838,181.205555555555,138.82130952731399,-165.037361364711,1.53123243010154,0.077089499706774,87.7331556983791,4.41690297797324,154,176.741161616162
1989,1,170.581901840491,200.303680981595,134.765572876155,-143.334689624977,1.55566200581489,0.00792666006361,89.1328672820496,0.454164167279678,155,170.581901840491
1989,2,179.39972067039102,193.377094972067,115.067649871465,-155.52453189167602,1.5318227001936,0.05653734093097,87.7669756834268,3.23935102023673,156,179.39972067039102
1989,3,175.12005571030602,184.83286908078,130.409207274621,-145.673991299452,1.53391874101102,0.0018102724590899999,87.8870699759522,0.103720971675594,157,175.12005571030602
1989,4,186.900621118012,186.987577639752,104.642458293283,168.29844127783198,1.60225123660855,0.042724298442158,91.8022335772871,2.4479219833930497,158,173.099378881988
1989,5,180.026130653266,175.816582914573,103.062990176866,138.685499206221,1.56548764589725,-0.021131738881151,89.6958349897831,-1.21075945166227,159,179.973869346734
1989,6,176.09029535865002,191.17510548523202,109.094664196041,118.94483201109699,1.55624281353513,-0.033470775072301,89.1661451131279,-1.91773414867462,160,176.09029535865002
1989,7,179.583333333333,195.797435897436,125.616069971697,82.2703262361638,1.6011685893656498,0.0033043664990020003,91.74020245956751,0.18932625435724698,161,179.583333333333
1989,8,170.07322175732202,185.21129707113,150.396825055002,-24.485659681710402,1.53575200354669,-0.015531148737278,87.99210818198559,-0.8898692736357349,162,170.07322175732202
1989,9,179.476819407008,177.42857142857102,131.655489793895,-93.1284306673786,1.53926034137464,-0.041163783334151,88.1931211326334,-2.3585110538367005,163,179.476819407008
1989,10,167.73705357142902,191.723214285714,118.486068932829,-122.73548456332199,1.55290609022239,-0.011241860381142001,88.9749649499048,-0.6441111537148749,164,167.73705357142902
1989,11,174.037958115183,174.531413612565,82.8006425835402,-81.93296002401159,1.52341091263102,0.08822726778955599,87.28501575793041,5.05505008231208,165,174.037958115183
1989,12,182.874162679426,167.74401913875602,82.4165632751807,-122.45296962228998,1.6053084628942298,0.001455414029401,91.97739974047279,0.08338908132866701,166,177.125837320574
1990,1,179.059049773756,169.122398190046,72.9036591735368,-138.611953913582,1.54916916666897,0.05404355646597,88.7608550019312,3.09646769537704,167,179.059049773756
1990,2,183.604956268222,203.215160349853,82.6231636426915,-52.737450810885804,1.5470999001838501,0.027265638256552996,88.6422947656456,1.5622059978312999,168,176.395043731778
1990,3,178.917847769029,197.311548556431,81.7037778485168,164.201022417449,1.57882796403951,-0.007321167214649999,90.46017891669649,-0.41947198250926704,169,178.917847769029
1990,4,175.54538043478297,189.83125,84.1319893855865,166.196383196415,1.4916463792521202,0.003775779023635,85.4650420571169,0.21633620242833604,170,175.54538043478297
1990,5,179.267267267267,193.256756756757,71.1590697989657,157.15723121276,1.48948541865105,0.024224468045976003,85.3412281349814,1.38795977998397,171,179.267267267267
1990,6,168.676731301939,168.227700831025,40.735039805780204,-32.004023110666196,1.57275698934941,-0.04718621957976099,90.1123376894227,-2.70357123309789,172,168.676731301939
1990,7,185.27660098522202,152.099014778325,57.8078557295763,-130.17362394118,1.5509500884021599,-0.055370941097142995,88.8628943008856,-3.1725212325338594,173,174.72339901477798
1990,8,182.902918287938,181.77898832684798,66.1493040247058,-110.34442008424999,1.55215414365231,-0.032307971147368,88.93188158501958,-1.8511103913745799,174,177.097081712062
1990,9,179.264583333333,193.294212962963,78.7156977578873,-150.525172597293,1.5401256025665,-0.018276936231047,88.242696947103,-1.04719130846928,175,179.264583333333
1990,10,177.22345971564,173.707109004739,75.8361325212237,-116.896303350091,1.57205222101438,-0.041014453068403,90.0719574382913,-2.34995505985685,176,177.22345971564
1990,11,180.861388888889,189.718888888889,51.2526514799255,173.080112944033,1.5802489830828703,-0.14408269878159602,90.54159731048848,-8.255330541041971,177,179.138611111111
1990,12,182.88223350253799,171.198477157361,46.7286082791325,44.43543364123121,1.54449786012276,0.037071530732563994,88.4932088520212,2.12404225106539,178,177.11776649746201
1991,1,181.27036011080298,197.48670360110802,43.1789130693131,-106.033320850431,1.57633192347132,-0.059365859205660995,90.3171663266459,-3.4014131796524,179,178.72963988919702
1991,2,184.245124716553,191.113378684807,65.694561016764,-73.0846320446657,1.5208613110473999,-0.043624036680888004,87.13893434774928,-2.4994731871390097,180,175.754875283447
1991,3,178.864525139665,178.76703910614498,63.571242684590594,-63.67250716258489,1.53228608299097,0.076650588752858,87.79352556201509,4.39175523273137,181,178.864525139665
1991,4,175.055635491607,199.30791366906502,56.3500654034,-53.241429010653896,1.6178199359469099,0.005409867714981,92.69425434188291,0.309962587792456,182,175.055635491607
1991,5,190.493841642229,163.602346041056,48.6237346141469,-61.668614015804394,1.5722766157789099,0.059377753884319,90.08481431124359,3.4020946945380404,183,169.506158357771
1991,6,171.812300683371,200.559225512529,47.3395261901159,-69.8647897659353,1.57211387720597,-0.045227738009387,90.0754900778503,-2.59135850486142,184,171.812300683371
1991,7,180.040256959315,217.828907922913,55.5955139711245,-68.0272555568333,1.61886789506096,-0.04040280771443,92.7542979762208,-2.3149103625154104,185,179.959743040685
1991,8,174.164271047228,193.79733059548198,45.4073743472569,-79.1601175475637,1.5562376748001399,0.021970047560764,89.16585068530078,1.25879100093355,186,174.164271047228
1991,9,183.40523415978,192.67493112947702,38.176548868614205,-93.85331586825751,1.5738522647642699,-0.016195961646665,90.1750923480987,-0.9279602475096279,187,176.59476584022
1991,10,180.247107438017,162.17024793388399,39.786161780069705,-87.09758415799891,1.58292680524819,-0.095975672346961,90.6950252188481,-5.49900096141129,188,179.752892561983
1991,11,182.080615384615,150.82830769230802,38.676971088124496,-88.16044657827891,1.54844956299477,-0.030074717353512997,88.7196247484771,-1.7231543744050901,189,177.919384615385
1991,12,181.589850746269,193.097014925373,31.400434097633198,-86.75273912443241,1.52060960086142,0.11988298635025099,87.124512416432,6.8687891532937595,190,178.410149253731
1992,1,172.769249394673,178.189588377725,27.418094116690803,-95.89498855395529,1.5921906977303002,0.081433783124867,91.2258071599362,4.66581208283854,191,172.769249394673
1992,2,182.034259259259,188.591898148149,17.4802742944618,-68.8373124299032,1.6032617336718602,-0.0056909807220469994,91.8601307942253,-0.326069176662935,192,177.965740740741
1992,3,194.60847457627102,176.036723163842,16.1431702204414,-76.07966029561629,1.62438762304014,0.024117191479139002,93.0705550934877,1.38181328546352,193,165.39152542372898
1992,4,175.19243027888402,197.417928286853,17.8472824004497,-95.8355693609169,1.60106198482999,-0.03480452567432,91.734094469597,-1.99415242909321,194,175.19243027888402
1992,5,176.97799999999998,175.144,9.671379232147881,-107.282294879303,1.59942947322005,-0.047888279972440995,91.6405584443413,-2.7437963305600297,195,176.97799999999998
1992,6,183.3,173.82692307692298,6.09970807250875,10.1021767082323,1.5401718037191299,-0.033556017119772,88.24534407815771,-1.92261815823167,196,176.7
1992,7,191.94502617801004,167.62303664921498,8.19972646999665,74.29452373521791,1.5543700709368,-0.11490179260398199,89.05884486612891,-6.58338777469577,197,168.05497382198996
1992,8,200.04285714285703,148.16770186335398,7.55052468572216,69.7292687551062,1.5269092754376101,0.049990397517292,87.48545718195369,2.8642387939220297,198,159.95714285714297
1992,9,179.727058823529,151.088235294118,10.1194981617604,61.4795815093052,1.57881193191822,0.123612471809226,90.45926034380992,7.082472929848519,199,179.727058823529
1992,10,184.501754385965,190.684210526316,12.9198464404394,38.521433722901605,1.52121285442844,0.04298057586470801,87.1590762997988,2.4626055980896,200,175.498245614035
1992,11,185.70728155339802,207.25728155339803,11.7968815920463,64.36653358264749,1.6374570950623102,-0.014200960126871,93.81938068082229,-0.8136550803032779,201,174.29271844660198
1992,12,196.978723404255,191.157446808511,16.0392830525018,9.213153318593688,1.57007920833884,-0.035950223159907,89.9589121390571,-2.05979605961618,202,163.021276595745
1993,1,192.40372340425498,182.23936170212798,10.838012934925098,9.02592780366925,1.63928808853394,-0.033261995768385,93.9242888790629,-1.9057719757104798,203,167.59627659574502
1993,2,185.88225806451598,205.56451612903197,13.2657052967926,-35.3706793373272,1.57655271519423,0.08597698520364999,90.3298167605196,4.92611838742899,204,174.11774193548402
1993,3,185.115340909091,200.60227272727298,12.2206174948489,-55.8110505344794,1.53565481783153,0.025347346339977,87.9865398506781,1.4522959671371298,205,174.884659090909
1993,4,208.436477987421,165.96855345912,10.240550865493999,-65.4802020984524,1.5754681722430302,-0.044164503394705,90.26767702671542,-2.5304396488077403,206,151.563522012579
1993,5,173.257037037037,148.696296296296,11.6724241943469,-70.0082588690125,1.65126608534899,-0.016650779143425002,94.6105775435864,-0.9540193705226301,207,173.257037037037
1993,6,205.932110091743,127.917431192661,9.86024352444223,-99.22340110364841,1.65710421543282,0.071288315170203,94.945077757638,4.08451958785105,208,154.067889908257
1993,7,182.41616766467098,145.197604790419,7.20136495238938,-107.770865179612,1.44417084227366,0.129677212286264,82.7448941581339,7.42995696302501,209,177.58383233532902
1993,8,182.15317460317502,168.698412698413,8.70455474450814,-141.978977593412,1.53109227675266,0.10846329415640801,87.72512550300378,6.2144889872506,210,177.84682539682498
1993,9,208.612903225806,221.032258064516,8.95542338954341,-156.859616158851,1.4227685987733603,-0.014599616564593,81.51863593345558,-0.8364964116604491,211,151.387096774194
1993,10,193.90569105691102,201.0,11.1562151818594,-18.801272356383897,1.7772615896132902,-0.0029162354754440002,101.82958817555401,-0.167087984809133,212,166.09430894308898
1993,11,159.81818181818198,201.92207792207802,11.5699825606181,171.186608840611,1.4934096801998897,-0.0137409049182,85.5660717594355,-0.7872958585034681,213,159.81818181818198
1993,12,198.49243697479,174.806722689076,15.1827788664154,171.91720170368,1.63407013400944,-0.107528876605216,93.62532210711771,-6.1609508052633,214,161.50756302521
1994,1,199.483458646617,130.586466165414,15.605904515359,161.547194024259,1.59456004537676,-0.03371109201613,91.3615607802772,-1.9315032953011702,215,160.516541353383
1994,2,180.8,171.428571428571,14.6630110173845,148.234120586845,1.61893239132446,-0.067131832419221,92.7579933399131,-3.84637066860101,216,179.2
1994,3,207.77,149.82,15.316501492697899,150.30033427856898,1.5837515517453,0.020255496386354,90.74227971230059,1.1605544548806201,217,152.23
1994,4,185.70625,119.015625,14.0559917076075,142.49005167806,1.5691906227814099,0.12896824044409402,89.9079999368802,7.389335868674769,218,174.29375
1994,5,166.52972972973,171.09459459459498,15.7199848272999,129.331183461036,1.46489535946706,0.06061136633717801,83.93232152576199,3.4727754816420298,219,166.52972972973
1994,6,192.915476190476,152.440476190476,12.2054461255156,121.16888050994,1.68760955776938,-0.059016430029885006,96.6929051261248,-3.38139236264144,220,167.084523809524
1994,7,192.643269230769,179.31730769230802,9.771984514859179,106.009072982595,1.5087724343061701,-0.10910802342788,86.44629273142309,-6.25142925343208,221,167.356730769231
1994,8,182.14729729729697,213.66216216216202,7.083954178668081,144.583327339172,1.4929551265995702,0.084364846220364,85.5400277565751,4.83374962769728,222,177.85270270270303
1994,9,202.797435897436,127.807692307692,6.17779552065318,147.783220741273,1.5979600318645,0.104112473270409,91.55636565642651,5.965205313063411,223,157.202564102564
1994,10,181.17758620689702,178.76724137931,7.060455906637549,159.938882996461,1.61847578851168,0.10822200208313001,92.7318319258273,6.20066396981937,224,178.82241379310298
1994,11,181.90135135135102,161.418918918919,7.356073957402611,165.701429596699,1.6004800973376399,0.022272938934439997,91.700754772134,1.27614539829597,225,178.09864864864898
1994,12,188.226865671642,171.477611940299,3.00968041506411,127.149793312101,1.6966918396830601,0.033283442349631,97.2132815481267,1.9070007743005701,226,171.773134328358
1995,1,178.76571428571398,107.114285714286,3.6692376290203397,166.547679438747,1.7855949183049598,0.12308721147407198,102.307052738881,7.05237772949865,227,178.76571428571398
1995,2,181.503296703297,147.824175824176,2.9073751250105797,138.303442754913,1.44724395364817,0.061490065455251,82.920970469867,3.52312123256914,228,178.496703296703
1995,3,188.738202247191,196.87640449438203,4.75822513459296,54.5031455353181,1.56849995455935,-0.005476743649245,89.8684275627121,-0.313794296576785,229,171.261797752809
1995,4,211.32142857142898,98.42857142857142,2.94419254210895,-16.2505135557796,1.6195988483040402,-0.04657552241669,92.79617851207041,-2.66858086309313,230,148.67857142857102
1995,5,173.335714285714,79.8333333333333,3.0121471070451302,-15.6624731003063,1.3456185225687,-0.147950886705096,77.09826217781558,-8.47696138342037,231,173.335714285714
1995,6,193.212765957447,131.404255319149,3.7249095312326097,-25.7995006320433,1.70541708960367,-0.013282196814551,97.7132015437742,-0.761013820135369,232,166.787234042553
1995,7,181.14888888888902,167.422222222222,5.85352469953973,-24.7725640038225,1.4641679768522502,0.129454238043312,83.8906455718421,7.41718147996359,233,178.85111111111098
1995,8,183.251020408163,142.326530612245,4.9805337209235905,-38.479961622178294,1.5778483998418102,-0.025807014288983996,90.4040540224058,-1.47863300059268,234,176.748979591837
1995,9,187.616666666667,71.0277777777778,3.15546774481965,-53.9903494850002,1.7436613461276103,-0.027271435579986,99.904436033212,-1.56253815999529,235,172.383333333333
1995,10,190.359016393443,125.147540983607,2.56308041988759,-95.8984913772636,1.62611162366322,-0.10149977775174601,93.1693330530683,-5.81550888669093,236,169.640983606557
1995,11,165.216666666667,120.11111111111099,3.7536817509905296,-32.958254287474105,1.2432237455255,0.004858086863787,71.23147360905729,0.278347873802961,237,165.216666666667
1995,12,194.391666666667,198.361111111111,2.65260229508048,-25.631815473206895,1.5794290349043798,-0.073156537440073,90.4946177404415,-4.19156083910703,238,165.608333333333
1996,1,229.429032258064,192.032258064516,2.40496933152463,26.127874994441104,1.49727211089113,-0.120953661433779,85.7873727367053,-6.930134316809929,239,130.570967741936
1996,2,208.189473684211,224.789473684211,0.69692942633444,-91.3142500152407,1.44425476994319,-0.11242304581329199,82.74970285938241,-6.441366045107549,240,151.810526315789
1996,3,226.973913043478,237.565217391304,2.80148958010375,44.0494795967439,1.56531135541643,-0.15259594215942002,89.68573428926359,-8.74310345655717,241,133.026086956522
1996,4,249.766666666667,224.27777777777803,2.84303699247253,96.5186333141086,1.5117493710378997,0.06394146898713,86.61685864202829,3.66357630882918,242,110.23333333333301
1996,5,170.673913043478,257.391304347826,2.45863395113895,45.0616746581095,1.6569867847836501,-0.207890744964525,94.938349477055,-11.9112622862979,243,170.673913043478
1996,6,179.992682926829,196.14634146341498,1.5875128530875098,-23.666912997483603,1.5873763888617098,-0.033198363515638,90.9499675804936,-1.9021261161871998,244,179.992682926829
1996,7,195.211111111111,237.833333333333,3.2251048212648397,72.13477697732391,1.47755621910954,-0.47594239846473,84.65773534828391,-27.2694907233624,245,164.788888888889
1996,8,211.847368421053,174.815789473684,4.16447773450506,36.532779500603205,1.6998392860668599,-0.031556589122667004,97.3936169421621,-1.80805937255734,246,148.152631578947
1996,9,231.93333333333302,218.333333333333,5.07900634810159,27.824096384253302,1.3378332793369399,-0.098313750055881,76.65220059815341,-5.63296294630592,247,128.06666666666698
1996,10,168.05,233.75,,,,,,,248,168.05
1996,11,160.425,248.2,2.5196108166671003,17.1789720079925,1.59823966324639,-0.28353108506987895,91.5723873544279,-16.2451345352689,249,160.425
1996,12,201.36875,265.4375,6.35651136445524,5.40415582598266,1.54235323197633,-0.122569909632081,88.37033071060591,-7.02273851721758,250,158.63125
1997,1,178.7,120.8,6.10839425540468,-28.8469771052199,1.75351756991271,-0.005031770134198,100.469156058035,-0.28829919216986893,251,178.7
1997,2,247.46,188.0,2.8371214060042798,-37.143021644645295,1.59329380019813,0.073119438689357,91.28901027571301,4.18943523745664,252,112.53999999999999
1997,3,194.948148148148,211.555555555556,1.8853067854396999,51.75169748728501,1.52048716100153,0.233707665401318,87.1174971292165,13.3904628673511,253,165.051851851852
1997,4,200.465909090909,202.409090909091,1.7885055682608402,132.944198240803,1.61758033075573,-0.025202706955787003,92.6805259756788,-1.44400874087182,254,159.534090909091
1997,5,178.809375,140.34375,2.58851464317572,83.7068105969631,1.53081188970195,-0.10228118153209599,87.709060508368,-5.86028002540039,255,178.809375
1997,6,199.988636363636,162.272727272727,1.57402819790369,75.07517888617491,1.6013603065289097,0.037317325116105006,91.7511870438826,2.13812523187036,256,160.011363636364
1997,7,177.02894736842097,180.131578947368,2.54798880888337,16.4081834761379,1.5639741329468402,-0.059251319124821,89.6091170854865,-3.39485051643528,257,177.02894736842097
1997,8,168.47397260274,166.780821917808,1.66206262193242,-63.57067066847841,1.4906943071585501,-0.14151412015468803,85.410492344363,-8.108161826370731,258,168.47397260274
1997,9,185.86086956521703,196.88043478260897,5.74677576203171,-47.0409525814528,1.5229305543860001,-0.09365099287133198,87.2574932578367,-5.36580663873706,259,174.13913043478297
1997,10,160.185507246377,226.652173913043,7.80470226031343,141.352365964416,1.58606050205085,-0.0029686486591670004,90.87457281991439,-0.17009103902733602,260,160.185507246377
1997,11,180.07901234567902,175.296296296296,2.11411180888741,-150.221438636026,1.52715912359427,0.080634228358416,87.49977242684909,4.62000096923096,261,179.92098765432098
1997,12,206.617924528302,235.31132075471697,6.05197456839237,-0.09192342604431401,1.50522033374717,-0.033041897422088996,86.24277236098591,-1.89316126939006,262,153.382075471698
1998,1,186.22403846153802,212.961538461538,8.40421031023843,-61.804203768333394,1.49408408202986,-0.05602873434791599,85.604712137989,-3.2102100095951402,263,173.77596153846198
1998,2,175.25294117647098,154.401960784314,13.574357142303601,-55.25916288214889,1.54199658307361,-0.012535704977176002,88.34989623371159,-0.7182429884134292,264,175.25294117647098
1998,3,185.96258992805699,147.762589928058,11.469312690116501,-25.712785106477497,1.6407306357817901,-0.034537068901960996,94.0069407481127,-1.97882828483486,265,174.03741007194301
1998,4,187.044444444444,126.24444444444401,9.4823584543189,-69.8005560033379,1.6729964583007197,0.095299702157738,95.8556362009658,5.460270722491059,266,172.955555555556
1998,5,189.96972477064202,183.559633027523,7.14869271520582,-85.0397556081408,1.5258348328619502,-0.07261188817380901,87.423896157039,-4.16035473483511,267,170.03027522935798
1998,6,181.55989010988998,181.93956043956,9.425919366433359,-4.10721343944705,1.53728507902281,-0.011754997084334,88.0799469364422,-0.6735117211210029,268,178.44010989011002
1998,7,177.59552238806,162.845771144279,12.511366112781,32.4970549369405,1.5392459413119999,0.054361746397682,88.1922960698194,3.11469863554784,269,177.59552238806
1998,8,181.16216216216202,169.522522522523,5.679460727541819,15.3677008796349,1.50113709652996,0.020965868825151,86.008820101689,1.20125579750579,270,178.83783783783798
1998,9,189.525,144.141509433962,7.83642107902835,18.024924941005303,1.58798095675154,0.0512380105224,90.9846067690097,2.93572175358061,271,170.475
1998,10,194.433561643836,135.561643835616,10.456487758892198,99.588616663268,1.42976284267053,-0.041189965086094,81.91937658964859,-2.36001115772325,272,165.566438356164
1998,11,184.40242424242402,161.945454545455,18.631395931771397,6.04276688328032,1.60842537181364,0.042256577111882,92.155985466682,2.42112352517977,273,175.59757575757598
1998,12,195.85809523809502,161.480952380952,31.1478438759888,-105.814281938211,1.5969461279008401,-0.01503281702143,91.49827323847691,-0.8613169695203658,274,164.14190476190498
1999,1,208.909696969697,186.327272727273,29.839139966121603,-79.3639090950065,1.5763956722711203,0.034496693442111995,90.32081886382309,1.97651494138964,275,151.090303030303
1999,2,175.68205128205102,212.083333333333,42.631549832778795,-99.23830539382071,1.64368467469198,0.19624830881137698,94.17619471018429,11.244199831472098,276,175.68205128205102
1999,3,193.942458100559,161.312849162011,42.1305404333297,-114.750830503294,1.6201579035861,-0.124049466965506,92.8282100202471,-7.10751090797102,277,166.057541899441
1999,4,191.27,183.68125,40.208328813982504,-115.224833530802,1.5296189398963702,0.047553046214446,87.64070951933711,2.7245888510785496,278,168.73
1999,5,184.391187739464,208.049808429119,29.3902675898115,-109.884643000564,1.6409235533400903,0.033912924760669996,94.0179941099975,1.9430674597305102,279,175.608812260536
1999,6,199.404624277457,215.69075144508702,54.253891280634605,95.213461218139,1.53834131107856,-0.020578582172648997,88.140464575423,-1.1790659068563,280,160.595375722543
1999,7,195.00804195804199,200.702797202797,84.61080629945191,38.194895812869895,1.57142918208261,-0.034275582728744994,90.0362599370285,-1.9638462307086202,281,164.99195804195801
1999,8,188.81176470588198,199.004901960784,102.722676730891,-7.82044099862285,1.6649859699538898,-0.07104513805202299,95.3966690268536,-4.070586565305221,282,171.18823529411802
1999,9,202.796315789474,155.54736842105302,97.9346175227034,-28.3269379235594,1.6303193774934097,-0.06260643874953299,93.41041958876801,-3.5870847106925297,283,157.203684210526
1999,10,184.201824817518,153.744525547445,113.939183335275,7.84813054621801,1.56640882360198,-0.072554891597408,89.7486145844458,-4.15708907156078,284,175.798175182482
1999,11,203.814134275618,188.60070671378102,119.08145449377899,19.4183955847165,1.6243348973468,-0.026683912042683996,93.0675341337875,-1.5288755409441102,285,156.185865724382
1999,12,181.87268518518502,192.111111111111,86.76661788944,39.782920075606796,1.6176483457496298,0.07470966901427499,92.6844229477729,4.28054872333723,286,178.12731481481498
2000,1,197.806766917293,177.52631578947398,99.3697211122517,26.8499000431846,1.4880521022373199,-0.004679694864941,85.2591051537684,-0.268126765170142,287,162.193233082707
2000,2,184.328187919463,194.936241610738,100.787826022435,44.6240014927489,1.53866886806867,-0.023757124335715002,88.1592322085067,-1.36118295780401,288,175.671812080537
2000,3,187.99969879518102,202.144578313253,111.70914588909099,44.148111677746,1.5254676448564801,-0.068589751542875,87.40285783403759,-3.92990328125774,289,172.00030120481898
2000,4,199.971764705882,183.158823529412,116.472732970021,47.4202512766338,1.65621809940498,-0.045239543629921,94.89430704908399,-2.59203491709239,290,160.028235294118
2000,5,196.778289473684,189.4375,120.634875348534,39.1540706522797,1.64091976164658,0.0027620292452509997,94.0177768619619,0.15825261864423198,291,163.221710526316
2000,6,195.091588785047,173.97507788162,108.29514867643299,44.455544886855094,1.59972566478684,-0.0032440724439479996,91.6575289710455,-0.18587165947286602,292,164.908411214953
2000,7,189.200507614213,178.63197969543097,115.099642851089,49.4581230321237,1.5144306844651698,-0.010816965103585999,86.770486584963,-0.6197664475757529,293,170.799492385787
2000,8,187.78385093167702,179.121118012422,126.343743690656,35.3144741152219,1.54794393033852,0.01588944011371,88.6906541312898,0.9103978573412042,294,172.21614906832298
2000,9,189.76164383561698,207.62100456621002,127.28106153143699,11.4203219063525,1.56677243296812,-0.021262721741317003,89.76944786651691,-1.21826421673851,295,170.23835616438302
2000,10,192.8488,216.888,141.382256659461,-9.19972675630289,1.5514208248396901,-0.014788377917248997,88.889865512019,-0.8473116405028109,296,167.1512
2000,11,197.60190114068402,197.77186311787102,147.19512640963498,8.33135510022068,1.46149531431398,0.009984587324996,83.7375132883368,0.572074713902113,297,162.39809885931598
2000,12,193.341635687732,190.57249070632,144.912369220439,4.86425501793241,1.58592651605832,0.020736636512159,90.86689598802809,1.1881217534436899,298,166.658364312268
2001,1,194.77894736842097,177.537593984962,157.530332359776,-141.02181725298598,1.64190701204776,0.041772707586625,94.07434214327259,2.39339984354766,299,165.22105263157903
2001,2,198.576170212766,169.24255319148898,152.73518388053802,12.768499610539902,1.53016870347897,-0.048083689800531,87.67220865235019,-2.7549924889868396,300,161.423829787234
2001,3,188.207299270073,175.29562043795602,169.485339447383,-61.6796688909064,1.53991780493386,-0.03328461773167601,88.23079101976049,-1.90706811873148,301,171.792700729927
2001,4,206.39641577060902,176.42293906810002,157.80545111971,60.326023451162605,1.61027497054694,-0.002752063115902,92.26195966789258,-0.15768160149479502,302,153.60358422939098
2001,5,194.74880952381,161.321428571429,130.463115457793,163.340318808956,1.57492371189347,-0.04439245221042099,90.2364817465736,-2.54350015389327,303,165.25119047619
2001,6,192.67297297297299,175.68168168168202,152.627859734611,159.228933722293,1.5704046350954899,-0.011281965674754998,89.97755771875359,-0.646409017774963,304,167.32702702702701
2001,7,188.091304347826,166.569169960474,140.323073124909,156.889191116976,1.5989074225409199,0.03658316863832701,91.6106471437356,2.09606116419152,305,171.908695652174
2001,8,193.80631578947398,168.91228070175399,156.130688934385,144.246944558447,1.57354980232688,0.061221477359905,90.15776252697522,3.5077322682781804,306,166.19368421052602
2001,9,187.78615384615398,206.181538461538,164.711335166276,59.2420423661676,1.6790034115344599,0.030981424940788996,96.19980926899109,1.77510489240848,307,172.21384615384602
2001,10,186.989275362319,188.669565217391,162.719832247484,-8.126473098552719,1.53992105195324,-0.023406195371270998,88.230977060267,-1.34107620923257,308,173.010724637681
2001,11,187.676226415094,183.62641509434,145.63004917182,-45.576639640005595,1.60492037299978,0.086049880742997,91.955163827449,4.93029499417837,309,172.323773584906
2001,12,186.115909090909,152.110795454545,142.01338552114998,-53.392732505609104,1.5599411570764,0.085287880018357,89.378044589232,4.88663556867003,310,173.884090909091
2002,1,198.35811209439498,158.575221238938,149.353737079657,-28.6359186902107,1.56811732378735,0.05841483687777299,89.84650443436479,3.34692361404144,311,161.64188790560502
2002,2,187.008108108108,175.63513513513502,130.347040977709,-29.983630469030498,1.57303045543083,-0.0478424403004,90.12800614172849,-2.7411699108186203,312,172.991891891892
2002,3,185.440808823529,168.334558823529,143.511844326409,-11.431277388343,1.61359148568316,-0.040371042187984,92.4519819878896,-2.3130903319157903,313,174.559191176471
2002,4,196.05256410256402,187.74358974358998,145.429548441619,0.26958447995790197,1.56318712317968,0.047507850087239005,89.5640247473923,2.7219993037391297,314,163.94743589743598
2002,5,180.930913978495,204.73655913978502,146.961115679424,17.3832251064212,1.51993355426807,0.045256144314824005,87.08577779987871,2.59298606627432,315,179.069086021505
2002,6,185.72437275985698,187.13261648745498,151.246440671956,24.1800645262257,1.6673440476391101,0.024382437403837,95.53177692598058,1.39701075748185,316,174.27562724014302
2002,7,180.362645914397,174.00778210116698,141.032746436075,19.852011099208802,1.6412982887287302,-0.057201055574822995,94.0394648662004,-3.2773790681307204,317,179.637354085603
2002,8,184.48595890411,192.811643835616,148.016366305576,44.68600524653559,1.6376344246629,-0.022556883815119,93.82954091851921,-1.2924142415734499,318,175.51404109589
2002,9,194.483742331288,179.74846625766898,142.784267897192,60.181190209095405,1.5532089152855302,0.036959435256280995,88.9923155479537,2.11761965337194,319,165.516257668712
2002,10,180.65724907063202,196.59107806691398,142.994468672078,68.0624987137809,1.5551852506092598,-0.006765611983968001,89.10555122090608,-0.387641012504526,320,179.34275092936798
2002,11,187.18690476190497,216.496031746032,140.942405971992,86.00773926253359,1.50398567226257,-0.064289242420347,86.1720314687914,-3.68350225877935,321,172.81309523809503
2002,12,189.476033057851,187.96694214875998,136.07640119001002,75.9002342562375,1.57558480722763,-0.049624746045818,90.2743597190765,-2.84328850783377,322,170.523966942149
2003,1,203.72342007434898,181.245353159851,124.648539198123,69.69460546359001,1.5479744448131,-0.10220795036434802,88.6924024818976,-5.856084188559719,323,156.27657992565102
2003,2,199.902027027027,184.97972972973,129.023842669045,66.67692873239001,1.5763749717411102,0.029360906286630004,90.3196328108198,1.6822560129031,324,160.097972972973
2003,3,187.075238095238,169.438095238095,137.175647478501,61.6384326724666,1.61268316576249,-0.007171012022933001,92.39993908998709,-0.4108687237515,325,172.924761904762
2003,4,193.83052631579,207.615789473684,138.661887311476,68.295306246364,1.5230997648117899,0.041078307670624,87.2671883010839,2.35361365906666,326,166.16947368421
2003,5,188.704320987654,188.549382716049,137.306062830081,81.19198025219849,1.6349499793337,0.04518068226223999,93.67573353082241,2.58866240914802,327,171.295679012346
2003,6,186.954335260116,184.624277456647,139.981820077297,93.71109160030451,1.4605067164928702,0.067517541858232,83.68087080555141,3.86847019157461,328,173.045664739884
2003,7,194.666513761468,181.605504587156,135.570790966846,96.67312899775361,1.6120959819707799,-0.07231818468388099,92.3662959369239,-4.14352676443102,329,165.333486238532
2003,8,200.346632124352,171.24352331606198,141.385982957536,109.961344778362,1.63235608492214,-0.00654361207959,93.52711432853751,-0.37492135493121603,330,159.653367875648
2003,9,202.35447761194,211.686567164179,149.144867722913,108.027606539725,1.64764082553182,-0.089434098097158,94.40286545642391,-5.12419636552602,331,157.64552238806
2003,10,191.100666666667,225.06,144.606962422008,122.732329822138,1.3768183121304198,0.005178483752477999,78.88587844139859,0.29670526329411606,332,168.899333333333
2003,11,193.311805555556,217.118055555556,135.111306792206,130.771868111071,1.59974818453925,0.005519162974702,91.6588192578144,0.31622474489528696,333,166.688194444444
2003,12,199.403546099291,184.78014184397202,135.20610679723998,129.553731301097,1.51801187510932,-0.144803171829513,86.975673694504,-8.29661060593887,334,160.596453900709
2004,1,199.89247311827998,172.602150537634,132.337009861176,124.097515413299,1.64240052375556,0.025451377553778003,94.1026182812694,1.4582565166255301,335,160.10752688172002
2004,2,178.50325203251998,161.252032520325,140.056768255256,124.556263180974,1.5171564460775802,-0.021613923172306,86.92666122131278,-1.2383865764928201,336,178.50325203251998
2004,3,186.090625,154.21875,153.512648044489,141.797775717056,1.4842172505792002,0.010975559114221002,85.0393843386988,0.628853215041205,337,173.909375
2004,4,195.985436893204,149.553398058252,145.63967556006202,127.078008706744,1.49759847704734,0.101189375981793,85.80607214003241,5.79772417531911,338,164.014563106796
2004,5,198.013636363636,148.409090909091,153.81850463933,135.743190556512,1.3886263802758203,-0.020075084925582,79.5624309103332,-1.15021763960269,339,161.986363636364
2004,6,182.58,175.28333333333302,160.258590050886,147.393970229501,1.72199888840556,0.019795127457808998,98.6632686318581,1.13417725825555,340,177.42
2004,7,195.77280701754398,181.561403508772,158.088192494938,143.86810058442,1.60398392695221,0.001715238706723,91.9015094211815,0.098275938752737,341,164.22719298245602
2004,8,178.5875,198.791666666667,157.21654250958701,144.018028744534,1.51400180904569,0.006146166253143,86.7459138334895,0.35214938649118793,342,178.5875
2004,9,190.606666666667,183.08,167.248176389674,144.01604533103398,1.6663896737959099,-0.031775058626334,95.4770953326877,-1.82057675306967,343,169.393333333333
2004,10,191.466417910448,180.925373134328,167.079887720165,92.74306364653981,1.45884957735052,0.020307490790117,83.58592372662851,1.16353351477451,344,168.533582089552
2004,11,200.010434782609,145.026086956522,168.165184471117,31.9146297759335,1.5568023336922499,0.130225269156753,89.1982032566832,7.46135830863769,345,159.989565217391
2004,12,203.529850746269,176.850746268657,163.013073319016,37.1242309546751,1.5689785395225302,-0.01863727653727,89.89584846124109,-1.0678372872036301,346,156.470149253731
2005,1,190.714285714286,174.5,158.064775986142,40.163044538438605,1.6266685361828799,-0.024181074010015,93.2012417900025,-1.38547348486736,347,169.285714285714
2005,2,193.197619047619,159.678571428571,151.146853873724,48.6986481377781,1.4763040130872398,0.056962585167342004,84.5859892281252,3.2637157202432996,348,166.802380952381
2005,3,195.245588235294,180.529411764706,159.04098439273898,25.1038628999859,1.5438771833451999,-0.041372707612170996,88.45764669222531,-2.37048153320573,349,164.754411764706
2005,4,182.18125,160.7625,161.178361064573,5.9121114941011905,1.48608485383393,0.010550098239128999,85.1463901230003,0.604476102550437,350,177.81875
2005,5,185.541666666667,154.083333333333,172.838314000667,8.9678344516529,1.55642155074649,-0.040774451327438996,89.17638600098041,-2.33620397302388,351,174.458333333333
2005,6,187.647311827957,138.02150537634398,165.427093621467,19.8176143591992,1.5892380890454798,0.071671051346836,91.05663514374208,4.10644875543929,352,172.352688172043
2005,7,196.45346534653498,81.7227722772277,164.50928004625098,42.163692781420295,1.62483642314438,0.055101443283601,93.0962694453055,3.15708014522979,353,163.54653465346502
2005,8,195.14128440367,111.41284403669701,170.56548332653298,56.732766345498,1.5044544904530799,-0.05034144503041,86.19889277246651,-2.8843523348309903,354,164.85871559633
2005,9,172.263829787234,131.404255319149,174.693115195806,-123.938680511453,1.46614820057084,0.08595939598431,84.00410403340909,4.92511059939399,355,172.263829787234
2005,10,171.16,201.0,168.68588585167802,143.54717329176398,1.7735379865462,-0.01264613040147,101.616241435227,-0.724569899175992,356,171.16
2005,11,192.152941176471,232.666666666667,165.374828929558,45.426103673632205,1.5112121719996003,-0.065712475658956,86.58607940437531,-3.7650475166144104,357,167.847058823529
2005,12,191.0816,186.56799999999998,166.312737251225,-49.6937872153839,1.68001705167952,-0.12690022599575698,96.25788657124839,-7.2708473688132695,358,168.9184
2006,1,226.971428571429,200.938775510204,171.37892779863702,111.59948671759199,1.5826690027847201,0.132906487652039,90.68025422574301,7.61498081236945,359,133.028571428571
2006,2,175.3,205.636363636364,174.403873085937,113.06615744850599,1.54373617232207,-0.514269942352087,88.4495673557351,-29.4654972272109,360,175.3
2006,3,186.109756097561,189.756097560976,172.830545740607,156.969146557738,1.6055912066347802,-0.08825578193251699,91.99359976349008,-5.056683822359901,361,173.890243902439
2006,4,190.633333333333,172.270833333333,172.839750390625,130.41619030318,1.46103586360495,0.12459704133827199,83.71118870181509,7.13888460849985,362,169.366666666667
2006,5,191.62808988764,153.595505617978,176.14251265018,-69.556155752391,1.7585745245083202,-0.135700820213791,100.758898213552,-7.77508427471379,363,168.37191011236
2006,6,159.389743589744,218.07692307692298,176.804221209524,-89.64601436722151,1.92174903545848,0.10309487587620098,110.108109015107,5.906901277131981,364,159.389743589744
2006,7,194.543902439024,162.36585365853702,173.29711663414102,-105.702637276599,1.70323401388493,-0.173015487070564,97.58812051873319,-9.913057199541802,365,165.456097560976
2006,8,186.14705882352902,175.73529411764702,170.024397234382,158.95315648483998,1.35692128399481,-0.10316359801808302,77.74586270437541,-5.910838765820349,366,173.85294117647098
2006,9,181.18148148148202,201.444444444444,172.936725430979,154.827184836917,1.60662167886006,-0.08155359063607902,92.0526414729043,-4.67267654758527,367,178.81851851851798
2006,10,213.95588235294102,236.88235294117598,173.32893049224603,31.4424146511024,1.63667293671099,0.022678118974349997,93.77445171682159,1.2993605045258,368,146.04411764705898
2006,11,169.6875,154.857142857143,167.614510498635,-86.4806425880072,1.57943270465898,0.039943861231509004,90.49482800189209,2.28861466602171,369,169.6875
2006,12,194.239024390244,87.1951219512195,170.628468461142,-52.0094823251029,1.44633993701172,-0.10120729220269502,82.86917413198891,-5.7987506991617,370,165.760975609756
2007,1,181.25873015873,118.80952380952401,176.930359441469,-105.294798650798,1.42701479096248,0.034818328920278,81.76192482489358,1.99494329683015,371,178.74126984127
2007,2,185.72972972973,56.7837837837838,176.41759725347697,-144.770920155506,1.63492516339766,0.04550903933766701,93.6743116824223,2.60747588374325,372,174.27027027027
2007,3,236.934782608696,131.0,176.42072161149,-145.60085054689,1.72037674166471,-0.13402697779363099,98.5703264698565,-7.67918016846861,373,123.065217391304
2007,4,167.70769230769199,281.923076923077,174.36111585474097,-157.097329056149,1.47274506721524,-0.048699476880909,84.3820766501438,-2.79027448977104,374,167.70769230769199
2007,5,208.470588235294,186.088235294118,173.75281935527198,-127.97348627860201,1.47147792079236,0.049855759236167994,84.30947450808809,2.8565245886527997,375,151.529411764706
2007,6,168.0,201.058823529412,171.269715565641,140.62517272911302,1.5166848112902098,0.040228076642047,86.8996385385245,2.3048990095181296,376,168.0
2007,7,205.624137931035,124.172413793103,172.116247251579,110.851082656051,1.55088941795469,-0.30659420128389697,88.85941814030441,-17.5665537567518,377,154.375862068965
2007,8,176.104347826087,118.782608695652,170.372377228721,124.78865502944299,1.5153669742013898,0.073103662813699,86.8241320352495,4.18853134617237,378,176.104347826087
2007,9,231.166666666667,128.888888888889,167.879514923885,126.179379331327,1.20249996072832,-0.34514959093068304,68.8981726143802,-19.7756148609942,379,128.833333333333
2007,10,232.8,66.0,169.813651084767,130.605724845221,0.38934289786670395,0.39097259699349396,22.3077048311551,22.401079712996395,380,127.19999999999999
2007,11,286.58,125.0,171.376562555678,101.357011986443,1.16449786707988,0.662753319766636,66.7208130356632,37.9729680809126,381,73.42000000000002
2007,12,179.45454545454498,262.86363636363603,169.258977381912,115.68578271874901,1.6466246661509198,-0.083869986063907,94.3446438125861,-4.80539622928287,382,179.45454545454498
2008,1,134.218181818182,240.72727272727298,168.86066497986,113.791520246641,1.76795199518208,0.16899236504686904,101.29618770566601,9.68254928711957,383,134.218181818182
2008,2,238.75714285714298,288.428571428571,164.906997638533,120.021056993179,0.9950176724648779,-0.27725541058678305,57.01031317316811,-15.885564873789502,384,121.24285714285702
2008,3,180.39310344827598,222.51724137931,169.469560993707,120.960143282409,1.3644530566890298,-0.004746204922391,78.1774014920061,-0.271937510758132,385,179.60689655172402
2008,4,203.95454545454498,247.090909090909,170.631048281913,115.901545363547,1.3742782366285602,-0.060196381515007,78.7403428354975,-3.4489986027685,386,156.04545454545502
2008,5,122.253846153846,251.84615384615398,172.63769922400903,128.964794156056,1.7810840743072798,-0.10698398335096,102.048600415772,-6.12973072150743,387,122.253846153846
2008,6,120.51,239.7,172.123035644683,144.761411022339,1.62079473532767,0.070519295613987,92.8646977912987,4.0404580129169,388,120.51
2008,7,138.25,177.5,171.966301783158,139.03545733599302,1.4960344053608998,-0.632102123751046,85.716457433543,-36.2167839121758,389,138.25
2008,9,201.1,127.5,172.33897740527001,161.741889441217,2.7229299859019704,0.187009864478065,156.0123961018,10.7148759619066,390,158.9
2008,10,181.84545454545503,153.454545454545,176.334851206233,156.237963853995,1.7863179359537,0.07448279535757,102.34847859866699,4.267549820325351,391,178.15454545454497
2008,11,293.123076923077,182.07692307692298,175.33654281797797,153.357312312831,1.5021339576078998,-0.322486715205855,86.0659360342162,-18.4771277303328,392,66.87692307692299
2008,12,242.4,146.5,174.495120937947,174.659975603758,1.3339935087680501,0.6415057434794089,76.4321979502576,36.7555716347722,393,117.6
2009,1,153.04,20.0,176.42894290577,-106.13521358411998,1.56881580444436,-0.411483577960649,89.8865244280828,-23.576272356087603,394,153.04
2009,2,63.08,224.2,174.325006436106,-171.428633646059,1.8227195842427901,0.15625631073816101,104.434139412951,8.952827127581429,395,63.08
2009,3,0.0,34.0,174.325006436106,-171.428633646059,1.60418216492241,0.0,91.9128676202137,0.0,396,0.0
2009,4,279.55,159.5,176.004512333018,159.884483526764,0.6452130897117789,-0.130449102953201,36.9679869270807,-7.4741830404859995,397,80.44999999999999
2009,5,185.9875,168.625,178.727419479689,148.254712577645,1.5282455447260002,-0.270958786946412,87.5620197724714,-15.524794914013901,398,174.0125
2009,6,174.54615384615397,189.92307692307702,174.538127892511,-170.697945288701,1.43444326887582,-0.006229168186040999,82.1875452575342,-0.356905046937289,399,174.54615384615397
2009,7,207.9,247.285714285714,174.74825728039903,-155.613628898199,1.7038607934540901,-0.097461418466116,97.6240323427309,-5.584127943466799,400,152.1
2009,9,173.00714285714298,227.42857142857102,177.042569105819,-124.98226719581001,1.4822007581535,0.32406346899006894,84.9238478332862,18.5674690674996,401,173.00714285714298
2009,8,69.6,169.0,177.52469628005198,179.608908602943,1.76970693056272,0.456090866267154,101.396738096295,26.1320817115736,402,69.6
2009,10,224.93,214.1,177.71409351874598,-124.703739443938,1.56216967577333,-0.005969676888516,89.50572930513219,-0.342037290768713,403,135.07
2009,11,157.4125,141.3125,174.67418571324401,-156.884214832957,1.56921544354615,-0.056286352946568,89.9094220619437,-3.22497046802216,404,157.4125
2009,12,203.796774193548,200.870967741935,166.97252094542,-170.698946729732,1.42576040544173,-0.016055785103535,81.6900538286722,-0.919928723201401,405,156.203225806452
2010,1,206.558823529412,138.441176470588,166.29184521079202,141.535806457241,1.6816050532763,-0.10122400720153,96.348872360604,-5.799708398049719,406,153.441176470588
2010,2,199.398039215686,196.64705882352902,163.659741360997,111.96898947582399,1.61904089924617,0.07285409167646699,92.7642103858712,4.17423197332264,407,160.601960784314
2010,3,203.10784313725497,235.76470588235298,162.06085759174601,86.7354047899312,1.56962302077005,0.16903772142344597,89.9327745166992,9.685148016071581,408,156.89215686274503
2010,4,205.472,232.56,161.27582897102698,93.8725515402968,1.628891126374,-0.116147471788946,93.3285868275408,-6.65475993462111,409,154.528
2010,5,185.025,225.72727272727298,162.526457732713,82.3234724956397,1.38909446824633,-0.08695082509491,79.5892503754842,-4.98191530311858,410,174.975
2010,6,234.042105263158,187.60526315789502,162.02277001062902,40.528835040223704,1.5654912386653301,-0.079401432920628,89.69604084023109,-4.54936699364307,411,125.95789473684201
2010,7,184.825,218.54545454545502,157.579843323388,-2.92212062064735,1.55974811338029,-0.033659099653717994,89.36698400018341,-1.92852435236824,412,175.175
2010,8,197.90606060606098,190.77272727272702,158.573985729752,-33.7601607554555,1.38609708926202,0.11173790264691001,79.4175132100816,6.40211023331148,413,162.09393939393902
2010,9,216.282258064516,118.5,156.186375695701,-52.850895554128996,1.7421610148725601,-0.020932694106693,99.818473384426,-1.1993550261514099,414,143.717741935484
2010,10,203.389333333333,146.173333333333,162.545261745774,-40.738132795701205,1.72132088770917,0.049889863559687005,98.6244220534477,2.85847862245345,415,156.610666666667
2010,11,189.229577464789,165.85915492957702,166.230912319677,-31.572956092287,1.7046627504345802,0.03571114013818601,97.6699810930642,2.0460976115182503,416,170.770422535211
2010,12,206.46470588235297,216.039215686274,169.24204210688,-73.73261858159229,1.68300017549149,0.21786152230974,96.4288069754393,12.4825457466433,417,153.53529411764703
2011,1,204.929850746269,226.358208955224,154.70403416247498,2.40321835743873,1.53798289278626,0.15432402263133999,88.1199287199741,8.84211517425748,418,155.070149253731
2011,2,202.256578947368,158.644736842105,136.834350501513,7.06411560378366,1.52868613285466,0.187248710008306,87.58726361274721,10.7285608027405,419,157.743421052632
2011,3,185.4408,173.176,130.312926475163,-5.5204715600153,1.5603261924883203,-0.012275713973255,89.4001054932978,-0.703346601177355,420,174.5592
2011,4,202.89416058394198,179.97080291970798,129.851543617936,-45.9757544593548,1.5574016442471101,-0.080401195196604,89.23254122209421,-4.60664915258001,421,157.10583941605802
2011,5,200.508955223881,153.0,130.045276991691,-75.50032967717509,1.6715255521693102,-0.054874068302619004,95.77135948757591,-3.1440525184526606,422,159.491044776119
2011,6,197.383333333333,138.425925925926,143.41255233712099,-79.8505848770917,1.60676856095095,0.122711210930642,92.061057196798,7.03083448526531,423,162.616666666667
2011,7,182.77954545454497,205.090909090909,150.043107369559,-85.04931049880841,1.52887070249711,0.054564499902489995,87.5978386742856,3.12631555565472,424,177.22045454545503
2011,8,180.886885245902,211.532786885246,133.144279621798,-67.7669733110008,1.627975943164,0.105093134058333,93.2761506921269,6.021393037345259,425,179.113114754098
2011,9,200.42552083333302,176.677083333333,133.789976694078,-77.7769244496776,1.6220019283380902,-0.054088507323576,92.93386485585371,-3.09904318980321,426,159.57447916666698
2011,10,198.41578947368401,160.302631578947,126.15820173773001,-98.5629946998597,1.56705855279399,0.052255326951234006,89.7858413249741,2.99400969138262,427,161.58421052631599
2011,11,183.778,179.204,139.179288492456,-119.41841132049,1.61758693943205,0.031869884385858,92.6809046249405,1.8260098688803201,428,176.222
2011,12,195.06009615384602,188.48557692307702,129.73886877876498,-148.27432549959101,1.6006406946409397,0.055332578724619004,91.7099563198141,3.17032323049604,429,164.93990384615398
2012,1,190.779411764706,170.252941176471,106.30815689387501,-170.058155113212,1.57988802553503,-0.129280412398191,90.5209159664141,-7.40722200412909,430,169.220588235294
2012,2,198.896808510638,148.085106382979,126.757476560481,69.6477994205007,1.51045078840338,0.10970304467932901,86.54245533772159,6.285521459861151,431,161.103191489362
2012,3,199.64701986755,171.04635761589398,148.639559664379,111.80208365685499,1.6279746479664698,0.10468549376101101,93.2760764827745,5.99803696874882,432,160.35298013245
2012,4,187.55072463768101,163.71739130434798,147.00123576229998,42.443243011195506,1.4515236082147198,0.072656605068429,83.1661766143044,4.16291682416981,433,172.44927536231899
2012,5,186.75132275132302,177.846560846561,137.52172401602502,58.391248583734395,1.70004923951904,0.046157480728952,97.4056463888664,2.6446288387248997,434,173.24867724867698
2012,6,187.24810126582298,174.56962025316503,130.516438415034,-76.1327326728824,1.5939191553671297,-0.004021354136933,91.3248404875938,-0.230406619973426,435,172.75189873417702
2012,7,184.47950310558997,181.72049689441002,102.938284700652,-65.86328632310891,1.54549160157948,0.065575956201739,88.5501460434186,3.75722552789446,436,175.52049689441003
2012,8,183.201063829787,145.936170212766,124.083616733073,-29.343378064727997,1.5891552144962902,-0.068819199269135,91.0518867818442,-3.94304966759208,437,176.798936170213
2012,9,193.574390243902,154.524390243902,145.92767172388798,23.6315227929458,1.53438907641927,-0.0015729684156829998,87.91401820980059,-0.090124451525754,438,166.425609756098
2012,10,192.26797385620898,163.980392156863,93.85388059537192,40.7443965561558,1.57562835425338,0.05346779603209901,90.27685477986219,3.06347905250562,439,167.73202614379102
2012,11,178.208125,189.05625,39.0328232949225,122.498636302848,1.57222372609907,-0.015424044554758001,90.08178395580921,-0.883732656008733,440,178.208125
2012,12,194.60720720720698,215.81981981982,76.30061029130891,-95.83798204259341,1.6267979908538504,-0.09460268580782101,93.2086589962875,-5.42033462738903,441,165.39279279279302
2013,1,181.44381443299,216.40206185567,71.2430616935609,171.83665315883098,1.51604815420636,0.065638493513393,86.86316077462271,3.76080865191431,442,178.55618556701
2013,2,192.312173913044,182.295652173913,95.52009491119492,145.8905010066,1.5374931538838703,-0.030878001068606005,88.09186874780359,-1.76917914103107,443,167.687826086956
2013,3,184.287719298246,151.005847953216,86.0172981175693,125.852823056138,1.5433634016700102,0.084191904523582,88.4282091706459,4.823840798369731,444,175.712280701754
2013,4,196.061497326203,159.139037433155,74.3985667015457,118.309888903593,1.5877738352222,0.047805638567239996,90.97273957953209,2.7390613268323203,445,163.938502673797
2013,5,183.77149122807,178.425438596491,73.710486228782,104.601727296128,1.5507693192711898,-0.086690960389778,88.8525369926149,-4.9670261522696295,446,176.22850877193
2013,6,197.799324324324,190.601351351351,74.8321728088278,59.9521477661026,1.5621303924382202,-0.099446137918017,89.50347853582491,-5.697843991578339,447,162.200675675676
2013,7,185.936111111111,162.618055555556,68.2371827154526,70.2346964692537,1.61424542610964,0.199384757491922,92.48945001437978,11.4239051035266,448,174.063888888889
2013,8,190.676630434783,170.869565217391,57.2111782036195,36.74957921473,1.53235056456525,0.11664618217536399,87.7972200840778,6.6833339349623095,449,169.323369565217
2013,9,201.468695652174,143.50434782608698,41.0798632773566,-18.3869798592616,1.60904290731922,0.02651672531366,92.19136764485079,1.5192964469805,450,158.531304347826
2013,10,183.51165919282502,173.22869955156997,59.846419814121,-49.2732200873322,1.53494806408982,0.11146883589817,87.94604584412309,6.38669384420146,451,176.48834080717498
2013,11,200.579347826087,167.22282608695699,45.9604524566176,-76.2551535975934,1.57588375636356,0.02534318721688,90.2914882428546,1.45205766693714,452,159.420652173913
2013,12,196.32,162.61,54.36600000000001,-91.948,1.561,0.0928,89.439,5.3164,453,163.68
