indx,Year,Month,t,tc,p,tn,pn,td,pd
1,1976,6,184.409677419355,175.590322580645,130.735483870968,4.45312764467507,-95.4267766926837,85.4486864375248,-1.0539040007344846
2,1976,7,275.1125,84.8875,258.3375,4.74406387922873,-99.5040351966613,88.2843218041372,3.474614111070962
3,1976,8,161.951162790698,161.951162790698,132.279069767442,3.93488744035847,-55.5859024866245,62.7954490667838,
4,1976,6,184.409677419355,175.590322580645,130.735483870968,4.45312764467507,-95.4267766926837,85.4486864375248,-1.0539040007344846
5,1976,7,275.1125,84.8875,258.3375,4.74406387922873,-99.5040351966613,88.2843218041372,3.474614111070962
6,1976,8,161.951162790698,161.951162790698,132.279069767442,3.93488744035847,-55.5859024866245,62.7954490667838,
7,1976,9,171.045,171.045,122.2525,2.7276314807843,-1.27613779897765,111.621097605698,56.748822002203575
8,1976,10,212.37301587301602,147.626984126984,190.534920634921,4.02718998686273,-33.3004654290235,49.6176097341512,1.865334756913688
9,1976,11,198.08666666666699,161.913333333333,153.306666666667,4.86377008421753,-66.4862301779359,6.94822663023131,10.971153467097722
10,1976,12,154.684444444444,154.684444444444,174.34666666666698,4.307649207983951,-110.33785220316099,86.378545244998,39.27424150254819
11,1977,1,191.65,168.35,102.49107142857099,1.9654658021332498,-6.69736255273281,57.643601449285796,-48.73499494370307
12,1977,2,205.54509803921601,154.45490196078399,153.586274509804,4.493291786229769,160.203463620674,49.8610926257055,-24.313451094009142
13,1977,3,198.641935483871,161.358064516129,214.729032258065,2.7696970858710896,-32.593534935375196,52.697990136142394,
14,1977,4,211.11724137931,148.88275862068997,115.789655172414,7.67680216057426,-50.727987894257204,29.8072809516285,-0.7145360564152892
15,1977,5,194.660377358491,165.339622641509,114.439622641509,7.362133642588789,-86.964557291819,54.807824998318004,-18.230240600415804
16,1977,6,181.798648648649,178.201351351351,139.028378378378,6.38661992182071,-85.4082844634671,131.03307099642402,71.42927159920161
17,1977,7,194.29206349206402,165.707936507936,126.47619047619101,6.07607026046489,-96.26869622437891,122.970365161784,-30.02414742027172
18,1977,8,179.82525252525298,179.82525252525298,190.24949494949502,3.98739448681895,-93.1613981822595,27.651683121332997,-46.63859311194666
19,1977,9,168.798095238095,168.798095238095,205.36380952381,8.05809853522869,-137.480215662478,57.36763615075721,24.181463822072995
20,1977,10,198.75267175572498,161.247328244275,226.183969465649,6.85087141742594,169.76641563428998,153.228131962189,9.878736185730721
21,1977,11,179.537362637363,179.537362637363,150.859340659341,7.024320366717089,141.63930208347202,111.192221747152,5.555927840729013
22,1977,12,184.58091603053398,175.41908396946602,180.060305343512,9.779511821264759,122.576162212723,135.866107476977,34.06654451177821
23,1978,1,197.43482587064702,162.565174129353,157.16069651741302,9.28112578900777,103.365028374275,126.611075157514,19.512136811067197
24,1978,2,194.12789855072498,165.872101449275,160.281884057971,7.0256623437032495,114.95296142658998,120.36583902793001,43.738690191842366
25,1978,3,198.691176470588,161.308823529412,171.83594771241798,5.258622862324731,82.65963961815109,88.5933718780361,
26,1978,4,203.362373737374,156.637626262626,183.077272727273,7.486962957038981,-30.972787540332998,92.28841585932379,10.906891759368897
27,1978,5,189.868666666667,170.131333333333,181.463666666667,10.244229969162001,-41.2287783617235,106.547924851164,-38.732489688940916
28,1978,6,201.80372492836702,158.19627507163298,155.880229226362,8.79584457188577,-26.8975436164774,84.74320072095809,
29,1978,7,188.505653710247,171.494346289753,202.42826855123698,19.179786525992,-50.167028279964796,99.56501623630889,
30,1978,8,201.341007194244,158.658992805756,201.640647482015,19.119790283255803,-76.46394332427042,91.5983821695658,
31,1978,9,191.411917098446,168.588082901554,180.661658031088,18.5653315706687,-86.860466137402,75.2239391674902,
32,1978,10,188.95723981900503,171.042760180995,174.445248868778,18.751874266125604,-57.4859540502445,84.8201969008196,
33,1978,11,193.464885496183,166.535114503817,181.707124681934,24.661647575923,-64.8026794164611,152.771531103183,-1.9029278461697356
34,1978,12,192.982808716707,167.017191283293,178.772639225182,40.024336014805996,-51.2392724440914,28.868329903025497,-33.24473075348498
35,1979,1,196.74277673546,163.25722326454,173.687242026267,37.3761498793261,-74.80918868134,24.3328466749971,-2.574092780108414
36,1979,2,191.527182044888,168.472817955112,177.42044887780602,53.7374573162829,-105.775237476388,95.5814285923935,-24.493151139624143
37,1979,3,186.23294573643398,173.76705426356602,188.79457364341,57.5160981552215,-129.75260334308,95.6456577913682,53.01435140065439
38,1979,4,198.38503184713403,161.614968152866,200.05222929936298,74.336419813157,-138.950817829008,42.4285481790976,-16.29249718608181
39,1979,5,193.254666666667,166.745333333333,183.516888888889,73.9963178644921,-148.16082942512898,96.1651994524236,14.266597964637663
40,1979,6,192.28830548926,167.71169451074,185.980190930788,67.8552788211325,-144.253876074148,159.954562506735,
41,1979,7,193.056085918854,166.943914081146,178.11193317422502,62.46363333495071,-152.14013921123,170.490430103129,12.337308960822686
42,1979,8,196.182272727273,163.81772727272698,181.61204545454498,60.04360393663361,-170.011632577423,172.170697057657,-10.173150334122298
43,1979,9,195.52716297786702,164.472837022133,180.68088531187098,69.1073574572801,75.7454942283153,63.466772432912904,
44,1979,10,192.151162790698,167.84883720930202,184.166860465117,97.29175878413089,116.836126574251,75.9069970890255,
45,1979,11,197.105338809035,162.894661190965,203.985626283367,141.472420746977,151.923684349881,153.90049579355,
46,1979,12,203.42275862069,156.57724137931,208.747816091954,92.62405567214691,-116.14201597622801,99.92204164530389,-54.33670977414115
47,1980,1,178.66111111111098,178.66111111111098,195.25061728395,90.08787984976549,-110.217926769506,76.7234626769134,-15.96631564089585
48,1980,2,184.801444043321,175.198555956679,197.161010830325,99.3058627353566,-162.385351531532,69.1388782722945,
49,1980,3,171.04892966360902,171.04892966360902,205.30550458715598,105.740136658525,-154.445228273699,83.51837695730549,
50,1980,4,178.544,178.544,175.566545454546,112.209499405977,-152.720397478142,123.314577840568,-44.91021618340693
51,1980,5,179.323966942149,179.323966942149,178.815426997245,136.473680067153,57.917728918351095,78.93937874360141,40.014454869044684
52,1980,6,193.553216374269,166.446783625731,175.727485380117,166.49126383340402,89.65780582822241,3.6128599478899104,6.906639447705449
53,1980,7,179.61085714285701,179.61085714285701,170.287714285714,163.012012457706,77.9184801963374,149.20018375029,-29.35384185598203
54,1980,8,186.25471124620097,173.74528875379903,171.75136778115498,162.978550760471,-3.5786531430797006,106.27528612653,-64.00346112835066
55,1980,9,183.94831460674197,176.05168539325803,192.938483146067,172.15851674923198,0.18251240095957502,146.50266022124902,-6.909912106992744
56,1980,10,182.5535,177.4465,195.37525,152.169590513786,-28.854641690679802,111.42970559547399,67.88147591914863
57,1980,11,191.43626760563401,168.56373239436599,212.87183098591598,144.613229892709,-27.7278791314165,60.6392598648419,
58,1980,12,179.98036809816003,179.98036809816003,187.77852760736198,148.466609493978,-20.7291390026665,49.4628274155595,
59,1981,1,194.49061488673198,165.509385113268,179.774110032363,146.52790835527,-16.1479307099743,56.77910180961639,
60,1981,2,187.013385826772,172.986614173228,165.41496062992098,140.13344472652201,4.73434796519104,60.821623825573305,-5.55873234071304
61,1981,3,180.792022792023,179.207977207977,150.542165242165,160.573441929711,5.570885898056201,13.563879155780699,-4.127848994470892
62,1981,4,197.828104575163,162.171895424837,207.480718954248,140.910818076218,18.2800012179407,130.287857427108,37.178453747285964
63,1981,5,180.14088235294102,179.85911764705898,204.84470588235297,150.489619973683,-7.879363266163581,122.66066281511101,
64,1981,6,186.58173515981701,173.41826484018299,179.43196347031997,144.020878591074,-11.3977001455001,154.743235424835,36.22680438546168
65,1981,7,190.198830409357,169.801169590643,194.99795321637401,147.53602782256598,-28.770884377351,174.17909705376098,5.915561799262409
66,1981,8,186.57032967033,173.42967032967,191.285714285715,166.111809239377,-39.1115474902998,31.599225425386898,
67,1981,9,182.240689655173,177.759310344827,190.118850574714,168.88882894498002,-40.782889589446896,100.534948114557,
68,1981,10,193.040848806366,166.959151193634,175.606631299735,163.948212548404,-51.5600750887874,152.322141403543,-21.296104482230174
69,1981,11,188.43993902439,171.56006097561,170.802743902439,163.878191247479,-48.6994584666987,82.36099932602691,-36.60274868593779
70,1981,12,187.312834224599,172.687165775401,202.62486631016102,166.264867190444,-60.58584810821011,9.93561279304807,7.43707504951753
71,1982,1,177.24970588235297,177.24970588235297,200.43470588235297,156.993923169002,150.254855114312,80.5532093494175,5.261306935441944
72,1982,2,177.87859078590802,177.87859078590802,214.419241192412,152.188403960209,135.11192155386001,136.366510370364,42.364233139107306
73,1982,3,186.78308457711398,173.21691542288602,199.30447761194,152.899429094529,100.602011171133,56.4418350047503,
74,1982,4,188.17601078167098,171.82398921832902,190.39245283018903,142.4231790215,99.75684007205791,23.2715575683186,-22.869030514343617
75,1982,5,170.94028268551202,170.94028268551202,186.236395759717,135.436503376765,101.768129335136,87.0758099230684,-25.495007652678247
76,1982,6,180.616236162362,179.383763837638,175.54797047970402,132.51927820921998,94.67186245158742,156.252215957948,-17.55150423516633
77,1982,7,175.314468085106,175.314468085106,215.84510638297903,133.86310048361202,81.0591299573572,76.02945170966129,-16.926643738013208
78,1982,8,179.358745874587,179.358745874587,177.851155115512,135.831112175648,56.670166992393206,48.4985955128242,16.3764455816755
79,1982,9,181.38874598070703,178.61125401929297,155.956270096463,140.796786801504,56.9851763445724,40.9896322076641,
80,1982,10,190.35590277777803,169.644097222222,131.21388888888902,145.64011193464398,34.546075060180605,64.4817710300189,-0.07236554439673537
81,1982,11,182.71508771929797,177.28491228070203,177.75754385964902,154.916738137751,34.837974086995395,95.77086703925859,-77.90935325953248
82,1982,12,185.500709219858,174.499290780142,184.33900709219898,161.940932035173,55.10653953506699,150.495371726702,
83,1983,1,172.532209737828,172.532209737828,175.658052434457,163.006216961202,73.0124813279606,149.436604876193,-12.772365622361301
84,1983,2,172.96086956521702,172.96086956521702,181.17515527950297,161.979455087583,99.80437462199629,91.2758515859556,-18.185480252370674
85,1983,3,193.63448275862098,166.365517241379,181.681280788177,166.102791740709,92.4407293121655,21.983447700987895,
86,1983,4,176.98200836820098,176.98200836820098,192.88912133891202,158.772939531046,71.7804360077984,101.28252591799999,
87,1983,5,191.09594095941003,168.90405904058997,167.657564575645,155.54814375824301,70.1857502338074,130.086168176567,-3.3289454263103067
88,1983,6,172.375107296137,172.375107296137,165.475965665236,167.85351180284098,69.5305982893661,75.46958921382749,
89,1983,7,184.534496124031,175.465503875969,184.937984496124,168.00953910392099,32.8540441341899,86.2124500372432,25.885718688210435
90,1983,8,171.159670781893,171.159670781893,195.289711934156,165.87402708728902,57.589024614722604,62.49578897535971,
91,1983,9,179.94011627906997,179.94011627906997,186.977906976744,172.259539386592,39.555315565333096,21.2524603096957,-15.138117902426515
92,1983,10,175.109714285714,175.109714285714,157.648,176.32271988468702,30.3872481470983,50.3733420108918,
93,1983,11,163.079611650485,163.079611650485,119.955339805825,176.053859608382,110.220937740375,9.66463703632542,-21.002140587792415
94,1983,12,180.17692307692298,179.82307692307702,142.771794871795,173.324279797438,119.346445961403,54.5565688563898,-47.88656261477498
95,1984,1,175.46274509803902,175.46274509803902,163.718954248366,172.462263591205,-123.385538541832,142.8319638824,-25.14105198552741
96,1984,2,179.09886363636397,179.09886363636397,199.082954545455,166.75635620992202,-156.669775783491,15.647562119520499,18.542293099463986
97,1984,3,183.424686192468,176.575313807532,188.529288702929,161.779102637645,-165.902853868306,60.181504538796204,-43.3488122721246
98,1984,4,185.29022556391,174.70977443609,208.53007518797,163.162852692629,-163.22853659912099,64.5309453822279,-55.23425037467081
99,1984,5,185.666025641026,174.333974358974,217.775641025641,160.148897882951,-141.683805198998,89.6404845982674,-76.72244297441861
100,1984,6,167.364748201439,167.364748201439,192.33956834532398,160.030109643647,-145.777247074769,54.210042444760106,-76.4897728682107
101,1984,7,178.25,178.25,163.959090909091,159.379507943845,-137.66517518435302,1.7894047160030202,1.3471193038733476
102,1984,8,176.04588235294102,176.04588235294102,134.370588235294,160.54949615178802,-138.608031361612,154.792865611979,-2.949501992989714
103,1984,9,179.56226415094298,179.56226415094298,138.641509433962,161.596258467751,-143.057539295733,66.1642792990375,
104,1984,10,197.146153846154,162.853846153846,190.620512820513,166.263075327016,-150.86014681923,141.30410867758698,
105,1984,11,197.15,162.85,160.203125,168.510819876111,-152.59291957016399,62.6543258099589,
106,1984,12,170.677777777778,170.677777777778,192.155555555556,171.384624575737,-148.250700847027,73.30437056506821,-62.773298766110756
107,1985,1,186.08684210526297,173.91315789473703,153.12368421052602,173.65146418051103,-153.90141843323798,42.935726869503604,-51.6178225141667
108,1985,2,193.09607843137297,166.903921568627,176.28431372549,174.98587051512402,-145.392062632907,115.899546378202,
109,1985,3,174.770175438596,174.770175438596,248.668421052632,176.403426901278,-121.24749651831301,86.438354662111,-40.762164379100454
110,1985,4,178.81,178.81,205.628,176.65099315814498,-106.875594330779,137.703954993095,30.76917898920851
111,1985,5,171.3275,171.3275,180.275,176.206575980807,-80.3832305160869,112.16149925892701,-6.651002982484975
112,1985,6,175.53815789473703,175.53815789473703,184.08421052631599,175.82250970907398,-51.88236020301971,28.224796545236202,
113,1985,7,175.98720930232602,175.98720930232602,154.481395348837,175.842954870438,-47.1558285618445,7.938332626865409,1.8144515092472664
114,1985,8,189.78717948718003,170.21282051282,111.54358974358999,174.52724246393998,-56.6446765132279,85.2934683642643,
115,1985,9,176.06666666666698,176.06666666666698,157.07333333333298,172.445936524792,-40.6693530359748,168.098792634857,-1.38813221730939
116,1985,10,180.005714285714,179.994285714286,46.40571428571429,174.436091492162,-72.16934224096829,59.7239643424078,
117,1985,11,177.039473684211,177.039473684211,68.85,175.272535657934,-55.621234753677996,81.3735552510519,
118,1985,12,182.407407407407,177.592592592593,66.537037037037,176.415065411684,-87.20489657189091,122.53693338997299,
119,1986,1,171.266666666667,171.266666666667,108.855555555556,175.754900813256,-103.88493661684299,99.1137224373052,51.62369504410992
120,1986,2,186.927027027027,173.072972972973,79.5513513513514,174.955582062349,-130.172557872542,135.061541083269,
121,1986,3,186.7,173.3,97.3666666666667,175.295844937869,-162.110310932045,141.911146432801,65.92747185545481
122,1986,4,170.736538461538,170.736538461538,157.598076923077,176.257614147098,-162.359261756624,46.340140350701,-35.861170417119226
123,1986,5,180.44871794871798,179.55128205128202,99.7205128205128,177.265756047666,125.70527521037901,120.12298879702699,30.96576313343277
124,1986,6,183.2,176.8,137.966666666667,178.517046596735,-169.077195280131,106.09059458280198,58.675716719998064
125,1986,7,179.281818181818,179.281818181818,179.09545454545503,177.40730483033198,178.047251264362,101.221356645189,-16.560332231684075
126,1986,8,167.995833333333,167.995833333333,235.5625,178.07802103492298,154.365679966624,134.06330362309998,32.90544555039517
127,1986,9,169.38333333333298,169.38333333333298,147.24166666666702,178.080956248657,148.646000839846,124.470119203594,-15.987923885986502
128,1986,10,174.30609756097599,174.30609756097599,148.41097560975598,176.749821334995,-31.145194958696397,52.3703837338125,32.772551520682256
129,1986,11,215.27894736842097,144.721052631579,156.889473684211,176.63301723721,-7.494439872748081,35.3416052114469,-14.424073700211709
130,1986,12,141.377777777778,141.377777777778,220.938888888889,176.21054031703,174.97544706964,163.73703274868,-0.877982347911509
131,1987,1,163.06875,163.06875,154.3375,177.266032374903,-157.540818230268,66.065589623022,
132,1987,2,110.073333333333,110.073333333333,181.96,177.25698078917702,-147.375499892231,98.0945682057795,5.265454164315165
133,1987,3,204.761538461539,155.238461538461,202.35961538461498,178.512640513111,-121.996582361124,53.687243502357795,
134,1987,4,175.72264150943403,175.72264150943403,169.831132075472,176.690721252697,-86.55260253258959,48.648384056278495,-11.144163542891057
135,1987,5,179.634722222222,179.634722222222,222.708333333333,176.149987627463,-149.003493525554,152.561210442705,-27.35628921003831
136,1987,6,175.61521739130401,175.61521739130401,242.847826086956,174.933635252942,-150.757821950781,69.04102803216111,
137,1987,7,179.698648648649,179.698648648649,196.737837837838,175.06827007057203,129.395826117063,128.09214313351802,61.59305851714976
138,1987,8,185.02,174.98,179.114,172.30201834714902,130.457042615373,120.047366425861,
139,1987,9,168.497752808989,168.497752808989,196.99550561797798,165.192972823113,118.974904501111,48.68531861332129,26.909145576062933
140,1987,10,177.865909090909,177.865909090909,220.90757575757598,165.96935610123998,97.0444918115491,78.5017133658379,
141,1987,11,178.13534482758598,178.13534482758598,208.48534482758598,168.260031243316,57.64090216827721,154.066593095725,-17.530134695576947
142,1987,12,185.20315789473702,174.79684210526298,184.564210526316,172.642342098384,77.4287557843462,122.984453676135,39.86957630531796
143,1988,1,195.36728395061698,164.632716049383,165.769135802469,171.252942091902,63.333707537967996,108.86263832930099,
144,1988,2,183.046666666667,176.953333333333,181.255,172.100145623405,48.47303934598661,92.17467236489149,-46.26654313494858
145,1988,3,180.352229299363,179.647770700637,218.55987261146498,166.096348924145,64.88466722868431,11.9492512582903,14.177077033682652
146,1988,4,180.412626262626,179.587373737374,214.03282828282798,162.505182892775,43.4792565548937,109.80830959076799,
147,1988,5,185.40898876404498,174.59101123595502,170.233707865168,169.213209895905,-77.0700269852253,92.87177878535809,49.9740454536452
148,1988,6,176.546696035242,176.546696035242,183.93612334801702,174.501374197107,-113.39970684948901,68.39528768324679,-52.079170027778524
149,1988,7,181.102510460251,178.897489539749,174.042677824268,155.996117218255,-167.131323865544,114.491638345013,9.597965817728323
150,1988,8,177.481818181818,177.481818181818,191.720948616601,142.99035476376002,-64.5930733213781,105.638806483216,
151,1988,9,186.54373088685,173.45626911315,205.704281345566,148.008597382174,165.590117228672,54.86277369764,24.49192726113703
152,1988,10,170.214953271028,170.214953271028,163.548286604362,145.31437161300502,35.7168084812532,68.3587611799244,-40.48930133966256
153,1988,11,187.158544303797,172.841455696203,165.425316455696,153.687363404418,-169.999876800285,12.222314456328402,6.076798632470333
154,1988,12,183.258838383838,176.741161616162,181.205555555555,138.82130952731399,-165.037361364711,27.2684308393117,32.13823884130881
155,1989,1,170.581901840491,170.581901840491,200.303680981595,134.765572876155,-143.334689624977,130.835049969356,56.99022573141057
156,1989,2,179.39972067039102,179.39972067039102,193.377094972067,115.067649871465,-155.52453189167602,48.650549282365894,-3.4070843816729166
157,1989,3,175.12005571030602,175.12005571030602,184.83286908078,130.409207274621,-145.673991299452,123.880414418396,-26.22578332010771
158,1989,4,186.900621118012,173.099378881988,186.987577639752,104.642458293283,168.29844127783198,38.010665185411895,9.197973113785553
159,1989,5,180.026130653266,179.973869346734,175.816582914573,103.062990176866,138.685499206221,82.6051938893682,31.967917995337906
160,1989,6,176.09029535865002,176.09029535865002,191.17510548523202,109.094664196041,118.94483201109699,139.89080421646798,0.24320405826416153
161,1989,7,179.583333333333,179.583333333333,195.797435897436,125.616069971697,82.2703262361638,148.133307761753,26.34736555262178
162,1989,8,170.07322175732202,170.07322175732202,185.21129707113,150.396825055002,-24.485659681710402,17.84195049049,-20.365204512685892
163,1989,9,179.476819407008,179.476819407008,177.42857142857102,131.655489793895,-93.1284306673786,140.767432729503,-14.944877781907579
164,1989,10,167.73705357142902,167.73705357142902,191.723214285714,118.486068932829,-122.73548456332199,60.3097725744854,28.636787166987904
165,1989,11,174.037958115183,174.037958115183,174.531413612565,82.8006425835402,-81.93296002401159,119.289560333026,
166,1989,12,182.874162679426,177.125837320574,167.74401913875602,82.4165632751807,-122.45296962228998,59.0432200978736,
167,1990,1,179.059049773756,179.059049773756,169.122398190046,72.9036591735368,-138.611953913582,37.7375087701795,-2.47406622983675
168,1990,2,183.604956268222,176.395043731778,203.215160349853,82.6231636426915,-52.737450810885804,60.3932698627108,43.799837167549235
169,1990,3,178.917847769029,178.917847769029,197.311548556431,81.7037778485168,164.201022417449,171.30305877441998,8.727556312704813
170,1990,4,175.54538043478297,175.54538043478297,189.83125,84.1319893855865,166.196383196415,137.047899180241,-23.800328958225585
171,1990,5,179.267267267267,179.267267267267,193.256756756757,71.1590697989657,157.15723121276,63.127878918543104,41.98511301598135
172,1990,6,168.676731301939,168.676731301939,168.227700831025,40.735039805780204,-32.004023110666196,128.419526169765,
173,1990,7,185.27660098522202,174.72339901477798,152.099014778325,57.8078557295763,-130.17362394118,133.078838397825,27.90317908697099
174,1990,8,182.902918287938,177.097081712062,181.77898832684798,66.1493040247058,-110.34442008424999,103.018172895303,3.87318341038465
175,1990,9,179.264583333333,179.264583333333,193.294212962963,78.7156977578873,-150.525172597293,16.2721764281126,-20.732468008084695
176,1990,10,177.22345971564,177.22345971564,173.707109004739,75.8361325212237,-116.896303350091,75.8318831084854,
177,1990,11,180.861388888889,179.138611111111,189.718888888889,51.2526514799255,173.080112944033,121.065088028284,3.136719767768067
178,1990,12,182.88223350253799,177.11776649746201,171.198477157361,46.7286082791325,44.43543364123121,100.48314222504999,
179,1991,1,181.27036011080298,178.72963988919702,197.48670360110802,43.1789130693131,-106.033320850431,124.769043186593,-23.70223384336782
180,1991,2,184.245124716553,175.754875283447,191.113378684807,65.694561016764,-73.0846320446657,172.906041992629,26.081301979989295
181,1991,3,178.864525139665,178.864525139665,178.76703910614498,63.571242684590594,-63.67250716258489,147.330805923831,-19.207041993084587
182,1991,4,175.055635491607,175.055635491607,199.30791366906502,56.3500654034,-53.241429010653896,47.0634459113442,
183,1991,5,190.493841642229,169.506158357771,163.602346041056,48.6237346141469,-61.668614015804394,89.219519724582,6.718971840052658
184,1991,6,171.812300683371,171.812300683371,200.559225512529,47.3395261901159,-69.8647897659353,67.9031745272038,-12.487574022545111
185,1991,7,180.040256959315,179.959743040685,217.828907922913,55.5955139711245,-68.0272555568333,176.09513131290902,-7.770282092340901
186,1991,8,174.164271047228,174.164271047228,193.79733059548198,45.4073743472569,-79.1601175475637,28.3341960048661,
187,1991,9,183.40523415978,176.59476584022,192.67493112947702,38.176548868614205,-93.85331586825751,61.8636027292501,26.717471591410202
188,1991,10,180.247107438017,179.752892561983,162.17024793388399,39.786161780069705,-87.09758415799891,50.1622364774057,
189,1991,11,182.080615384615,177.919384615385,150.82830769230802,38.676971088124496,-88.16044657827891,59.3143463310685,34.16814111675211
190,1991,12,181.589850746269,178.410149253731,193.097014925373,31.400434097633198,-86.75273912443241,141.287561314771,
191,1992,1,172.769249394673,172.769249394673,178.189588377725,27.418094116690803,-95.89498855395529,49.8204421389661,1.6929757208740988
192,1992,2,182.034259259259,177.965740740741,188.591898148149,17.4802742944618,-68.8373124299032,161.97646579455602,9.436818255509587
193,1992,3,194.60847457627102,165.391525423729,176.036723163842,16.1431702204414,-76.07966029561629,82.27485610127509,
194,1992,4,175.19243027888402,175.19243027888402,197.417928286853,17.8472824004497,-95.8355693609169,82.2655600646372,
195,1992,5,176.97799999999998,176.97799999999998,175.144,9.671379232147881,-107.282294879303,133.202080401024,-16.516051193274784
196,1992,6,183.3,176.7,173.82692307692298,6.09970807250875,10.1021767082323,54.09631815075829,-22.824514026358763
197,1992,7,191.94502617801004,168.05497382199,167.62303664921498,8.19972646999665,74.29452373521791,124.301327178784,-54.34867030976965
198,1992,8,200.04285714285703,159.957142857143,148.16770186335398,7.55052468572216,69.7292687551062,122.430744062099,16.830288190689135
199,1992,9,179.727058823529,179.727058823529,151.088235294118,10.1194981617604,61.4795815093052,54.545583540420104,42.08140283173696
200,1992,10,184.501754385965,175.498245614035,190.684210526316,12.9198464404394,38.521433722901605,34.6097830886531,
201,1992,11,185.70728155339802,174.29271844660198,207.25728155339803,11.7968815920463,64.36653358264749,94.762602356028,
202,1992,12,196.978723404255,163.02127659574498,191.157446808511,16.0392830525018,9.213153318593688,141.80708789770298,-12.142262433620482
203,1993,1,192.40372340425498,167.596276595745,182.23936170212798,10.838012934925098,9.02592780366925,136.544496255842,-21.656158955850263
204,1993,2,185.88225806451598,174.11774193548402,205.56451612903197,13.2657052967926,-35.3706793373272,80.0765962541101,53.146273894457515
205,1993,3,185.115340909091,174.884659090909,200.60227272727298,12.2206174948489,-55.8110505344794,54.5835969000429,-60.68809476577393
206,1993,4,208.436477987421,151.563522012579,165.96855345912,10.240550865493999,-65.4802020984524,138.936112416476,-66.42537462703343
207,1993,5,173.257037037037,173.257037037037,148.696296296296,11.6724241943469,-70.0082588690125,115.66294156812799,50.914316243518
208,1993,6,205.932110091743,154.067889908257,127.917431192661,9.86024352444223,-99.22340110364841,21.411388416857,-11.053897849453723
209,1993,7,182.41616766467098,177.58383233532902,145.197604790419,7.20136495238938,-107.770865179612,96.11006608849159,
210,1993,8,182.15317460317502,177.84682539682498,168.698412698413,8.70455474450814,-141.978977593412,109.220272997397,27.893042359949213
211,1993,9,208.612903225806,151.387096774194,221.032258064516,8.95542338954341,-156.859616158851,125.755759576889,
212,1993,10,193.90569105691102,166.094308943089,201.0,11.1562151818594,-18.801272356383897,122.53870117779199,
213,1993,11,159.81818181818198,159.81818181818198,201.92207792207802,11.5699825606181,171.186608840611,139.090159274478,-19.00140956045744
214,1993,12,198.49243697479,161.50756302521,174.806722689076,15.1827788664154,171.91720170368,44.8599348322009,-18.131793199000608
215,1994,1,199.483458646617,160.51654135338302,130.586466165414,15.605904515359,161.547194024259,22.3166409493114,23.5867571728934
216,1994,2,180.8,179.2,171.428571428571,14.6630110173845,148.234120586845,57.4659857197756,8.711565857274266
217,1994,3,207.77,152.23,149.82,15.316501492697899,150.30033427856898,77.9526602876626,-55.713922980038106
218,1994,4,185.70625,174.29375,119.015625,14.0559917076075,142.49005167806,85.3137789853153,
219,1994,5,166.52972972973,166.52972972973,171.09459459459498,15.7199848272999,129.331183461036,1.94555685487314,1.2427556305546634
220,1994,6,192.915476190476,167.084523809524,152.440476190476,12.2054461255156,121.16888050994,126.22532759739599,8.512920525412763
221,1994,7,192.643269230769,167.356730769231,179.31730769230802,9.771984514859179,106.009072982595,60.5372419903801,-60.7275278474194
222,1994,8,182.14729729729697,177.85270270270303,213.66216216216202,7.083954178668081,144.583327339172,64.3566236085402,-1.9486244499119836
223,1994,9,202.797435897436,157.202564102564,127.807692307692,6.17779552065318,147.783220741273,11.0690735184785,6.3723247124904185
224,1994,10,181.17758620689702,178.82241379310298,178.76724137931,7.060455906637549,159.938882996461,121.23786323827,-0.31122701911788836
225,1994,11,181.90135135135102,178.09864864864898,161.418918918919,7.356073957402611,165.701429596699,124.86323706768299,
226,1994,12,188.226865671642,171.773134328358,171.477611940299,3.00968041506411,127.149793312101,51.0543520358328,23.912451660761707
227,1995,1,178.76571428571398,178.76571428571398,107.114285714286,3.6692376290203397,166.547679438747,13.9824285338496,-4.429296916717235
228,1995,2,181.503296703297,178.496703296703,147.824175824176,2.9073751250105797,138.303442754913,46.26596347384171,-3.9437872043783915
229,1995,3,188.738202247191,171.261797752809,196.87640449438203,4.75822513459296,54.5031455353181,57.6023691807246,-75.47502981007733
230,1995,4,211.32142857142898,148.678571428571,98.42857142857142,2.94419254210895,-16.2505135557796,59.2076902037758,
231,1995,5,173.335714285714,173.335714285714,79.8333333333333,3.0121471070451302,-15.6624731003063,34.4084508742608,
232,1995,6,193.212765957447,166.787234042553,131.404255319149,3.7249095312326097,-25.7995006320433,17.4444602851941,2.007467977848845
233,1995,7,181.14888888888902,178.85111111111098,167.422222222222,5.85352469953973,-24.7725640038225,144.119364303416,17.48504091889445
234,1995,8,183.251020408163,176.748979591837,142.326530612245,4.9805337209235905,-38.479961622178294,86.2690527149806,46.61315390231654
235,1995,9,187.616666666667,172.383333333333,71.0277777777778,3.15546774481965,-53.9903494850002,23.802077803021998,14.102009912345464
236,1995,10,190.359016393443,169.640983606557,125.147540983607,2.56308041988759,-95.8984913772636,146.974305635772,-0.4142774133828314
237,1995,11,165.216666666667,165.216666666667,120.11111111111099,3.7536817509905296,-32.958254287474105,54.2039493006273,
238,1995,12,194.391666666667,165.608333333333,198.361111111111,2.65260229508048,-25.631815473206895,70.42219276004009,-40.7760857773685
239,1996,1,229.429032258064,130.570967741936,192.032258064516,2.40496933152463,26.127874994441104,66.38996054521209,
240,1996,2,208.189473684211,151.810526315789,224.789473684211,0.69692942633444,-91.3142500152407,78.0961804885487,
241,1996,3,226.973913043478,133.026086956522,237.565217391304,2.80148958010375,44.0494795967439,110.849041298694,
242,1996,4,249.766666666667,110.233333333333,224.27777777777803,2.84303699247253,96.5186333141086,16.35201594489,23.266756326054583
243,1996,5,170.673913043478,170.673913043478,257.391304347826,2.45863395113895,45.0616746581095,104.803386977,65.71648965515278
244,1996,6,179.992682926829,179.992682926829,196.14634146341498,1.5875128530875098,-23.666912997483603,141.508366045626,-34.98880018784735
245,1996,7,195.211111111111,164.788888888889,237.833333333333,3.2251048212648397,72.13477697732391,94.9655889626547,
246,1996,8,211.847368421053,148.152631578947,174.815789473684,4.16447773450506,36.532779500603205,30.151667049207898,1.5183785384208397
247,1996,9,231.93333333333302,128.066666666667,218.333333333333,5.07900634810159,27.824096384253302,89.7528471913798,38.534930568130434
248,1996,10,168.05,168.05,233.75,,,,
249,1996,11,160.425,160.425,248.2,2.5196108166671003,17.1789720079925,38.5098563820101,16.10466987394077
250,1996,12,201.36875,158.63125,265.4375,6.35651136445524,5.40415582598266,92.0629122391503,-53.664858050022616
251,1997,1,178.7,178.7,120.8,6.10839425540468,-28.8469771052199,160.66746857776002,50.0096202505599
252,1997,2,247.46,112.54,188.0,2.8371214060042798,-37.143021644645295,152.66096128318,28.67129657163969
253,1997,3,194.948148148148,165.051851851852,211.555555555556,1.8853067854396999,51.75169748728501,145.766995617304,25.064689011496732
254,1997,4,200.465909090909,159.534090909091,202.409090909091,1.7885055682608402,132.944198240803,41.5126039959281,-20.443678942852813
255,1997,5,178.809375,178.809375,140.34375,2.58851464317572,83.7068105969631,16.816559327606598,-1.458567090472296
256,1997,6,199.988636363636,160.011363636364,162.272727272727,1.57402819790369,75.07517888617491,81.1906903522927,17.866125776272074
257,1997,7,177.02894736842097,177.02894736842097,180.131578947368,2.54798880888337,16.4081834761379,84.8244989403117,
258,1997,8,168.47397260274,168.47397260274,166.780821917808,1.66206262193242,-63.57067066847841,63.3439527553611,
259,1997,9,185.86086956521703,174.13913043478297,196.88043478260897,5.74677576203171,-47.0409525814528,88.33300643781159,
260,1997,10,160.185507246377,160.185507246377,226.652173913043,7.80470226031343,141.352365964416,94.64127825250358,-2.449816159162081
261,1997,11,180.07901234567902,179.92098765432098,175.296296296296,2.11411180888741,-150.221438636026,83.5240102641387,46.82367575117027
262,1997,12,206.617924528302,153.382075471698,235.31132075471697,6.05197456839237,-0.09192342604431401,135.126374930713,
263,1998,1,186.22403846153802,173.77596153846198,212.961538461538,8.40421031023843,-61.804203768333394,67.9517202781581,-64.51031408126887
264,1998,2,175.25294117647098,175.25294117647098,154.401960784314,13.574357142303601,-55.25916288214889,39.186005491588794,-27.49064263638551
265,1998,3,185.96258992805699,174.03741007194301,147.762589928058,11.469312690116501,-25.712785106477497,142.786097071061,-37.577954609229316
266,1998,4,187.044444444444,172.955555555556,126.24444444444401,9.4823584543189,-69.8005560033379,9.184787319580721,-42.139825450846054
267,1998,5,189.96972477064202,170.030275229358,183.559633027523,7.14869271520582,-85.0397556081408,53.198718573154494,
268,1998,6,181.55989010988998,178.44010989011002,181.93956043956,9.425919366433359,-4.10721343944705,36.0845076534445,22.147653195610623
269,1998,7,177.59552238806,177.59552238806,162.845771144279,12.511366112781,32.4970549369405,95.3793657905735,
270,1998,8,181.16216216216202,178.83783783783798,169.522522522523,5.679460727541819,15.3677008796349,132.29961777397,-8.263533774066287
271,1998,9,189.525,170.475,144.141509433962,7.83642107902835,18.024924941005303,47.56962915674271,-48.43904561618835
272,1998,10,194.433561643836,165.56643835616399,135.561643835616,10.456487758892198,99.588616663268,65.75512371319671,
273,1998,11,184.40242424242402,175.59757575757598,161.945454545455,18.631395931771397,6.04276688328032,18.167777022360198,-28.494683091196965
274,1998,12,195.85809523809502,164.141904761905,161.480952380952,31.1478438759888,-105.814281938211,30.002301811673497,10.532291641809604
275,1999,1,208.909696969697,151.090303030303,186.327272727273,29.839139966121603,-79.3639090950065,86.5981051590287,-16.752308084309792
276,1999,2,175.68205128205102,175.68205128205102,212.083333333333,42.631549832778795,-99.23830539382071,90.9248434411735,23.95262440679548
277,1999,3,193.942458100559,166.057541899441,161.312849162011,42.1305404333297,-114.750830503294,97.63955189253059,42.38049542196695
278,1999,4,191.27,168.73,183.68125,40.208328813982504,-115.224833530802,94.01785083396611,
279,1999,5,184.391187739464,175.608812260536,208.049808429119,29.3902675898115,-109.884643000564,130.163938509005,-10.995105053236124
280,1999,6,199.404624277457,160.595375722543,215.69075144508702,54.253891280634605,95.213461218139,42.137688074020204,19.740802783406977
281,1999,7,195.00804195804199,164.99195804195801,200.702797202797,84.61080629945191,38.194895812869895,78.7561673998227,
282,1999,8,188.81176470588198,171.18823529411802,199.004901960784,102.722676730891,-7.82044099862285,46.4469735241722,-52.42935303800106
283,1999,9,202.796315789474,157.203684210526,155.54736842105302,97.9346175227034,-28.3269379235594,147.41459150043502,31.186289143674472
284,1999,10,184.201824817518,175.798175182482,153.744525547445,113.939183335275,7.84813054621801,50.044044851769506,35.75808974823692
285,1999,11,203.814134275618,156.185865724382,188.60070671378102,119.08145449377899,19.4183955847165,36.4797035108419,-21.79541550626963
286,1999,12,181.87268518518502,178.12731481481498,192.111111111111,86.76661788944,39.782920075606796,104.078010857091,
287,2000,1,197.806766917293,162.193233082707,177.52631578947398,99.3697211122517,26.8499000431846,6.33733900223372,
288,2000,2,184.328187919463,175.671812080537,194.936241610738,100.787826022435,44.6240014927489,28.5857879307543,-22.74741883925159
289,2000,3,187.99969879518102,172.00030120481898,202.144578313253,111.70914588909099,44.148111677746,123.502291486476,-42.606445961863976
290,2000,4,199.971764705882,160.028235294118,183.158823529412,116.472732970021,47.4202512766338,8.06734178590842,-6.821585475506401
291,2000,5,196.778289473684,163.221710526316,189.4375,120.634875348534,39.1540706522797,78.9512946135586,-9.938049756196698
292,2000,6,195.091588785047,164.908411214953,173.97507788162,108.29514867643299,44.455544886855094,138.594865905024,
293,2000,7,189.200507614213,170.799492385787,178.63197969543097,115.099642851089,49.4581230321237,160.758343699326,40.067750865815405
294,2000,8,187.78385093167702,172.21614906832298,179.121118012422,126.343743690656,35.3144741152219,113.287541725681,
295,2000,9,189.76164383561698,170.238356164383,207.62100456621002,127.28106153143699,11.4203219063525,87.47240418906809,
296,2000,10,192.8488,167.1512,216.888,141.382256659461,-9.19972675630289,36.4552107795243,-3.894622484604518
297,2000,11,197.60190114068402,162.398098859316,197.77186311787102,147.19512640963498,8.33135510022068,136.39606046609302,43.620220327952616
298,2000,12,193.341635687732,166.65836431226802,190.57249070632,144.912369220439,4.86425501793241,148.717909496967,-3.490121638560156
299,2001,1,194.77894736842097,165.221052631579,177.537593984962,157.530332359776,-141.02181725298598,112.551256233013,
300,2001,2,198.576170212766,161.423829787234,169.24255319148898,152.73518388053802,12.768499610539902,125.892481435238,
301,2001,3,188.207299270073,171.792700729927,175.29562043795602,169.485339447383,-61.6796688909064,120.594452280392,-60.98538563369844
302,2001,4,206.39641577060902,153.603584229391,176.42293906810002,157.80545111971,60.326023451162605,157.24938022683,15.963109948166341
303,2001,5,194.74880952381,165.25119047619,161.321428571429,130.463115457793,163.340318808956,67.4873519081912,59.047480739126
304,2001,6,192.67297297297299,167.327027027027,175.68168168168202,152.627859734611,159.228933722293,45.8950302183745,31.82432907801931
305,2001,7,188.091304347826,171.908695652174,166.569169960474,140.323073124909,156.889191116976,109.12125503440599,-15.209487153344588
306,2001,8,193.80631578947398,166.19368421052602,168.91228070175399,156.130688934385,144.246944558447,140.941553129339,-19.29207704064826
307,2001,9,187.78615384615398,172.21384615384602,206.181538461538,164.711335166276,59.2420423661676,125.78871789175301,
308,2001,10,186.989275362319,173.010724637681,188.669565217391,162.719832247484,-8.126473098552719,146.904422429969,-17.017935235537895
309,2001,11,187.676226415094,172.323773584906,183.62641509434,145.63004917182,-45.576639640005595,142.253244519329,-4.4156623961238415
310,2001,12,186.115909090909,173.884090909091,152.110795454545,142.01338552114998,-53.392732505609104,77.08984059747841,59.710616464513606
311,2002,1,198.35811209439498,161.641887905605,158.575221238938,149.353737079657,-28.6359186902107,75.05405846554979,
312,2002,2,187.008108108108,172.991891891892,175.63513513513502,130.347040977709,-29.983630469030498,90.17028194961522,14.414623039402287
313,2002,3,185.440808823529,174.559191176471,168.334558823529,143.511844326409,-11.431277388343,121.75779647771401,65.06961504531444
314,2002,4,196.05256410256402,163.947435897436,187.74358974358998,145.429548441619,0.26958447995790197,42.5883741382834,28.56597727852693
315,2002,5,180.930913978495,179.069086021505,204.73655913978502,146.961115679424,17.3832251064212,39.7080366738341,-0.09756016713258621
316,2002,6,185.72437275985698,174.27562724014302,187.13261648745498,151.246440671956,24.1800645262257,118.160277802672,-25.03852008738867
317,2002,7,180.362645914397,179.637354085603,174.00778210116698,141.032746436075,19.852011099208802,14.073107085926399,6.671852877048597
318,2002,8,184.48595890411,175.51404109589,192.811643835616,148.016366305576,44.68600524653559,169.43368396897802,-60.24374910368374
319,2002,9,194.483742331288,165.516257668712,179.74846625766898,142.784267897192,60.181190209095405,136.349446722918,-9.368822391096934
320,2002,10,180.65724907063202,179.34275092936798,196.59107806691398,142.994468672078,68.0624987137809,107.946531115966,-4.6492487433861625
321,2002,11,187.18690476190497,172.81309523809503,216.496031746032,140.942405971992,86.00773926253359,24.798446349193696,-4.428804913027285
322,2002,12,189.476033057851,170.523966942149,187.96694214875998,136.07640119001002,75.9002342562375,132.995391086454,-49.58793606431574
323,2003,1,203.72342007434898,156.276579925651,181.245353159851,124.648539198123,69.69460546359001,67.5958942814975,-46.073419970334825
324,2003,2,199.902027027027,160.097972972973,184.97972972973,129.023842669045,66.67692873239001,17.0220724415124,6.428562601214463
325,2003,3,187.075238095238,172.924761904762,169.438095238095,137.175647478501,61.6384326724666,115.04927419793002,-7.053060847708117
326,2003,4,193.83052631579,166.16947368421,207.615789473684,138.661887311476,68.295306246364,142.576611099222,-18.189698133327056
327,2003,5,188.704320987654,171.295679012346,188.549382716049,137.306062830081,81.19198025219849,136.760595571127,-31.196288169682152
328,2003,6,186.954335260116,173.045664739884,184.624277456647,139.981820077297,93.71109160030451,65.1409389671646,-3.7948570218309583
329,2003,7,194.666513761468,165.333486238532,181.605504587156,135.570790966846,96.67312899775361,39.6844948298056,-6.306729021505302
330,2003,8,200.346632124352,159.653367875648,171.24352331606198,141.385982957536,109.961344778362,32.562346399702804,-36.160325675526714
331,2003,9,202.35447761194,157.64552238806002,211.686567164179,149.144867722913,108.027606539725,62.20865098508389,-0.7156788673825449
332,2003,10,191.100666666667,168.899333333333,225.06,144.606962422008,122.732329822138,41.8435335807963,51.74137747135812
333,2003,11,193.311805555556,166.688194444444,217.118055555556,135.111306792206,130.771868111071,10.6715977310212,-11.102307653667623
334,2003,12,199.403546099291,160.596453900709,184.78014184397202,135.20610679723998,129.553731301097,20.8405022906584,22.89612946426737
335,2004,1,199.89247311827998,160.10752688172,172.602150537634,132.337009861176,124.097515413299,157.97849075635798,-8.184252436570109
336,2004,2,178.50325203251998,178.50325203251998,161.252032520325,140.056768255256,124.556263180974,60.4653714507294,40.37311492151142
337,2004,3,186.090625,173.909375,154.21875,153.512648044489,141.797775717056,88.421541572218,17.2072376628797
338,2004,4,195.985436893204,164.014563106796,149.553398058252,145.63967556006202,127.078008706744,98.2165015177211,22.56162498614468
339,2004,5,198.013636363636,161.986363636364,148.409090909091,153.81850463933,135.743190556512,107.94896958748699,-6.174445388817079
340,2004,6,182.58,177.42,175.28333333333302,160.258590050886,147.393970229501,92.5982614786731,-22.05486911028092
341,2004,7,195.77280701754398,164.227192982456,181.561403508772,158.088192494938,143.86810058442,8.26551042714989,-0.2762404907653747
342,2004,8,178.5875,178.5875,198.791666666667,157.21654250958701,144.018028744534,152.87978913130502,-31.474744429319617
343,2004,9,190.606666666667,169.393333333333,183.08,167.248176389674,144.01604533103398,132.683168532157,-21.370650220983862
344,2004,10,191.466417910448,168.533582089552,180.925373134328,167.079887720165,92.74306364653981,83.9547860297682,-14.703106852411468
345,2004,11,200.010434782609,159.989565217391,145.026086956522,168.165184471117,31.9146297759335,108.427101199844,0.18592604247456293
346,2004,12,203.529850746269,156.470149253731,176.850746268657,163.013073319016,37.1242309546751,38.290728316838496,
347,2005,1,190.714285714286,169.285714285714,174.5,158.064775986142,40.163044538438605,42.9529167747404,16.312292242909773
348,2005,2,193.197619047619,166.80238095238101,159.678571428571,151.146853873724,48.6986481377781,147.72123573850598,
349,2005,3,195.245588235294,164.754411764706,180.529411764706,159.04098439273898,25.1038628999859,98.25349943444901,
350,2005,4,182.18125,177.81875,160.7625,161.178361064573,5.9121114941011905,49.0409606006567,52.98646914207857
351,2005,5,185.541666666667,174.458333333333,154.083333333333,172.838314000667,8.9678344516529,93.3294748948138,45.18509990270008
352,2005,6,187.647311827957,172.352688172043,138.02150537634398,165.427093621467,19.8176143591992,55.10340668405561,23.085461212889925
353,2005,7,196.45346534653498,163.54653465346502,81.7227722772277,164.50928004625098,42.163692781420295,69.06481419162479,
354,2005,8,195.14128440367,164.85871559633,111.41284403669701,170.56548332653298,56.732766345498,100.796920913749,
355,2005,9,172.263829787234,172.263829787234,131.404255319149,174.693115195806,-123.938680511453,88.92746934297399,-27.856245001759927
356,2005,10,171.16,171.16,201.0,168.68588585167802,143.54717329176398,118.243285048888,-59.84139360118802
357,2005,11,192.152941176471,167.84705882352898,232.666666666667,165.374828929558,45.426103673632205,100.19344012324301,
358,2005,12,191.0816,168.9184,186.56799999999998,166.312737251225,-49.6937872153839,129.17174023829799,
359,2006,1,226.971428571429,133.02857142857098,200.938775510204,171.37892779863702,111.59948671759199,84.6117828782004,
360,2006,2,175.3,175.3,205.636363636364,174.403873085937,113.06615744850599,91.4837910972083,
361,2006,3,186.109756097561,173.890243902439,189.756097560976,172.830545740607,156.969146557738,62.714649128426,
362,2006,4,190.633333333333,169.36666666666702,172.270833333333,172.839750390625,130.41619030318,165.358915830423,14.889366022031219
363,2006,5,191.62808988764,168.37191011236,153.595505617978,176.14251265018,-69.556155752391,60.8421099644996,-5.913871307370569
364,2006,6,159.389743589744,159.389743589744,218.07692307692298,176.804221209524,-89.64601436722151,82.60761157909529,-8.106617478718
365,2006,7,194.543902439024,165.45609756097602,162.36585365853702,173.29711663414102,-105.702637276599,49.298294971145,64.69711117661157
366,2006,8,186.14705882352902,173.85294117647098,175.73529411764702,170.024397234382,158.95315648483998,107.214027228387,
367,2006,9,181.18148148148202,178.81851851851798,201.444444444444,172.936725430979,154.827184836917,8.09818371056208,7.170095939884948
368,2006,10,213.95588235294102,146.044117647059,236.88235294117598,173.32893049224603,31.4424146511024,82.2557846970508,
369,2006,11,169.6875,169.6875,154.857142857143,167.614510498635,-86.4806425880072,114.380953405515,1.3267779171182321
370,2006,12,194.239024390244,165.760975609756,87.1951219512195,170.628468461142,-52.0094823251029,95.300003862721,40.15063322242961
371,2007,1,181.25873015873,178.74126984127,118.80952380952401,176.930359441469,-105.294798650798,130.209920246202,16.547182422230524
372,2007,2,185.72972972973,174.27027027027,56.7837837837838,176.41759725347697,-144.770920155506,119.308326338706,
373,2007,3,236.934782608696,123.065217391304,131.0,176.42072161149,-145.60085054689,175.04328422987498,5.369256792552632
374,2007,4,167.70769230769199,167.70769230769199,281.923076923077,174.36111585474097,-157.097329056149,49.647957662385394,
375,2007,5,208.470588235294,151.529411764706,186.088235294118,173.75281935527198,-127.97348627860201,166.056531056965,-8.654018637087631
376,2007,6,168.0,168.0,201.058823529412,171.269715565641,140.62517272911302,42.5198045472436,-42.75400810184917
377,2007,7,205.624137931035,154.375862068965,124.172413793103,172.116247251579,110.851082656051,58.8648267037666,-23.28852175128966
378,2007,8,176.104347826087,176.104347826087,118.782608695652,170.372377228721,124.78865502944299,32.0621719747443,4.541250749831437
379,2007,9,231.166666666667,128.833333333333,128.888888888889,167.879514923885,126.179379331327,80.2470552610154,0.6788801338737132
380,2007,10,232.8,127.2,66.0,169.813651084767,130.605724845221,89.9783103269923,
381,2007,11,286.58,73.42,125.0,171.376562555678,101.357011986443,90.59269659668871,
382,2007,12,179.45454545454498,179.45454545454498,262.86363636363603,169.258977381912,115.68578271874901,169.807980984012,
383,2008,1,134.218181818182,134.218181818182,240.72727272727298,168.86066497986,113.791520246641,127.94669637830201,74.86058070476463
384,2008,2,238.75714285714298,121.242857142857,288.428571428571,164.906997638533,120.021056993179,72.2599401043804,
385,2008,3,180.39310344827598,179.60689655172402,222.51724137931,169.469560993707,120.960143282409,143.12023527297399,26.3519406664801
386,2008,4,203.95454545454498,156.045454545455,247.090909090909,170.631048281913,115.901545363547,103.75096131145901,
387,2008,5,122.253846153846,122.253846153846,251.84615384615398,172.63769922400903,128.964794156056,23.5999710818017,5.350870050751235
388,2008,6,120.51,120.51,239.7,172.123035644683,144.761411022339,84.6323082575645,
389,2008,7,138.25,138.25,177.5,171.966301783158,139.03545733599302,132.115193129519,4.726592496224172
390,2008,9,201.1,158.9,127.5,172.33897740527001,161.741889441217,100.193565367346,65.32096495946173
391,2008,10,181.84545454545503,178.15454545454497,153.454545454545,176.334851206233,156.237963853995,148.49526616692802,21.9218390217996
392,2008,11,293.123076923077,66.87692307692299,182.07692307692298,175.33654281797797,153.357312312831,155.408639294435,-19.87805164262519
393,2008,12,242.4,117.6,146.5,174.495120937947,174.659975603758,172.310590145108,14.069123958361265
394,2009,1,153.04,153.04,20.0,176.42894290577,-106.13521358411998,102.30033216039,21.246259882673243
395,2009,2,63.08,63.08,224.2,174.325006436106,-171.428633646059,105.80300393304,3.4969177889220915
396,2009,3,0.0,0.0,34.0,174.325006436106,-171.428633646059,91.9128676202137,0.0
397,2009,4,279.55,80.45,159.5,176.004512333018,159.884483526764,74.5625586583281,-28.478586904689784
398,2009,5,185.9875,174.0125,168.625,178.727419479689,148.254712577645,72.33828611172291,
399,2009,6,174.54615384615397,174.54615384615397,189.92307692307702,174.538127892511,-170.697945288701,136.800152799603,37.59226264788284
400,2009,7,207.9,152.1,247.285714285714,174.74825728039903,-155.613628898199,122.458402296213,
401,2009,9,173.00714285714298,173.00714285714298,227.42857142857102,177.042569105819,-124.98226719581001,126.681061535306,-7.720832321717722
402,2009,8,69.6,69.6,169.0,177.52469628005198,179.608908602943,101.396738096295,34.53510235729008
403,2009,10,224.93,135.07,214.1,177.71409351874598,-124.703739443938,76.7976564289512,-0.504164132102057
404,2009,11,157.4125,157.4125,141.3125,174.67418571324401,-156.884214832957,53.550904571099004,-35.0384198687544
405,2009,12,203.796774193548,156.203225806452,200.870967741935,166.97252094542,-170.698946729732,110.205114502456,
406,2010,1,206.558823529412,153.441176470588,138.441176470588,166.29184521079202,141.535806457241,40.637533454080895,-6.367348743564854
407,2010,2,199.398039215686,160.601960784314,196.64705882352902,163.659741360997,111.96898947582399,141.277296445251,-34.71781982802569
408,2010,3,203.10784313725497,156.892156862745,235.76470588235298,162.06085759174601,86.7354047899312,76.94416682219959,10.536085964432337
409,2010,4,205.472,154.528,232.56,161.27582897102698,93.8725515402968,32.4082983299773,-17.061507878051064
410,2010,5,185.025,174.975,225.72727272727298,162.526457732713,82.3234724956397,48.9220217397641,-48.57731032394955
411,2010,6,234.042105263158,125.95789473684201,187.60526315789502,162.02277001062902,40.528835040223704,62.919716809699004,
412,2010,7,184.825,175.175,218.54545454545502,157.579843323388,-2.92212062064735,50.6020286890147,
413,2010,8,197.90606060606098,162.093939393939,190.77272727272702,158.573985729752,-33.7601607554555,83.73042733363691,
414,2010,9,216.282258064516,143.717741935484,118.5,156.186375695701,-52.850895554128996,68.631579913412,
415,2010,10,203.389333333333,156.61066666666702,146.173333333333,162.545261745774,-40.738132795701205,52.7154278005805,45.11785222297923
416,2010,11,189.229577464789,170.770422535211,165.85915492957702,166.230912319677,-31.572956092287,129.111096514832,
417,2010,12,206.46470588235297,153.535294117647,216.039215686274,169.24204210688,-73.73261858159229,163.567681454749,
418,2011,1,204.929850746269,155.070149253731,226.358208955224,154.70403416247498,2.40321835743873,94.7651758556268,
419,2011,2,202.256578947368,157.74342105263202,158.644736842105,136.834350501513,7.06411560378366,106.99719050641899,
420,2011,3,185.4408,174.5592,173.176,130.312926475163,-5.5204715600153,157.343315100464,
421,2011,4,202.89416058394198,157.10583941605802,179.97080291970798,129.851543617936,-45.9757544593548,121.50943472751999,-0.4346603152879525
422,2011,5,200.508955223881,159.491044776119,153.0,130.045276991691,-75.50032967717509,48.3197481330465,-32.12786456251977
423,2011,6,197.383333333333,162.61666666666702,138.425925925926,143.41255233712099,-79.8505848770917,72.9143537543962,
424,2011,7,182.77954545454497,177.22045454545503,205.090909090909,150.043107369559,-85.04931049880841,95.1032860917132,
425,2011,8,180.886885245902,179.113114754098,211.532786885246,133.144279621798,-67.7669733110008,109.077249149878,-0.9369068500502861
426,2011,9,200.42552083333302,159.574479166667,176.677083333333,133.789976694078,-77.7769244496776,111.450802070673,-0.5192685610726052
427,2011,10,198.41578947368401,161.58421052631599,160.302631578947,126.15820173773001,-98.5629946998597,109.014889349479,
428,2011,11,183.778,176.222,179.204,139.179288492456,-119.41841132049,70.9551024303385,-2.9225745002753833
429,2011,12,195.06009615384602,164.939903846154,188.48557692307702,129.73886877876498,-148.27432549959101,48.489614602913,35.780959590096224
430,2012,1,190.779411764706,169.220588235294,170.252941176471,106.30815689387501,-170.058155113212,25.634592190176395,-46.93895059768717
431,2012,2,198.896808510638,161.103191489362,148.085106382979,126.757476560481,69.6477994205007,67.0228684134282,5.2270005800541055
432,2012,3,199.64701986755,160.35298013245,171.04635761589398,148.639559664379,111.80208365685499,63.2837751297225,-7.456027031933258
433,2012,4,187.55072463768101,172.44927536231899,163.71739130434798,147.00123576229998,42.443243011195506,46.7755426626849,67.23661722815196
434,2012,5,186.75132275132302,173.24867724867698,177.846560846561,137.52172401602502,58.391248583734395,113.046740369624,41.09868755151786
435,2012,6,187.24810126582298,172.75189873417702,174.56962025316503,130.516438415034,-76.1327326728824,99.69777517644708,1.616989960122341
436,2012,7,184.47950310558997,175.52049689441003,181.72049689441002,102.938284700652,-65.86328632310891,117.497877954126,13.678092520673262
437,2012,8,183.201063829787,176.798936170213,145.936170212766,124.083616733073,-29.343378064727997,127.91374194600901,-36.44888407597684
438,2012,9,193.574390243902,166.425609756098,154.524390243902,145.92767172388798,23.6315227929458,96.71022194568759,-6.255256043722146
439,2012,10,192.26797385620898,167.73202614379102,163.980392156863,93.85388059537192,40.7443965561558,125.72397233921001,
440,2012,11,178.208125,178.208125,189.05625,39.0328232949225,122.498636302848,140.233204219318,-27.474737376350475
441,2012,12,194.60720720720698,165.39279279279302,215.81981981982,76.30061029130891,-95.83798204259341,147.02497980152,-65.36477928427873
442,2013,1,181.44381443299,178.55618556701,216.40206185567,71.2430616935609,171.83665315883098,35.9971680974197,-15.864016583721966
443,2013,2,192.312173913044,167.687826086956,182.295652173913,95.52009491119492,145.8905010066,110.66850572947399,
444,2013,3,184.287719298246,175.712280701754,151.005847953216,86.0172981175693,125.852823056138,99.1463347811771,0.2544925094738855
445,2013,4,196.061497326203,163.938502673797,159.139037433155,74.3985667015457,118.309888903593,24.296082062860304,-0.48551949869853395
446,2013,5,183.77149122807,176.22850877193,178.425438596491,73.710486228782,104.601727296128,96.3383062273224,-19.86034855234463
447,2013,6,197.799324324324,162.200675675676,190.601351351351,74.8321728088278,59.9521477661026,62.0865200501098,
448,2013,7,185.936111111111,174.063888888889,162.618055555556,68.2371827154526,70.2346964692537,113.48497841851001,
449,2013,8,190.676630434783,169.323369565217,170.869565217391,57.2111782036195,36.74957921473,30.8783157490473,30.678115008568682
450,2013,9,201.468695652174,158.531304347826,143.50434782608698,41.0798632773566,-18.3869798592616,97.9772341735872,
451,2013,10,183.51165919282502,176.48834080717498,173.22869955156997,59.846419814121,-49.2732200873322,140.094702442677,16.871805819321832
452,2013,11,200.579347826087,159.420652173913,167.22282608695699,45.9604524566176,-76.2551535975934,73.807806275617,45.88022383860308
453,2013,12,196.32,163.68,162.61,54.36600000000001,-91.948,106.94496714170799,-12.269214299556449
