Carrington Number,g10,g11,h11,Bo,ThetaN,PhiN
1642,187.98,-0.5,-13.84,188.48945859119,4.21353309857205,-92.0690343952903
1643,190.47,-2.61,-15.59,191.124778874954,4.74406387922873,-99.5040351966613
1644,173.35,-3.21,-14.65,173.997554867877,4.94469064687041,-102.358914017448
1645,162.42,7.53,0.46,162.59510724496,2.65934654792234,3.49579628915263
1646,152.62,7.39,-0.67,152.800279450006,2.78350097130773,-5.18044750744788
1647,171.01,9.42,-10.23,171.574501019237,4.64903449464024,-47.3604743898113
1648,153.47,4.62,-12.31,154.032208969423,4.89680632876788,-69.4286541453397
1649,179.53,-4.7,-12.68,180.038588363717,4.30764920798395,-110.337852203161
1650,134.24,3.87,-1.42,134.303279557872,1.75890787376247,-20.1493528767425
1651,135.01,-10.75,2.25,135.455989531656,4.65071887095339,168.178511659393
1652,153.13,1.39,-0.98,153.139444298326,0.636328210501155,-35.1852133279477
1653,154.69,17.51,-8.98,155.936642903456,7.24977172414795,-27.151010310973
1654,149.65,-2.15,-22.23,151.307362345657,8.48815998978425,-95.5242453024972
1655,164.91,4.86,-14.65,165.630764654396,5.34713912655477,-71.6472208516583
1656,168.57,-2.66,-21.34,169.936211856096,7.27017859779676,-97.1051885335047
1657,167.53,-1.52,-15.28,168.232249286515,5.23696710450193,-95.680890817966
1658,168.01,-0.55,-11.19,168.383130687133,3.81503964300061,-92.813881956645
1659,165.05,-21.73,-10.87,166.828811360628,8.37439988201792,-153.424402940561
1660,163.96,-19.77,2.01,165.15984560419,6.91052988732687,174.194731633264
1661,158.66,-14.56,10.71,159.686233908875,6.49920043695728,143.662658166652
1662,157.41,-17.97,21.8,159.92519813963,10.175039945276,129.499165584394
1663,150.36,-7.91,22.53,152.244207114754,9.02361362870995,109.345533546865
1664,127,-1.63,21.58,128.830715669828,9.67061293145818,94.3195143007334
1665,115.51,-6.13,5.56,115.80609051341,4.09804528092115,137.791509772005
1666,132.81,9.31,10.36,133.53839073465,5.98707049320567,48.0555934577529
1667,121.67,8.26,-15.13,122.885041400489,8.06384467389787,-61.3683186934429
1668,135.58,19.75,-15.7,137.907537502488,10.5415552366981,-38.482477407398
1669,131.37,17.4,-8.23,132.772624437419,8.33560509461461,-25.313611067187
1670,113.91,25.89,-29.77,120.54888261614,19.1036825103775,-48.9875778209174
1671,111.71,19.39,-35.49,118.80503482597,19.9013653407075,-61.3499659657507
1672,100.02,-10.81,-29.37,104.801972309685,17.3748785270844,-110.206776496779
1673,78.03,17.95,-22.72,83.2290922694703,20.3587413506142,-51.6894011804177
1674,77.31,10.29,-21.16,80.8112974775186,16.9276531798704,-64.0665817043959
1675,104.92,24.64,-53.43,120.291732467365,29.2831808125887,-65.2425426834269
1676,71.19,51.09,-50.23,101.001272764258,45.1831704130033,-44.5136874545889
1677,77.54,8.17,-54.99,95.4101703174248,35.6392668706872,-81.549242853346
1678,60.92,-26.7,-83.49,106.746037397179,55.2009228509674,-107.734212782834
1679,58.27,-56.69,-67.58,105.717573751955,56.5516146467201,-129.991863014296
1680,32.43,-81.73,-76.2,116.352644147007,73.8160768908224,-137.005421785131
1681,25.52,-94.19,-57.15,113.089119724225,76.9581476141497,-148.75262097316
1682,44.42,-81.12,-53.78,106.985415828514,65.4682908266835,-146.456877898907
1683,30.4,-70.83,-57.78,96.3305626475835,71.6041679412501,-140.793946827901
1684,53,-63.2,-15.02,83.8381798466546,50.7895809845132,-166.63120013559
1685,44.26,-96.86,-13.51,107.346761944644,65.6500557981368,-172.059631794009
1686,25.63,-55.04,44.06,75.0172120249746,70.022266802194,141.322423252035
1687,-13.95,-25.68,61.28,67.8918500263471,101.857239342193,112.736610840865
1688,-28.84,-18.8,5.89,34.926747629861,145.662387900878,162.604337257267
1689,-2.76,-23.94,-43.92,50.0969819450234,93.1582033908737,-118.594004818769
1690,1.21,-3.99,-38.61,38.8344730877091,88.2144957813834,-95.9000655314262
1691,-4.8,-37.84,-12.17,40.0376635182424,96.8855877550367,-162.171308976251
1692,-14.09,-56.78,-17.64,61.1037322918985,103.331897077621,-162.741403089836
1693,-23.32,-57.55,-39.94,73.8310808535267,108.412505741849,-145.239150413212
1694,-40.44,-79.58,-30.62,94.3713643008302,115.37366079275,-158.95477003225
1695,-84.01,-52.99,11.55,99.9951133806048,147.155017625151,167.703807225294
1696,-81.29,4.33,10.98,82.1423970918794,171.738646633412,68.4780359323619
1697,-76.82,4.77,24.39,80.7399368342582,162.073070805889,78.9342241994229
1698,-56.67,18.91,-1.64,59.7642585497386,161.482302551771,-4.95666576895408
1699,-82.14,4.44,0.72,82.2630634002892,176.865604447467,9.21102654081667
1700,-99.81,37.45,-21.2,108.692127589812,156.676168055033,-29.5136847096548
1701,-101.12,72.45,-37.3,129.867420471803,141.136245499006,-27.241122575259
1702,-124.19,65.06,-35.14,144.536428972076,149.230209169594,-28.374228001068
1703,-139.33,84.78,-21.97,164.569675821519,147.847245312646,-14.5281223706293
1704,-102.7,66.82,-20.55,124.235682877344,145.756603672496,-17.0948955852837
1705,-85.35,76.16,23.17,116.71254002891,136.994135130916,16.9212262663763
1706,-74.09,15.75,0.55,75.7475616769279,167.991650810229,1.99999229903418
1707,-94.4,84.66,32.77,130.96773839385,136.119593823279,21.1603104882087
1708,-105.17,57.99,-8.23,120.379823475531,150.88576757964,-8.07753235679909
1709,-115.2,80.25,-7.23,140.582272708902,145.029672535069,-5.14807623436068
1710,-112.59,77.71,-50.62,145.868902100482,140.520981234361,-33.0800688168002
1711,-125.55,43.24,-16.85,133.852241669686,159.714148699689,-21.2901401904673
1712,-161.68,13.91,-19.42,163.435145853026,171.595518273396,-54.3870394615851
1713,-141.87,29.07,-16.67,145.773971270594,166.710000190988,-29.8318311861488
1714,-155.28,18.61,-47.62,163.480503118873,161.775431749027,-68.6543333249862
1715,-130.48,27.7,-20.9,135.015296911128,165.107340519523,-37.0350147089551
1716,-105.32,10.78,-22.93,108.324954188774,166.473002900989,-64.8205405490861
1717,-95.14,-37.1,13.66,103.027303177362,157.434960696789,159.786592280969
1718,-61.2,-25.99,20.71,69.6406792040399,151.497550608845,141.450588101613
1719,-80.54,-7.4,35.4,88.2870975850945,155.818311399579,101.807063421599
1720,-141.2,-12.46,100.64,173.842173249186,144.314481138501,97.0577398462306
1721,-155.39,-42.8,137.62,211.936680402426,137.154551695564,107.275762129721
1722,-149.44,-17.14,155.27,216.182483332947,133.730553989788,96.2992826869913
1723,-154.53,-9.57,175.21,233.815418439418,131.369001928393,93.1263986309154
1724,-150.39,37.61,145.56,212.648484123447,135.009456341291,75.5126834862807
1725,-136.03,79.79,104.3,189.074310788113,136.009302597556,52.5838381142008
1726,-113.44,48.65,76.44,145.184467833167,141.3844202417,57.5254128060618
1727,-132.82,76.7,53.32,162.379385391127,144.881197111737,34.806100006202
1728,-152.27,63.23,39.03,169.432956357375,153.988174986625,31.6858006539458
1729,-152.44,32.81,43.66,161.927901548807,160.28913922641,53.075548949638
1730,-128.19,14.61,26.39,131.691154980128,166.758661060733,61.030262075902
1731,-134.37,-4.86,59.03,146.845011491709,156.212318170475,94.7066046053718
1732,-125.97,-7.17,28.46,129.343810829896,166.884835913629,104.14040888901
1733,-89.71,2.94,23.09,92.6805038829634,165.454610984777,82.7436975908174
1734,-93.45,15.31,37.78,101.954043568659,156.432467044429,67.9401974871933
1735,-146.29,22.17,63.42,160.97940675751,155.333147729949,70.7316873694521
1736,-176.38,12.29,32.77,179.818857186892,168.776672287478,69.4420387258571
1737,-203.71,36.24,21.19,207.990667579101,168.355545793179,30.3153824072312
1738,-203.05,29.89,47.11,210.575560547752,164.635973883653,57.6059959720373
1739,-188.65,16.22,25.48,191.052718640694,170.903618227056,57.5200784756332
1740,-190.5,12.33,-2.78,190.918850038439,176.204037305242,-12.7058129009949
1741,-192.57,-6.5,9.49,192.913231790875,176.581663694387,124.408472252029
1742,-183.96,10.06,16.09,184.936133029757,174.110580928088,57.9850152201966
1743,-191.98,-24.99,1.03,193.602379634136,172.577293723319,177.639805165548
1744,-201.81,-25.66,-7.59,203.576324261934,172.446926240256,-163.522251036149
1745,-207.58,-47.76,-21.73,214.109007050147,165.814208853906,-155.535260013183
1746,-196.69,-64.09,-15.58,207.454140956502,161.462027443192,-166.336677388399
1747,-207.13,-59.26,-14.09,215.900700786264,163.612637934331,-166.625367551737
1748,-211.17,-57.86,-51.39,224.903269429326,159.873798112682,-138.389210258118
1749,-206.42,-61.87,-36.7,218.595524428109,160.786895222509,-149.324461551252
1750,-211.4,-62.9,-52.11,226.631467585594,158.874291668657,-140.359683147048
1751,-215.38,-52.23,-56.65,228.748201741566,160.315093638637,-132.675345623808
1752,-211.92,-59.31,-44.4,224.497488850098,160.730181422342,-143.181143284503
1753,-208.57,-48.88,-37.14,217.416832145076,163.59906163526,-142.771705071701
1754,-219.99,-45.41,-23.19,225.821709098129,166.95056273134,-152.947486625044
1755,-210.21,-37.57,-19.5,214.429473254028,168.614837019096,-152.569281766505
1756,-226.43,-29.61,-18.91,229.139444661979,171.180241041536,-147.436249990068
1757,-231.47,-24.87,-11.17,233.070046767061,173.282471679034,-155.813458804507
1758,-218.35,-17.33,-10.6,219.292980735818,174.684643184648,-148.547705393687
1759,-210.8,-10.54,-10.49,211.323855018784,175.964859339173,-135.136223660374
1760,-218.07,-4.68,-11.67,218.432177574642,176.700104957996,-111.852181098684
1761,-223.63,-2.97,-12.9,224.021444955611,176.612405315404,-102.96541901314
1762,-230.23,7.06,-14.82,230.814490229708,175.921631979919,-64.5276513585818
1763,-240.59,12.42,-12.72,241.245938618664,175.773920360621,-45.6836880679404
1764,-231.76,11.28,-12.38,232.3643699021,175.866685483188,-47.6618768566239
1765,-227.33,11.29,-18.96,228.398499557243,174.455688325223,-59.2277185085246
1766,-219.35,23.37,-18.11,221.333575175571,172.323501135298,-37.7730037299907
1767,-227.34,3.55,-22.98,228.526056501223,174.160031977703,-81.2182433197525
1768,-225.94,12.5,-14.66,226.759893279213,175.126240278308,-49.547089544008
1769,-206.34,-1.35,-13.5,206.785560666116,176.238085163468,-95.7105931374996
1770,-194.91,4.21,-9.92,195.207680689055,176.835393501198,-67.00386722857
1771,-196.72,-4.78,-14.29,197.296251611631,175.619839227263,-108.495070290377
1772,-198.44,-18.45,-8.34,199.470277735807,174.174103044804,-155.675484439794
1773,-201.95,-12.84,-2.79,202.377005116688,176.277369094301,-167.740784112765
1774,-208.55,-12.98,-4.21,208.99594972152,176.256404660535,-162.029780796044
1775,-221.61,-10.31,2.11,221.85973113659,177.281211137762,168.433807828034
1776,-224.24,-5.7,-1.1,224.315130118323,178.517046596735,-169.077195280131
1777,-225.61,-10.46,0.1,225.852371473049,177.345364488029,179.452255888759
1778,-198.98,-6.59,1.89,199.098067795747,178.026708253363,163.99720502039
1779,-206.16,-5.62,3.76,206.270859793622,178.121439542397,146.215927998052
1780,-213.34,-8.78,0.71,213.521774299485,177.635640017518,175.37680209958
1781,-217.35,-11.5,-8.31,217.81259972738,176.265128093615,-144.147797122659
1782,-225.75,-10.88,3.68,226.041985701772,177.087468532239,161.312648494789
1783,-198.24,-13.08,1.15,198.67437303286,176.21054031703,174.97544706964
1784,-211.3,-9.83,-0.05,211.528535663631,177.336398512095,-179.708569250262
1785,-206.05,-9.84,-5.71,206.363834525335,176.839715001578,-149.874068657119
1786,-190.65,-2.63,-2.42,190.68349640176,178.926043939572,-137.38122483268
1787,-202.68,4.59,-9.69,202.963411973686,176.971773196303,-64.6538240580533
1788,-204.25,-13.39,-6.55,204.793205697845,175.825946041602,-153.933459377316
1789,-199.95,-6.68,-7.15,200.189278933713,177.198357464075,-133.053604005144
1790,-200.06,-18.54,-8.13,201.081655304506,174.221865415157,-156.322004733695
1791,-186.83,-13.19,8.99,187.510653297353,175.116636050881,145.722559308535
1792,-178.91,-15.75,21.76,180.915306704546,171.461288383696,125.89721295378
1793,-166.04,-22.15,42.42,172.7986125523,163.92236831759,117.571733868814
1794,-166.33,-5.64,41.03,171.408691144878,166.017806787856,97.8268493954058
1795,-168.54,22.69,30.64,172.798661163795,167.253234825508,53.4787478135032
1796,-180.18,4.68,21.32,181.497320090408,173.092654048794,77.6192430711928
1797,-177.83,6.73,28.28,180.190344358403,170.716007643851,76.6138935017256
1798,-193.7,20.07,17.66,195.536110475789,172.141964702607,41.3452029094519
1799,-144.37,10.56,17.2,145.773970584601,172.041598912521,58.4520103571352
1800,-134.86,15.46,40.69,141.710646389042,162.111766485126,69.1959159830202
1801,-131.04,34.55,21.84,137.266782944746,162.676233504796,32.2981002817954
1802,-155.67,-12.63,-17.4,157.147783312397,172.136248119571,-125.974474137145
1803,-146.09,-4.98,-12.38,146.698169381898,174.780995014155,-111.91303485489
1804,-115.65,-47.95,-9.18,125.532455564288,157.113297853431,-169.161901747814
1805,-86.29,-67.44,-24.97,112.328173669832,140.1921236815,-159.682674157431
1806,-80.08,-44.39,15.21,92.8149912460266,149.631489865658,161.086245996185
1807,-77.89,-53.19,6.83,94.5657289931189,145.452861187713,172.682827831015
1808,-109.32,-76.26,-1.27,133.296897563297,145.097219959863,-179.045909859175
1809,-106.16,-31.12,-11.03,111.17581076835,162.723748066873,-160.483919946131
1810,-62.74,-80.01,-18.16,103.284525946533,127.40521947857,-167.212139355677
1811,-75.16,-47.53,-49.31,101.68383647365,137.659387032469,-133.946974346238
1812,-29.95,-76.38,-27.6,86.560192351912,110.242973799792,-160.132620452228
1813,-61.91,-54.9,-39.58,91.7247758242014,132.450574466859,-144.210387734909
1814,-26.83,-99.5,17.29,104.494224720795,104.877934144542,170.142212706533
1815,-23.17,-91.7,68.71,116.905102540479,101.431423957939,143.156103613735
1816,-27.77,-50.89,70.35,91.1596813289735,107.735922551461,125.881340951685
1817,-32.98,-23.43,80.07,89.7098110576541,111.569515048671,106.310476440737
1818,-43.08,19.77,23.42,52.8699886514079,144.570457337706,49.8306054781871
1819,-30.31,-2.46,-13.03,33.0836606197077,156.371320765109,-100.69132141347
1820,-28.99,1.28,-56.43,63.4539470797523,117.185110122716,-88.7005843758642
1821,-27.81,-34.94,-36.25,57.5174947298646,118.914574653666,-133.94579293367
1822,14.48,17.84,-53.21,57.9589518538767,75.5324298398675,-71.4649684950239
1823,12.03,-62.44,-92.68,112.396872287444,83.8557803598703,-123.968780029866
1824,45.86,-85.83,-89.81,132.422674040362,69.7378918586103,-133.701900569254
1825,13.59,-124.98,-54.84,137.157260471329,84.3136122044156,-156.308604508761
1826,23.28,-113.02,45.5,124.03922282891,79.1824276321012,158.071092113994
1827,6.72,-83.31,9.88,84.1625148150886,85.4203135571305,173.236698903709
1828,8.87,-63.41,25.74,69.0076271146893,82.6149686155454,157.906307304393
1829,17.81,-31.59,13.67,38.7555557307594,62.6421188463256,156.600326474476
1830,69.19,-19.29,-36.37,80.5117202648161,30.7531852429509,-117.940682397445
1831,18.84,-30.61,-31.45,47.7600272194227,66.7669433333443,-134.224532452385
1832,28.09,-19.27,-60.33,69.2826810970823,66.0812703211618,-107.713997339595
1833,23.8,-101.39,-60.44,120.413311971725,78.6002791016537,-149.200237797778
1834,22.8,-124.77,-33.2,131.109240330344,79.9853029764519,-165.099455391965
1835,48.38,-58.29,0.33,75.7526065558143,50.3081854831217,179.675632093987
1836,50.25,-62.75,25.49,84.3348391828668,53.4275227202719,157.892266094138
1837,47.33,-31.41,-0.98,56.8126517599733,33.5826182856175,-178.212936811467
1838,48,33.04,-46.7,74.6761782632186,50.0009235790492,-54.7207976553804
1839,31.05,15.43,-96.65,102.681107804698,72.398639145496,-80.9293768323208
1840,55.37,53.45,-72.48,105.71702701079,58.4154182029994,-53.5932735501725
1841,58.96,52.19,-69.67,105.137940820619,55.889752169472,-53.1630120458344
1842,93.88,48.66,-92.62,140.569251260722,48.0982050425352,-62.2837990639473
1843,104.17,36.86,-101.81,150.250872210447,46.1075301345225,-70.0973656605852
1844,112.59,65.27,-161.66,207.534663610685,57.1452090815725,-68.0136755023938
1845,118.1,55.36,-137.46,189.492984566712,51.4467239116561,-68.063611608091
1846,150.77,-10.69,-111.12,187.599369401925,36.5169612829139,-95.4950755295302
1847,143.28,-4.56,-119.56,186.666937618851,39.8637962474096,-92.1841935459648
1848,161.3,17.45,-132.85,209.693383300475,39.7162501131453,-82.516972562554
1849,146.77,-3.29,-114.77,186.344868187992,38.0358238289077,-91.6419927372344
1850,161.35,7.7,-89.64,184.73884837792,29.1444015889998,-85.0903928960795
1851,183.22,-11.73,-93.5,206.032549127559,27.2174691942333,-97.1506577790598
1852,175.9,20.74,-51.94,184.577141596678,17.6381589910863,-68.2328332890132
1853,202.47,13.51,-54.78,210.184370018325,15.5713047807305,-76.1460147697513
1854,164.6,15.23,-59.26,175.60427244233,20.3913134868659,-75.5867413449012
1855,167.21,-27.71,-24.66,171.27505305794,12.5079578980948,-138.333109641443
1856,168.63,8.39,-10.77,169.181742218243,4.62857271490876,-52.0808464132759
1857,168.58,1.43,23.37,170.198173315697,7.90710294041733,86.4984622575138
1858,185.51,10.87,25.09,187.51433305217,8.38480459981603,66.5757933877823
1859,193.78,6.98,22.11,195.162140027209,6.82295499319847,72.4793926219582
1860,188.91,17.6,30.5,192.163987521075,10.559037250902,60.0129400276178
1861,192.99,36.64,26.43,198.207402989898,13.1753504644006,35.8045244355572
1862,182.6,10.59,33.68,185.981855297768,10.9430945403603,72.5452918070436
1863,178.44,57.67,5.2,187.599846748338,17.9782998462523,5.15232403801978
1864,169.76,28.61,11.17,172.515966217623,10.2550973626693,21.3268135453904
1865,167.9,33.73,-15.03,171.912837798694,12.4038841780435,-24.0176280123269
1866,158.09,26.81,-29.79,163.09098166361,14.2254606335815,-48.0138501310775
1867,147.68,11.83,-23.84,150.058911431477,10.2157743561164,-63.6082509378808
1868,145.26,10.38,-24.15,147.619221309422,10.2572424086536,-66.7413060382059
1869,160.91,11.17,-33.16,164.670527417629,12.2682902093757,-71.3838179556682
1870,157.38,-8.39,-23.31,159.317960694957,8.94579541623961,-109.795394704147
1871,164.11,-5.7,-19.4,165.350966432011,7.02402857356446,-106.37354932705
1872,163.75,-20.08,-16.77,165.826722213279,9.07724085351199,-140.132739157713
1873,150.48,-15.44,-8.08,151.485677210752,6.60574349906545,-152.376215099719
1874,159.93,-34.57,-9.94,163.925267728926,12.6757498828002,-163.958334502477
1875,165.61,-26.47,0.28,167.71228756415,9.08146587865169,179.39394711232
1876,158.58,-36.38,9.51,162.977179077317,13.3395944233498,165.350279402952
1877,175.82,-52.74,2.42,183.575696648549,16.7140397883467,177.372798691978
1878,165.15,-39.84,19.67,171.022387423401,15.0580623579269,153.723299581792
1879,175.36,-38.17,24.89,181.183858552576,14.5664429119186,146.892321276969
1880,171.04,-41.67,22.85,177.519556669117,15.5280564770202,151.261568714918
1881,177.48,-35.07,26.56,182.851001911392,13.9214813873041,142.861807111574
1882,171.42,-30.58,37.32,178.080698561074,15.7199848272999,129.331183461036
1883,172.28,-23.78,30.93,176.642440257148,12.7600600233383,127.554265621897
1884,168.66,-4.97,30.27,171.426863122441,10.3080827908591,99.3241419690339
1885,181.28,-16.65,17.19,182.852828799557,7.5203717556595,134.085783239551
1886,172.87,-18.12,9.74,174.089743810484,6.78639673981028,151.740743770731
1887,160.97,-11.1,9.08,161.607540975042,5.09100762930123,140.716215331527
1888,170.93,-22.87,5.17,172.53066596985,7.81072191705137,167.261804011674
1889,170.49,-20.78,5.52,171.840387860363,7.18768582419936,165.123513146708
1890,181.95,-5.38,7.41,182.180281589419,2.88112640247534,125.981371163344
1891,155.05,-10.74,1.84,155.432415216389,4.01997634351376,170.27834441126
1892,171.74,-5.98,3.23,171.874433526339,2.26628277104667,151.625019548693
1893,143.53,1.38,13.77,144.195624760254,5.50736078275311,84.2770479801396
1894,164.31,8.05,-2.56,164.526995353346,2.94301183328182,-17.6413103886726
1895,164.64,8.32,-1.64,164.858246988132,2.9485218078084,-11.1509251685051
1896,175.43,8.79,-3.73,175.689674995431,3.1155382183048,-22.9937384894831
1897,169.43,11.33,-6.21,169.921917067811,4.36077524907032,-28.7272524329757
1898,145.44,17.02,-6.64,146.582958081763,7.15968046870045,-21.3122116283134
1899,163.27,9.9,-8.71,163.801608661209,4.61734259629411,-41.3412532878225
1900,167.92,5.53,-7.34,168.171290355994,3.1325910761284,-53.0054109742674
1901,173.93,-1.32,-7.39,174.091928015058,2.47139962884776,-100.127355047093
1902,148.44,8.16,-5.85,148.779170921201,3.86953169220519,-35.637184082194
1903,178.37,8.63,-1.76,178.587321498476,2.8268822212733,-11.5268159297145
1904,176.08,4.18,-5.72,176.222465083201,2.30404244269485,-53.8418145601917
1905,172.65,-7.72,1.15,172.826338849147,2.58847276576059,171.527310548319
1906,158.49,-0.7,-1.11,158.495432741767,0.474394915813716,-122.23678655213
1907,164.17,4.35,7.5,164.398787708426,3.02311764336947,59.8862668490176
1908,161.47,-2.3,7.53,161.66184398305,2.79158537793055,106.985023732706
1909,152.99,4.64,4.65,153.130964210378,2.45863395113895,45.0616746581095
1910,155.95,2.95,-2.36,155.995751865235,1.38770215151844,-38.6598082540901
1911,144.29,0.76,7.59,144.491486946463,3.02614990438485,84.2819328500834
1912,154.73,7.69,6.58,155.060650714487,3.74238760515282,40.5521717081493
1913,155.72,12.24,6.46,156.333833830045,5.07900634810159,27.8240963842533
1914,157.97,10.61,4.81,158.39895548898,4.21760249302589,24.3869683745709
1915,150.25,9.06,4.66,150.595025482252,3.87918824189452,27.2189693447016
1916,124.84,5.04,1.48,124.950460583385,2.40937480921623,16.3649181698809
1917,145.41,18.52,0.93,146.58759633748,7.26738903104886,2.87474913123692
1918,145.18,13.25,-7.81,145.992434735503,6.04739453037078,-30.5165416439808
1919,152.39,6.02,-4.56,152.577016945541,2.83712140600428,-37.1430216446453
1920,149.64,3.82,3.28,149.724681999996,1.92711199733066,40.6506662652819
1921,148.26,-3.1,2.55,148.314328707647,1.55086509031206,140.55994726331
1922,152.7,0.81,8.75,152.952635152193,3.29356192860314,84.7111210982591
1923,141.06,0.57,4.37,141.128825546024,1.78946105302463,82.5685920288275
1924,141.52,1.39,2.61,141.550890495256,1.19702070144205,61.9617058865329
1925,137.57,7.75,-0.99,137.791681534119,3.25049222475286,-7.27964817726749
1926,131.64,0.02,-2.14,131.657394779025,0.931385004635014,-89.4645410144355
1927,120.17,14.24,-8.03,121.276903819318,7.74701499971956,-29.4188466169831
1928,134.12,-17.93,4.15,135.376814115269,7.8133553494025,166.968047851626
1929,150.09,-4.63,-1.8,150.172184508317,1.89564788206176,-158.755466535738
1930,112.26,12.06,3.02,112.946321763925,6.31954240028122,14.0585984334379
1931,104.19,4.34,-7.81,104.572404581706,4.90143289127034,-60.9391674218178
1932,114.67,11.89,-23.23,117.601929831104,12.820755751546,-62.894901770462
1933,88.9,16.99,-16.08,91.9262557705904,14.7424392979778,-43.4237676052633
1934,83.94,11.05,-0.84,84.6683630407486,7.52077900444255,-4.34715542540257
1935,96.34,-20.76,-4.42,98.6504414587183,12.4247276291334,-167.980656870241
1936,114.42,6.56,-5.28,114.72945742049,4.20918754887472,-38.8298249049704
1937,106.43,19.47,0.75,108.198836869904,10.3744160605349,2.20598864519359
1938,100.48,18.1,14.26,103.088253453049,12.9159957084725,38.232641453721
1939,95.99,8.65,2.96,96.4243962905654,5.44064510790693,18.8907686524087
1940,99.3,12.54,-1.78,100.104495403553,7.26881985131903,-8.078922573652
1941,84.64,-3.72,14.02,85.8739098911887,9.72456393855128,104.860172795886
1942,82.9,1.92,18.45,84.9499788110627,12.6126957701669,84.058897245556
1943,69.22,-25.08,-29.38,79.2691566752164,29.1641212145791,-130.485461250702
1944,62.2,9.6,-40.04,74.5935761309243,33.5035145364129,-76.517256504626
1945,84.67,6.72,-43.48,95.4184348016671,27.4572964954323,-81.2142332787541
1946,78.33,-15.01,-75.13,109.569183167531,44.36575021419,-101.298199349828
1947,61.13,-26.33,-46.98,81.4694188023948,41.3799102830407,-119.268505144383
1948,45.27,-16.01,-34.59,59.1790596410589,40.0959853854426,-114.837084197993
1949,40.32,-16.88,-10.81,45.0276903693716,26.4338401056926,-147.364385605942
1950,27.35,-9.97,27.3,39.9088135629212,46.7398288781934,110.06226755205
1951,6.22,17.92,21.07,28.3506560770646,77.3264828928373,49.6188911810729
1952,-7.86,45.45,12.06,47.6752105396505,99.4894243214746,14.8607776139867
1953,-8.15,20.53,-16.59,27.6248348411352,107.158999804276,-38.9411828159244
1954,0.38,28.5,-9.46,30.031416882991,89.2749933400023,-18.3625447592982
1955,-27.91,31.16,13.96,44.0998333330184,129.263088361924,24.1328696413612
1956,-29.26,55.14,18.27,65.0412184695213,116.735251906772,18.3320167803592
1957,8.1,42.72,39.99,59.0746011412688,82.1190757156287,43.1095307470621
1958,-11.73,63.53,29.7,71.1037537687006,99.4955029387423,25.055885302046
1959,-9.54,47.44,47.34,67.6952051477798,98.101421028474,44.9395486829997
1960,-28.93,51.74,48.74,76.7434694290009,112.146134856555,43.289845828705
1961,-25.13,45.91,47.02,70.3571275707018,110.926972359095,45.6843354243476
1962,-44.59,40.29,48.34,77.1252734192885,125.320549517223,50.1897658806631
1963,-34.32,64.09,32.73,79.7285607546004,115.496791260111,27.0528600225354
1964,-22.39,51.12,67.63,87.6834271684222,104.794350198256,52.9151833625664
1965,-36.85,44.06,49.08,75.551654515305,119.192525039449,48.0851061632955
1966,-44.45,48.3,31.26,72.7040583461474,127.689544986639,32.9111448368023
1967,-30.21,39.63,7.58,50.4047358886048,126.823247587306,10.8281390444202
1968,-45.72,38.4,-5.74,59.9818805973937,139.661202583429,-8.50157849064042
1969,-61.87,34.24,-7.82,71.1437059760033,150.417790558631,-12.8650051510309
1970,-53.68,8.87,50.54,74.2597528948218,136.291779372202,80.0457072836217
1971,-61.64,-15.75,-13.32,64.9998038458579,161.497634471941,-139.778321623665
1972,-100.15,-42.08,-32.05,113.260546528789,152.158675517643,-142.705488326314
1973,-91.83,-43.23,16.38,102.809951852921,153.278340519958,159.248124608898
1974,-113.39,-6.21,-2.34,113.584029687276,176.650538973193,-159.35300917503
1975,-112.29,-71.25,0.91,132.990355665364,147.602033386884,179.268262110648
1976,-53.16,-66.47,24.11,88.4620743595808,126.936926601569,160.06327784258
1977,-86.35,-39.89,15.12,96.3127665473275,153.709281591099,159.241169313574
1978,-79.18,-64.15,26.17,105.211994563358,138.813996177979,157.806990731418
1979,-128.39,-51.49,32.01,141.985394671424,154.722182326872,148.131853129174
1980,-112.82,-27.87,29.71,119.949045014956,160.1468361531,133.169705255432
1981,-97.06,17.34,-5.3,98.7390966132464,169.418474773612,-16.9958599883877
1982,-79.72,36.75,1.14,87.7903212205081,155.240366359413,1.77676870482146
1983,-90.03,19.55,-74.04,118.192745124225,139.616231054431,-75.2088338189772
1984,-96.74,53.14,-49.22,120.851543639293,143.176561739177,-42.8068605603035
1985,-88.02,44.25,-20.46,100.619056346201,151.019492227653,-24.8145411072643
1986,-65.61,70.29,-41.17,104.59600900608,128.849037263945,-30.3582021619121
1987,-72.15,51.56,-10.34,89.280298498605,143.913532192662,-11.33984747515
1988,-76.86,52.67,-2.02,93.1969361084365,145.558616863765,-2.19633148812883
1989,-86.39,59.19,15.75,105.899720018516,144.663742470217,14.9006858906058
1990,-98.55,46.91,20.35,111.026001909463,152.576916857481,23.4516543006368
1991,-112.08,62.41,30.19,131.789114117973,148.260604581187,25.8147525906284
1992,-72.43,69.03,18.72,101.792358259351,135.360885530537,15.1729153455253
1993,-90.77,18.94,36.42,99.6209460906691,155.665283257522,62.5235870548388
1994,-62.17,28.21,47.64,83.249520118737,138.313171656417,59.3681268411511
1995,-89.97,23.87,62.16,111.92963593258,143.495348188157,68.9927607248441
1996,-92.69,3.75,75.09,119.348258051804,140.953477162408,87.1410198478812
1997,-102.66,22.43,92.69,140.120007850414,137.109662003891,76.3965377036134
1998,-81.39,41.2,113.66,145.740755109887,123.949182163926,70.0751990580888
1999,-88.92,43.54,110.8,148.590504407247,126.757048465403,68.5471441786843
2000,-96.98,44.82,76.45,131.37182079883,137.579162727953,59.6183736608924
2001,-83.64,32.84,72.66,115.557737949477,136.368616979597,65.6785506956146
2002,-90.86,25.61,70.97,118.102297183416,140.294034664794,70.1576818185192
2003,-93.45,1.34,92.97,131.826093775094,135.144551290077,89.1742386935833
2004,-101.22,-7.04,80.66,129.619001693425,141.343421661848,94.988131677752
2005,-86.89,-10.72,87.64,123.877197659618,134.541078464494,96.9736960872673
2006,-99.01,-29.32,76.17,128.314112240236,140.49977297335,111.053135176519
2007,-102.37,-16.68,60.39,120.019962506243,148.533052953038,105.440401120594
2008,-115.41,-29.93,54.5,131.093565822278,151.686252151623,118.774459819191
2009,-102.02,-70.08,85.39,150.368676591902,132.723868947297,129.375897327085
2010,-101.06,-63.18,70.74,138.596477588718,136.81661953857,131.768990099632
2011,-86.73,-55.27,72.88,126.049038869799,133.4771740014,127.175585826199
2012,-68.82,-41.28,65.45,103.556425681847,131.648979776558,122.240059129653
2013,-84.21,-35.85,50.09,104.333861713252,143.815544281027,125.591742639211
2014,-90.74,-34.27,24.49,100.039695121487,155.099446842146,144.449672038885
2015,-76.86,-31.33,45.85,94.8222073145316,144.151621650521,124.34538750843
2016,-86.56,-30.6,30.81,96.8413635798257,153.358914936767,134.804069910484
2017,-91.19,-28.17,17.21,96.9811791019268,160.099563907694,148.57783938556
2018,-88.44,-23.56,19.01,93.4777369216863,161.103939548906,141.100771031504
2019,-81.3,-44.53,22.9,95.4830922205602,148.37078532104,152.785051366037
2020,-85.81,-11.13,12.25,87.3916214519447,169.08280215276,132.257388642518
2021,-80.02,-20.43,7.51,82.9275913071156,164.782898020527,159.816740256227
2022,-88.38,4.25,18.95,90.4886147534594,167.606720220082,77.359192864501
2023,-87.94,17.64,3.76,89.7705452807323,168.409512580945,12.0326334246853
2024,-95.55,23.03,21.6,100.631721638855,161.713930533737,43.1648007304133
2025,-88.48,26.97,22.06,95.0932957678931,158.50579910606,39.2813078650261
2026,-69.98,25.38,29.91,80.2243909294424,150.727409713362,49.6838748601078
2027,-78.89,25.75,14.27,84.2040824425989,159.535737080972,28.994113691185
2028,-74.62,32.36,2.8,81.3827623025908,156.47726591735,4.94529061831773
2029,-74.58,3.38,0.55,74.6585782077318,177.371022127231,9.24227228846645
2030,-100.41,23.85,3.6,103.266405960506,166.492522623478,8.58362148011395
2031,-86.08,19.89,15.32,89.6664982030636,163.740164368283,37.6047697510842
2032,-83.95,13.28,16.26,86.5352442649814,165.959612467562,50.7605190671969
2033,-89.55,6.39,10.55,90.3954484473638,172.157636216054,58.7972468861452
2034,-85.29,-6.17,-4.21,85.6164534420809,174.994957931491,-145.692957582596
2035,-91.96,-14.7,9.75,93.6364998277915,169.141572938312,146.445063778921
2036,-95.9,-13.4,21.2,99.1252238332908,165.344180549693,122.295976385943
2037,-96.93,-25.13,-0.32,100.135129699821,165.464416501469,-179.270447331584
2038,-97.16,-18.69,10.24,99.4697908915063,167.628500046765,151.282257046478
2039,-129.05,4.13,8.07,129.368018845463,175.981725494115,62.8979049503225
2040,-88.21,-9.68,4.54,88.8556025245454,173.088996079122,154.873034530326
2041,-87.64,-10.39,4.21,88.3540932837862,172.710550940583,157.942341427608
2042,-93.88,-5.36,10.39,94.6051589502391,172.901368589875,117.288333613068
2043,-92.5,-3.44,-0.95,92.5688181840948,177.790552002878,-164.561828311099
2044,-105.08,0.24,-5.91,105.246340078884,176.778265136015,-87.6745455792247
2045,-101.49,-8.81,-6.66,102.089136542533,173.789545336863,-142.912209277497
2046,-98.46,-16.95,5.44,100.056322638802,169.751629974543,162.206281129866
2047,-95.42,-12.48,8.29,96.589082716423,171.076499522334,146.405389996883
2048,-96.06,-4.42,0.4,96.1624666904921,177.354761964009,174.828947581998
2049,-83.68,-18.31,-2.12,85.6860134444356,167.577742675441,-173.395489535891
2050,-101.55,20.73,-8.08,103.958750473445,167.64208636603,-21.294507377094
2051,-93.99,-2.15,-5.53,94.1770858542565,176.387919644572,-111.24550543912
2052,-91.09,-0.95,-4.35,91.1987560222178,177.201579339918,-102.319445256637
2053,-78.94,-4.59,-2.34,79.1079471355438,176.265858785134,-152.987334652061
2054,-92.88,-4.66,-3.38,93.0582312318475,176.453324311775,-144.045801261591
2055,-80.09,-7.27,-2.32,80.4527401646457,174.557125199976,-162.301094052006
2056,-89.09,-7.81,-5.39,89.5939523628688,173.920094827962,-145.38885781547
2057,-98.69,-13.51,7.59,99.8991706672283,171.07641179223,150.67245831129
2058,-87.88,-3.86,11.9,88.7660070071872,171.897952829228,107.971494587039
2059,-82.26,-5.61,8.11,82.8489698185801,173.164060478862,124.673105387307
2060,-75.6,-9.73,13.94,77.4877829080172,167.326904592204,124.9147091845
2061,-78.07,-9.13,10.65,79.3202641195804,169.813651084767,130.605724845221
2062,-77.93,-5.36,14.1,79.3764732146749,169.045094042767,110.813892269369
2063,-78.69,-2.35,11.7,79.5897518528611,171.376562555678,101.357011986443
2064,-87.57,-7.2,14.97,89.1316206517081,169.258977381912,115.685782718749
2065,-73.88,-4.86,12.04,75.0122363351473,170.032461853187,111.981687373876
2066,-79.97,-12.46,19.99,83.3669754759041,163.587579049887,121.935768174081
2067,-81.41,-8.9,17.12,83.6653602155635,166.666222423394,117.468108751977
2068,-89.04,-8.12,13.06,90.3582846229387,170.200866707702,121.871108812087
2069,-84.7,-3.42,12.37,85.6668156289237,171.383866036781,105.454809328603
2070,-86.42,-7.41,7.88,87.0943103767405,172.865668894414,133.239336851956
2071,-85.31,-9.64,6.81,86.1225974991465,172.123035644683,144.761411022339
2072,-89.7,-9.56,8.3,90.5890368642917,171.966301783158,139.035457335993
2073,-80.82,-8.14,3.87,81.3210237269551,173.636609331753,154.572184657562
2074,-76.17,-9.73,3.21,76.8560075726029,172.33897740527,161.741889441217
2075,-74.54,-4.26,1.85,74.6845479332907,176.434682045059,156.526029008111
2076,-80.92,-5.9,2.96,81.1887800130043,175.336542817978,153.357312312831
2077,-70.24,-6.74,0.63,70.5654455098244,174.495120937947,174.659975603758
2078,-78.03,-3.52,-0.16,78.1095186260932,177.41442622319,-177.3974377975
2079,-75.99,-10.02,0.19,76.6480045402358,172.487009636088,178.913683269401
2080,-70.22,-6.9,-1.04,70.5658557660856,174.325006436106,-171.428633646059
2081,-74.36,-7.93,-1.87,74.8050225586491,173.747138566231,-166.731293253396
2082,-74.1,-4.86,1.78,74.2805358085145,176.004512333018,159.884483526764
2083,-73.58,-1.39,0.86,73.5981528300813,178.727419479689,148.254712577645
2084,-73.76,-6.96,-1.14,74.0964155678262,174.538127892511,-170.697945288701
2085,-71.67,-6,-2.72,71.9721286332425,174.748257280399,-155.613628898199
2086,-66.77,-5.37,1.12,66.9949565265924,175.303357838041,168.218929439805
2087,-67.78,-2.93,0.02,67.8433025434346,177.524696280052,179.608908602943
2088,-72.26,-3.22,-1.98,72.358803196294,177.005482400109,-148.412357641868
2089,-73.79,-1.51,-2.41,73.8447851916437,177.792828087483,-122.069448533057
2090,-76.57,-7.83,-2.11,76.9982201092986,173.954499011497,-164.918391671396
2091,-63.11,-14.41,-2.36,64.7772321112905,166.97252094542,-170.698946729732
2092,-62.06,-14.43,4.07,63.845386677504,166.4182321693,164.248826336547
2093,-68.91,-7.89,18.52,71.7901845658583,163.71536509855,113.07526145463
2094,-70.71,2.02,22.48,74.2248940720025,162.296959790936,84.8653259950826
2095,-67.17,-1.41,22.82,70.9545586978032,161.202304140147,93.5356913166535
2096,-70.59,-4.46,21.06,73.799480350474,163.040424912143,101.957196907736
2097,-71.63,15.93,17.67,75.4774847222667,161.62701516871,47.9644547744709
2098,-65.58,18.07,9.52,68.6869106890097,162.701206882491,27.7820583529428
2099,-59.89,26.52,-9.03,66.1185556406067,154.930862172128,-18.8035925035388
2100,-47.52,12.91,-11.12,50.482401884221,160.274110056644,-40.73989260635
2101,-42.56,10.95,-16.68,47.0050901498976,154.881779623059,-56.716109260867
2102,-45.31,10.54,-8.85,47.3540938040208,163.103995229732,-40.0187835400833
2103,-48.38,11.31,-5.18,49.9537075701093,165.580089344125,-24.6078634889616
2104,-50.9,-0.64,-6.96,51.3776332658483,172.181293810441,-95.2538027512623
2105,-50,19.58,1.55,53.7194461996771,158.553854093932,4.52623294448103
2106,-37.58,26.3,-1.36,45.8889529189761,144.978173283005,-2.96018691508916
2107,-23.75,30.96,11.79,40.7625833332482,125.636594176962,20.8475315672338
2108,-26.41,23.49,-13.07,37.6841226513236,134.493284135676,-29.0918682949804
2109,-36.68,27.39,-39.67,60.5751054477002,127.266938102376,-55.3770092554268
2110,-35.21,5,-40.1,53.5980792566301,131.065891277561,-82.892569832103
2111,-48.35,5.87,-29.18,56.7772119780463,148.38328601045,-78.6258896354636
2112,-40.74,1.27,-22.13,46.3799245363767,151.449629677772,-86.7155031487765
2113,-35.44,17.32,-37.64,54.5228906056896,130.541769342745,-65.2905345592873
2114,-33.88,8.35,-28.11,44.807912247727,139.123019452054,-73.4560893622348
2115,-22.87,-0.56,-43.39,49.0514281137665,117.790848420151,-90.7394297120072
2116,-35.27,-10.83,-27.86,46.2324712729052,139.719084700704,-111.242565542243
2117,-30.74,-16.62,-21.38,40.9667719011396,138.621937935972,-127.860138262257
2118,-26.84,-40.29,-11.2,49.690136848272,122.69367599891,-164.464887791268
2119,-5.9,-31.81,-4.43,32.6544177715665,100.409370016063,-172.071731349113
2120,-23.75,-11.47,24,35.6598289395785,131.760281600561,115.543912857769
2121,-43.12,-10.66,22.91,49.9783763241664,149.629389958975,114.952511607449
2122,-24.27,12.18,8.49,28.4511054266789,148.544138689532,34.8782065170774
2123,-16.71,0.77,15.08,22.5216207232073,137.89810849163,87.0769583264921
2124,-11.18,3.29,-10.36,15.5931427236462,135.805853612528,-72.381839949425
2125,-4.78,-2.31,-21.66,22.3011232900946,102.376749564362,-96.087481961676
2126,-3.4,12.32,-6.69,14.4256195707498,103.632404521899,-28.502822269881
2127,-8.54,4.26,-2.5,9.86555624382123,149.955632180944,-30.4067317811007
2128,-4.46,1.86,2.72,5.54523218630203,143.542180579418,55.6347609387403
2129,0.95,5.91,4.52,7.50073329748499,82.7237013989458,37.4089549344568
2130,12.55,-5.66,7.2,15.536347704657,36.1200980879878,128.171281727407
2131,4.29,-15.65,-14.74,21.9224588037017,78.7149816094943,-136.715155783672
2132,12.25,-28.8,2.43,31.3911994036545,67.0307677966555,175.177091943535
2133,-4.43,-30.31,16.68,34.8789822099212,97.2968795003456,151.175420675655
2134,0.22,-29.07,36.33,46.5293692198809,89.7290932872967,128.66557764079
2135,10.06,-17.85,33.95,39.6538598373475,75.3037075140389,117.734190504985
2136,16.08,-25.71,46.06,55.1461159103703,73.0468897548885,119.169598512182
2137,14.2,-0.03,50.77,52.718438899497,74.3740827026752,90.0338560800736
2138,12.22,29.1,35.03,47.1512385839439,74.9794160572339,50.2830272366121
2139,16.89,8.41,36.82,41.3728485845488,65.9057562327807,77.1338718113824
2140,17.84,22.67,14.09,32.10486878964,56.2425076144895,31.8620359789056
2141,14.12,10.99,-3.25,18.1856261921332,39.0644670132443,-16.4741804825007
2142,12.09,19.43,-16.84,28.4126485917804,64.8167526102356,-40.9155058522235
2143,27.48,7.12,-26.21,38.6368852264258,44.6643123641712,-74.8022381145735
2144,21.53,4.08,-25.41,33.5537687898096,50.084534568947,-80.8780664981107
2145,25.93,-14.63,-43.91,53.0517662288448,60.7403691156279,-108.427119391499
2146,17.65,-6.1,-20.69,27.8712862997028,50.7083400374756,-106.427015003307
2147,-1.37,-16.34,-5.68,17.3532388907662,94.5280877085897,-160.831872813353
2148,23.99,-4.69,-5.85,25.1344126647113,17.3562687097862,-128.719478904786
2149,24.42,-8.91,-19.29,32.3701807223871,41.0272028033486,-114.792090310822
2150,32.3,-6.31,-6.84,33.6138617239971,16.0723027954541,-132.69198963613
2151,39.82,-0.34,-11.48,41.4431948575396,16.0888175489833,-91.6964174420886
2152,45.07,9.63,-1.56,46.1137224695643,12.2134291122242,-9.20162531364481
2153,38.88,18.75,-28.61,51.7856061082614,41.3413364372786,-56.7605589248816
2154,41.21,16.96,-42.48,61.5666801118917,47.9826534712098,-68.2358076435312
2155,41.02,10.13,-47.86,63.8422814441965,50.0199456132871,-78.0492121414855
2156,30.5,-9.76,-78.68,84.9473366268773,68.9583818530486,-97.0712343438782
2157,70.9,31.26,-70.77,104.939937583362,47.4973297030973,-66.1683488314553
2158,61.5,67.34,-28.86,95.6547186499443,49.9887925699177,-23.1985905136482
2159,65.45,24.71,-36.1,78.7241805292377,33.7588597221178,-55.6088461472658
2160,76.22,20.93,-23.23,82.3843808012174,22.3051858255462,-47.9814612199822
2161,80.04,44.4,-15.92,92.9042948415196,30.5109944870979,-19.7257297333255
2162,92.69,26.65,-15.47,97.6779376317907,18.3893151401851,-30.1346424922603
2163,86.58,36.44,-8.62,94.3306652155067,23.3883805796816,-13.3088584784444
2164,78.55,61.77,-18.88,101.696065803943,39.4301379190606,-16.9957719280262
2165,94.77,39.18,-16.84,103.923100896769,24.2273564931142,-23.2585712942322
2166,91.33,26.52,-10.41,95.6705147890404,17.3250700594908,-21.4316921455056
2167,90.69,42.99,-9.2,100.784206103933,25.8625130067926,-12.0792830480342
2168,96.56,46.42,-14.14,108.067523336107,26.6816258975495,-16.9412643652816
2169,97.22,28.39,-25.08,104.339479105466,21.2881713692544,-41.4576896392044
2170,101.38,14.19,-39.3,109.652863619698,22.3987935059549,-70.1469352031521
2171,96.96,9.13,-28.67,101.521265752551,17.2401646510329,-72.3358539239945
2172,86.43,5.6,-24.26,89.9447191334767,16.0701367896428,-77.0019335254148
2173,88.78,2.64,-29.39,93.5554920889202,18.3855636355943,-84.8670981536628
2174,88.53,-8.36,-20.84,91.3332146592903,14.2320849241345,-111.858269321652
2175,87.89,16.13,-22.21,92.0766696834763,17.3442954074839,-54.0109926058899
2176,100.23,28.29,-24.47,106.982044755183,20.4649601586679,-40.8588207004041
2177,98.42,24.71,-23.5,104.160119527581,19.1100697680705,-43.5622621586755
2178,101.81,20,-23.57,106.399346802506,16.8895129013222,-49.6841867179235
2179,94.93,26.7,-24.21,101.54171064149,20.790143430768,-42.199903888495
2180,93.75,26.01,-31.51,102.266625543234,23.5486220966855,-50.4619544978818
2181,87.7,22.36,-33.23,96.4131344786591,24.5461296068693,-56.0639442111809
2182,79.02,18.04,-41.34,90.9867990424985,29.7177901299144,-66.4244470603441
2183,86.05,14.46,-33.65,93.520140076884,23.0559795014692,-66.7459480600556
2184,89.98,7.35,-32.8,96.0534377312962,20.4839556340844,-77.3695057931199
2185,103.19,2.21,-23.82,105.926637820711,13.0521833796547,-84.6993193427342
2186,93.81,2.57,-23.4,96.7185659529751,14.0869370383702,-83.7323787480431
2187,97.53,1.4,-16.62,98.9458705555719,9.7044250942265,-85.1850077936842
2188,107.19,-4.22,-9.78,107.71793211903,5.67492601372449,-113.339852011234
2189,91.1,-1.11,-5.14,91.2516394373274,3.30357015792722,-102.186077142354
2190,97.03,1.63,-4.01,97.1265046215502,2.55434040050193,-67.8790549445747
2191,100.4,4.46,-4.92,100.619371892295,3.78413181622681,-47.807565083801
2192,97.05,7.94,-10.87,97.9790947090245,7.89668286216087,-53.8537104263956
2193,99.42,6.4,-8.49,99.9868816395431,6.10404484520453,-52.9899888009397
2194,109.15,7.99,6.76,109.650627905179,5.47715423827582,40.2331435990986
2195,107.72,17,-15.02,110.082690737463,11.8921777889825,-41.4615434437787
2196,111.49,11.01,-18.46,113.542995380605,10.9120916221159,-59.1871056999887
2197,106.6,11.17,-16.94,108.514019831541,10.7772598019747,-56.599698161289
2198,111.68,7.1,-17.05,113.196885557863,9.39037579303042,-67.3920667009985
2199,93.65,4.49,-10.48,94.3414702026633,6.94126561860026,-66.8080081019524
2200,97.24,-1.48,-11.3,97.9055565328138,6.6845591151491,-97.4617530130952
2201,80.88,2.98,-5.55,81.1249486902765,4.45356002173197,-61.7670061177478
2202,93.27,0.4,-5.83,93.4528854557204,3.58510358189981,-86.0750512856962
2203,102.95,0.74,-2.7,102.988058045581,1.55768921002367,-74.6730821120778
2204,102.61,5.26,4.2,102.830538751871,3.75315655086089,38.6066335319898
2205,116.72,8.46,-2.24,117.047629621449,4.28794547279601,-14.8302028929959
2206,106.9,8.44,-8.94,107.604680195612,6.56077851079129,-46.6478705591143
2207,105.97,2.09,-3.58,106.051050914171,2.24019985232345,-59.7236650149011
2208,99.07,3.99,-3.93,99.2281708991957,3.23549799579394,-44.5659493678606
2209,103.38,9.05,-7.79,104.06733877639,6.58878221069201,-40.7209967988341
2210,86.44,5.98,-5.45,86.8178351492365,5.34739128843766,-42.3451419697747
2211,86.7,-0.23,-7.96,87.0649441509038,5.24784486371128,-91.6550708191051
2212,97.42,1.21,-8.17,97.7694706950999,4.84585961174789,-81.5755726002855
2213,99.4,1.88,-10.14,99.9335479206057,5.92327789196494,-79.4963831941825
2214,91.83,-1.01,-4.95,91.9688615782538,3.14892946556903,-101.532352861067
2215,104.38,0.95,-8.69,104.745419947604,4.78732127566294,-83.7611397443455
