Year,Month,Day,Theta,Phi,Latitude
1969,1,1,289.3,105.8,16.9
1969,1,1,239.1,89.1,-26.7
1969,1,1,5.8,35.9,16.1
1969,1,1,6.3,36.3,11.2
1969,1,1,123.8,18.2,-15.6
1969,1,1,55.7,5.7,17.6
1969,1,2,288.5,105.2,17.7
1969,1,2,241.9,88.9,-26.8
1969,1,2,332.3,35.8,16.4
1969,1,2,322.7,36.3,11.1
1969,1,2,149.9,17.4,-16.3
1969,1,2,41.4,6.0,17.7
1969,1,2,66.5,305.8,22.7
1969,1,3,242.4,88.2,-27.4
1969,1,3,314.8,35.6,16.7
1969,1,3,304.7,36.1,11.2
1969,1,3,192.1,17.6,-16.9
1969,1,3,23.3,5.0,18.2
1969,1,3,64.2,303.8,23.6
1969,1,4,302.0,35.4,16.6
1969,1,4,293.0,36.3,10.9
1969,1,4,348.8,5.8,18.0
1969,1,4,61.0,302.4,23.9
1969,1,4,84.4,292.9,3.9
1969,1,4,122.2,284.0,-32.2
1969,1,4,98.2,280.7,-8.7
1969,1,4,68.5,278.6,21.0
1969,1,5,295.0,35.4,16.7
1969,1,5,287.1,36.4,10.6
1969,1,5,321.2,6.1,18.0
1969,1,5,55.7,303.4,23.5
1969,1,5,81.9,294.4,4.4
1969,1,5,123.5,284.6,-31.9
1969,1,5,98.3,281.4,-9.1
1969,1,5,66.8,277.5,21.0
1969,1,6,291.0,35.1,17.0
1969,1,6,284.2,36.2,11.0
1969,1,6,305.5,5.7,17.9
1969,1,6,45.9,303.1,23.6
1969,1,6,78.3,294.8,4.5
1969,1,6,126.9,283.5,-31.8
1969,1,6,98.5,281.7,-9.0
1969,1,6,63.3,276.5,21.2
1969,1,6,102.7,258.0,-13.2
1969,1,7,288.3,35.3,16.9
1969,1,7,282.4,35.8,11.2
1969,1,7,31.1,302.5,23.1
1969,1,7,71.6,295.8,4.2
1969,1,7,133.6,282.6,-32.2
1969,1,7,99.5,282.0,-8.9
1969,1,7,58.1,276.0,20.9
1969,1,7,103.1,256.5,-13.4
1969,1,7,131.7,270.7,-35.7
1969,1,8,8.8,302.6,23.0
1969,1,8,53.7,295.6,4.4
1969,1,8,143.7,281.9,-32.7
1969,1,8,102.4,281.8,-8.9
1969,1,8,49.6,275.8,20.9
1969,1,8,104.4,255.8,-13.7
1969,1,9,342.8,302.0,23.5
1969,1,9,344.0,295.5,4.6
1969,1,9,157.6,279.0,-33.3
1969,1,9,111.7,280.7,-8.8
1969,1,9,33.9,275.6,20.7
1969,1,9,107.7,256.0,-14.0
1969,1,10,323.9,301.6,23.3
1969,1,10,299.3,295.9,4.6
1969,1,10,180.2,280.4,-32.6
1969,1,10,189.2,281.0,-8.5
1969,1,10,10.5,275.5,20.7
1969,1,10,114.2,255.6,-14.3
1969,1,11,310.1,301.3,23.0
1969,1,11,286.0,295.8,4.4
1969,1,11,200.4,278.5,-33.0
1969,1,11,252.9,281.3,-8.7
1969,1,11,340.9,275.1,20.5
1969,1,11,133.4,255.2,-14.3
1969,1,11,24.4,258.7,12.1
1969,1,12,306.8,300.5,24.0
1969,1,12,283.7,296.0,5.0
1969,1,12,212.3,279.1,-32.2
1969,1,12,259.0,281.6,-8.4
1969,1,12,328.6,274.6,20.9
1969,1,12,163.7,255.5,-14.4
1969,1,12,357.2,259.3,12.1
1969,1,12,102.6,176.5,-13.1
1969,1,12,242.8,281.9,-15.4
1969,1,13,298.3,300.7,23.2
1969,1,13,278.4,296.6,4.5
1969,1,13,225.9,276.7,-32.5
1969,1,13,262.3,281.1,-8.4
1969,1,13,308.2,274.7,20.7
1969,1,13,234.8,254.8,-14.1
1969,1,13,316.4,256.0,11.6
1969,1,13,102.0,175.8,-12.8
1969,1,13,282.7,310.6,10.5
1969,1,14,295.6,299.5,23.4
1969,1,14,276.1,296.7,4.1
1969,1,14,262.6,281.5,-8.7
1969,1,14,300.5,274.4,20.6
1969,1,14,247.7,255.1,-14.7
1969,1,14,297.8,257.9,11.2
1969,1,14,102.8,175.9,-12.9
1969,1,14,342.4,232.1,9.8
1969,1,14,74.8,152.8,13.6
1969,1,14,70.9,192.4,7.6
1969,1,15,294.2,300.2,23.7
1969,1,15,276.8,293.0,5.5
1969,1,15,262.4,281.7,-8.9
1969,1,15,296.2,274.2,20.5
1969,1,15,252.1,255.0,-14.9
1969,1,15,291.6,259.5,11.9
1969,1,15,104.5,176.1,-13.0
1969,1,15,306.2,237.4,10.5
1969,1,15,72.7,151.6,13.9
1969,1,15,73.9,137.4,15.0
1969,1,15,107.1,133.1,-17.5
1969,1,16,262.5,281.0,-8.2
1969,1,16,292.9,273.4,20.7
1969,1,16,255.5,254.9,-14.5
1969,1,16,285.9,260.2,11.4
1969,1,16,110.6,176.0,-13.3
1969,1,16,68.6,151.5,13.8
1969,1,16,71.4,138.8,14.6
1969,1,16,105.8,134.2,-16.4
1969,1,16,64.6,128.3,23.3
1969,1,17,256.4,255.6,-14.4
1969,1,17,283.1,260.5,10.8
1969,1,17,123.4,176.1,-13.8
1969,1,17,63.6,151.4,13.8
1969,1,17,68.6,138.8,14.3
1969,1,17,106.9,133.9,-16.8
1969,1,17,61.1,130.1,23.7
1969,1,18,255.5,256.2,-15.1
1969,1,18,186.9,176.4,-13.9
1969,1,18,51.5,151.0,14.0
1969,1,18,61.4,138.4,14.5
1969,1,18,109.5,133.7,-16.8
1969,1,18,54.8,130.2,23.7
1969,1,18,69.5,105.1,17.9
1969,1,19,234.1,176.4,-14.1
1969,1,19,32.2,151.2,13.9
1969,1,19,50.1,139.4,14.5
1969,1,19,116.3,135.9,-17.1
1969,1,19,47.4,129.3,23.9
1969,1,19,67.6,103.5,17.4
1969,1,20,247.8,176.3,-13.9
1969,1,20,3.5,151.4,14.1
1969,1,20,34.1,139.2,14.3
1969,1,20,36.7,129.6,23.9
1969,1,20,63.2,103.7,17.9
1969,1,21,254.7,176.4,-14.1
1969,1,21,319.0,151.6,13.6
1969,1,21,342.6,140.8,13.1
1969,1,21,195.8,138.2,-16.2
1969,1,21,13.5,127.6,24.1
1969,1,21,52.8,103.2,17.9
1969,1,21,73.2,81.8,10.6
1969,1,22,256.1,176.3,-14.2
1969,1,22,305.3,151.7,13.7
1969,1,22,317.3,141.3,12.9
1969,1,22,358.0,125.4,24.9
1969,1,22,40.7,103.7,17.9
1969,1,22,67.1,84.2,11.4
1969,1,22,344.4,129.4,12.7
1969,1,23,256.7,176.1,-14.3
1969,1,23,295.8,151.6,13.6
1969,1,23,298.6,143.4,11.9
1969,1,23,336.2,125.5,25.2
1969,1,23,19.5,102.7,18.0
1969,1,23,57.6,85.0,11.1
1969,1,23,291.7,162.0,14.0
1969,1,24,256.5,176.0,-14.3
1969,1,24,290.1,151.8,13.9
1969,1,24,293.1,141.3,13.1
1969,1,24,345.0,103.1,18.2
1969,1,24,36.9,84.2,10.9
1969,1,25,286.8,151.5,14.0
1969,1,25,288.4,139.8,13.0
1969,1,25,320.0,102.7,18.2
1969,1,25,352.0,84.4,10.6
1969,1,25,52.3,57.6,13.1
1969,1,25,60.1,40.5,17.2
1969,1,25,301.2,134.6,22.9
1969,1,26,284.9,150.6,13.7
1969,1,26,285.2,140.8,12.5
1969,1,26,307.4,102.8,17.6
1969,1,26,320.1,84.5,10.2
1969,1,26,32.3,58.9,13.6
1969,1,26,52.3,40.6,17.2
1969,1,27,286.0,132.6,14.3
1969,1,27,298.3,102.6,17.7
1969,1,27,298.7,85.2,9.9
1969,1,27,348.6,60.7,14.3
1969,1,27,36.7,38.8,17.5
1969,1,27,53.7,339.3,34.9
1969,1,28,295.1,102.3,17.8
1969,1,28,293.4,84.7,10.0
1969,1,28,21.8,38.5,17.9
1969,1,28,50.9,342.3,35.1
1969,1,29,289.0,103.2,16.7
1969,1,29,286.0,84.9,9.9
1969,1,29,302.9,60.9,13.5
1969,1,29,44.5,341.5,35.2
1969,1,29,111.4,3.8,-15.1
1969,1,30,282.7,87.5,9.7
1969,1,30,294.8,62.5,13.6
1969,1,30,37.8,341.5,35.4
1969,1,30,124.9,5.5,-15.0
1969,1,31,282.7,79.3,10.9
1969,1,31,289.4,63.6,14.1
1969,1,31,26.1,341.1,35.2
1969,1,31,196.5,6.9,-15.2
1969,1,31,303.8,47.2,20.9
1969,1,31,62.2,294.4,24.7
1969,1,31,95.5,283.7,-6.5
1969,2,1,286.4,64.7,14.5
1969,2,1,9.0,342.0,35.5
1969,2,1,240.6,7.2,-15.4
1969,2,1,298.3,47.0,21.8
1969,2,1,57.7,294.4,24.7
1969,2,1,94.9,283.6,-7.0
1969,2,1,86.2,290.2,0.1
1969,2,1,79.0,269.7,9.8
1969,2,2,354.1,342.5,35.7
1969,2,2,251.2,7.4,-14.8
1969,2,2,294.5,46.7,21.3
1969,2,2,51.7,294.4,24.9
1969,2,2,93.8,283.5,-6.7
1969,2,2,86.1,291.0,-1.4
1969,2,2,77.5,270.9,9.2
1969,2,2,61.5,273.6,23.9
1969,2,2,76.6,261.6,11.7
1969,2,2,103.1,258.8,-14.1
1969,2,3,339.5,344.3,35.9
1969,2,3,44.0,293.9,25.0
1969,2,3,93.2,283.5,-6.8
1969,2,3,82.8,291.5,-1.0
1969,2,3,74.1,272.8,9.4
1969,2,3,57.9,273.7,23.5
1969,2,3,75.5,260.2,11.0
1969,2,3,73.3,248.2,15.3
1969,2,4,324.9,344.4,35.7
1969,2,4,25.6,294.0,25.3
1969,2,4,92.8,283.7,-6.9
1969,2,4,71.2,292.9,-0.3
1969,2,4,67.0,274.2,9.1
1969,2,4,69.9,259.3,12.1
1969,2,4,69.3,245.6,16.4
1969,2,5,318.9,343.2,35.3
1969,2,5,11.0,293.5,25.4
1969,2,5,93.4,283.4,-7.1
1969,2,5,38.8,294.4,0.6
1969,2,5,59.7,273.5,9.2
1969,2,5,64.7,261.4,11.8
1969,2,5,66.3,243.3,17.1
1969,2,5,47.3,270.7,19.6
1969,2,5,107.3,269.6,-14.3
1969,2,6,312.7,342.7,35.2
1969,2,6,349.0,293.2,25.4
1969,2,6,104.3,283.3,-7.3
1969,2,6,308.4,296.0,1.0
1969,2,6,54.8,262.1,10.9
1969,2,6,60.8,244.5,16.4
1969,2,6,30.4,271.5,18.8
1969,2,6,242.2,355.5,-28.2
1969,2,6,126.6,270.8,-17.4
1969,2,7,329.8,292.5,25.4
1969,2,7,266.1,283.1,-7.1
1969,2,7,286.9,296.0,0.9
1969,2,7,34.4,260.5,11.4
1969,2,7,50.9,244.1,16.3
1969,2,7,323.9,281.3,5.2
1969,2,7,132.5,259.0,-18.3
1969,2,8,315.4,291.6,25.6
1969,2,8,267.3,282.9,-7.1
1969,2,8,278.8,297.6,0.7
1969,2,8,358.5,257.9,12.5
1969,2,8,31.1,242.2,18.1
1969,2,8,183.4,258.1,-18.0
1969,2,8,252.9,294.6,-15.6
1969,2,8,326.8,268.9,11.0
1969,2,9,307.9,291.1,25.6
1969,2,9,267.6,282.9,-6.7
1969,2,9,275.9,298.8,0.8
1969,2,9,326.0,258.3,12.3
1969,2,9,7.5,242.2,18.0
1969,2,9,285.2,283.6,4.4
1969,2,9,226.8,258.2,-17.8
1969,2,9,253.1,294.7,-17.1
1969,2,9,307.1,269.9,11.8
1969,2,10,302.0,290.3,25.3
1969,2,10,267.2,282.5,-6.4
1969,2,10,273.9,298.7,0.9
1969,2,10,305.8,259.0,12.6
1969,2,10,338.3,242.3,18.2
1969,2,10,281.3,282.7,4.6
1969,2,10,243.4,258.0,-18.0
1969,2,10,254.0,295.9,-17.3
1969,2,10,295.0,271.1,11.5
1969,2,11,298.5,289.2,24.9
1969,2,11,266.3,282.8,-6.4
1969,2,11,272.5,298.7,1.0
1969,2,11,296.6,259.2,12.4
1969,2,11,319.4,242.1,17.5
1969,2,11,254.3,293.8,-17.0
1969,2,11,292.0,269.7,12.9
1969,2,12,265.2,282.5,-6.4
1969,2,12,252.2,292.5,-18.4
1969,2,12,287.8,269.4,12.8
1969,2,13,285.6,266.0,13.2
1969,2,13,7.4,189.4,17.4
1969,2,13,101.0,158.4,-11.8
1969,2,13,102.5,124.4,-14.1
1969,2,14,337.3,189.8,16.7
1969,2,14,102.4,124.3,-14.1
1969,2,14,63.1,119.0,21.2
1969,2,15,318.6,189.1,16.5
1969,2,15,103.6,124.9,-14.3
1969,2,15,302.9,191.3,8.3
1969,2,15,12.6,161.8,20.5
1969,2,15,52.2,139.9,14.7
1969,2,16,305.6,188.9,16.7
1969,2,16,105.8,123.4,-14.2
1969,2,16,290.1,193.7,7.7
1969,2,16,348.2,160.6,18.9
1969,2,16,104.6,110.9,-15.1
1969,2,16,77.0,100.0,6.9
1969,2,16,13.4,148.4,20.4
1969,2,16,30.4,144.4,11.3
1969,2,16,41.6,122.9,26.6
1969,2,17,296.5,189.7,16.7
1969,2,17,257.5,159.1,-10.6
1969,2,17,114.8,123.2,-14.3
1969,2,17,108.8,111.4,-15.3
1969,2,17,68.0,102.5,8.8
1969,2,17,279.3,172.1,-1.0
1969,2,17,70.3,93.2,10.3
1969,2,17,73.7,68.4,13.6
1969,2,17,239.8,147.3,-10.8
1969,2,18,291.8,189.6,16.3
1969,2,18,261.4,159.5,-10.4
1969,2,18,140.6,122.4,-14.5
1969,2,18,119.3,112.4,-15.5
1969,2,18,59.6,101.7,9.1
1969,2,18,275.3,174.4,-1.1
1969,2,18,64.4,92.0,10.8
1969,2,18,71.6,63.9,14.1
1969,2,19,287.6,191.5,15.9
1969,2,19,261.9,160.0,-10.7
1969,2,19,227.7,122.9,-14.7
1969,2,19,37.3,102.3,8.5
1969,2,19,66.7,64.4,14.1
1969,2,19,54.3,76.0,19.3
1969,2,19,101.8,68.8,-13.3
1969,2,19,73.0,47.7,13.1
1969,2,20,261.9,159.6,-10.5
1969,2,20,250.4,123.3,-14.6
1969,2,20,342.9,103.8,8.6
1969,2,20,22.9,91.1,11.6
1969,2,20,58.7,65.0,13.5
1969,2,20,41.0,75.5,19.2
1969,2,20,104.3,71.2,-12.9
1969,2,20,67.4,49.3,13.5
1969,2,20,340.4,109.1,20.5
1969,2,20,146.4,82.2,-29.1
1969,2,21,256.8,124.2,-13.7
1969,2,21,316.5,102.1,9.8
1969,2,21,346.5,90.4,10.8
1969,2,21,46.7,64.2,13.4
1969,2,21,22.1,75.4,18.7
1969,2,21,113.0,70.8,-13.1
1969,2,21,61.0,48.3,13.7
1969,2,21,323.5,107.1,20.4
1969,2,22,258.5,125.3,-13.4
1969,2,22,312.4,93.2,11.7
1969,2,22,12.3,68.2,12.9
1969,2,22,356.5,74.3,19.7
1969,2,22,153.3,69.3,-13.5
1969,2,22,48.7,48.9,13.6
1969,2,22,310.5,107.6,21.4
1969,2,22,206.8,84.3,-27.8
1969,2,22,140.4,62.5,-18.6
1969,2,23,258.0,125.2,-13.9
1969,2,23,299.7,94.1,11.7
1969,2,23,341.8,67.8,12.8
1969,2,23,336.3,73.2,19.5
1969,2,23,229.6,68.6,-13.2
1969,2,23,30.6,48.8,13.7
1969,2,23,224.9,84.3,-27.1
1969,2,23,20.4,49.8,22.4
1969,2,23,107.8,344.0,-18.9
1969,2,24,258.8,122.5,-12.6
1969,2,24,291.2,94.0,11.4
1969,2,24,312.4,68.6,12.8
1969,2,24,315.4,73.4,19.1
1969,2,24,252.1,68.2,-13.3
1969,2,24,354.1,48.9,14.1
1969,2,24,237.0,85.1,-26.8
1969,2,24,358.4,47.6,24.1
1969,2,24,107.6,342.5,-18.9
1969,2,24,103.0,335.0,-14.6
1969,2,25,287.9,94.2,11.7
1969,2,25,301.6,68.9,12.7
1969,2,25,303.2,77.3,18.5
1969,2,25,255.9,67.6,-13.4
1969,2,25,329.8,49.1,14.1
1969,2,25,239.6,85.6,-27.9
1969,2,25,239.1,59.9,-19.5
1969,2,25,106.9,342.8,-17.8
1969,2,25,102.5,335.1,-14.4
1969,2,25,320.6,60.5,20.9
1969,2,26,284.7,93.8,11.7
1969,2,26,293.4,69.5,12.7
1969,2,26,298.9,73.5,19.0
1969,2,26,257.1,67.5,-14.1
1969,2,26,310.0,49.5,14.4
1969,2,26,240.8,87.4,-29.3
1969,2,26,248.1,61.7,-19.3
1969,2,26,108.3,342.8,-17.4
1969,2,26,102.8,334.9,-14.3
1969,2,26,116.1,333.7,-24.6
1969,2,26,86.6,301.5,2.4
1969,2,26,101.8,301.1,-12.7
1969,2,27,283.4,89.1,12.2
1969,2,27,288.1,69.8,12.8
1969,2,27,257.5,67.9,-14.4
1969,2,27,296.8,51.6,14.3
1969,2,27,241.8,88.1,-29.0
1969,2,27,251.0,62.2,-19.5
1969,2,27,115.1,342.6,-17.8
1969,2,27,105.1,334.7,-14.4
1969,2,27,123.9,332.9,-26.5
1969,2,27,85.2,301.2,1.7
1969,2,27,102.6,298.4,-14.3
1969,2,27,106.1,302.5,-17.6
1969,2,28,285.4,69.8,12.8
1969,2,28,292.9,50.3,14.8
1969,2,28,251.2,62.0,-20.0
1969,2,28,128.2,342.3,-18.0
1969,2,28,110.3,334.8,-14.5
1969,2,28,131.9,334.7,-24.8
1969,2,28,83.2,301.6,1.6
1969,2,28,101.3,299.2,-13.4
1969,2,28,106.5,301.0,-17.7
1969,2,28,71.2,286.9,15.6
1969,2,28,73.8,277.5,14.9
1969,3,1,284.4,60.4,12.6
1969,3,1,287.6,51.7,14.0
1969,3,1,171.5,342.0,-18.1
1969,3,1,129.4,334.7,-14.3
1969,3,1,159.4,336.4,-25.0
1969,3,1,79.9,301.5,1.5
1969,3,1,102.1,298.7,-13.6
1969,3,1,108.5,299.7,-18.0
1969,3,1,67.5,287.0,15.6
1969,3,1,71.4,276.6,14.7
1969,3,2,285.6,50.8,14.3
1969,3,2,221.0,341.0,-18.5
1969,3,2,208.8,334.6,-14.3
1969,3,2,196.2,336.3,-25.2
1969,3,2,74.1,301.6,1.6
1969,3,2,102.4,298.7,-12.7
1969,3,2,111.3,300.3,-17.1
1969,3,2,61.0,287.9,15.9
1969,3,2,67.4,277.0,14.7
1969,3,3,240.5,340.3,-18.7
1969,3,3,241.3,333.2,-15.2
1969,3,3,220.8,335.6,-25.8
1969,3,3,61.2,301.4,1.8
1969,3,3,120.9,298.2,-17.7
1969,3,3,51.0,288.9,15.6
1969,3,3,61.3,277.0,14.7
1969,3,3,72.5,260.7,11.1
1969,3,4,248.4,340.2,-18.7
1969,3,4,15.2,301.5,2.0
1969,3,4,158.0,299.4,-18.1
1969,3,4,35.8,287.5,15.4
1969,3,4,50.7,276.8,14.8
1969,3,4,67.2,261.0,11.1
1969,3,5,251.0,339.5,-19.4
1969,3,5,303.0,301.4,2.2
1969,3,5,233.1,300.4,-16.6
1969,3,5,0.2,287.0,15.6
1969,3,5,25.7,276.4,14.8
1969,3,5,54.4,262.2,10.7
1969,3,5,83.6,282.4,-6.7
1969,3,5,36.2,271.1,14.4
1969,3,5,70.3,221.2,15.5
1969,3,6,251.7,339.3,-19.5
1969,3,6,291.1,301.6,2.3
1969,3,6,244.6,300.9,-16.9
1969,3,6,334.2,288.4,14.3
1969,3,6,4.9,276.0,14.7
1969,3,6,41.0,262.4,10.6
1969,3,6,278.4,282.8,-6.5
1969,3,6,19.0,270.6,13.8
1969,3,6,67.6,221.8,15.3
1969,3,6,80.3,199.8,8.1
1969,3,7,251.5,339.0,-19.7
1969,3,7,283.0,301.6,2.3
1969,3,7,249.8,300.5,-17.8
1969,3,7,9.5,261.2,11.3
1969,3,7,342.4,270.9,13.4
1969,3,7,60.6,223.9,15.2
1969,3,7,78.1,199.3,7.9
1969,3,7,63.7,210.3,18.2
1969,3,7,316.3,281.5,10.8
1969,3,8,250.5,338.2,-19.8
1969,3,8,278.8,301.8,2.6
1969,3,8,255.8,298.6,-15.4
1969,3,8,332.9,259.4,11.5
1969,3,8,314.2,270.6,12.9
1969,3,8,52.0,220.2,15.6
1969,3,8,74.5,199.1,7.7
1969,3,8,56.5,210.5,18.0
1969,3,8,294.6,287.2,10.2
1969,3,8,54.7,184.0,30.9
1969,3,8,98.1,172.6,-9.5
1969,3,9,276.5,302.0,2.8
1969,3,9,309.8,260.0,11.7
1969,3,9,300.1,272.7,13.2
1969,3,9,33.6,221.5,16.2
1969,3,9,69.2,199.4,7.7
1969,3,9,45.2,210.9,18.3
1969,3,9,288.6,287.9,10.3
1969,3,9,50.6,183.4,30.7
1969,3,9,96.8,173.3,-9.3
1969,3,9,98.2,164.2,-10.0
1969,3,10,274.0,301.9,2.7
1969,3,10,296.7,260.4,12.0
1969,3,10,291.7,274.1,13.3
1969,3,10,57.0,199.8,7.6
1969,3,10,23.3,211.0,18.5
1969,3,10,284.3,287.3,10.2
1969,3,10,42.8,182.7,30.8
1969,3,10,96.0,173.5,-9.3
1969,3,10,97.5,164.1,-10.2
1969,3,11,291.8,259.9,12.1
1969,3,11,288.1,272.8,12.7
1969,3,11,38.6,200.0,7.9
1969,3,11,2.8,210.7,18.6
1969,3,11,282.6,287.9,10.6
1969,3,11,35.6,181.8,30.9
1969,3,11,96.1,173.6,-9.4
1969,3,11,97.7,163.1,-10.5
1969,3,11,105.3,136.3,-16.6
1969,3,11,105.4,126.9,-16.0
1969,3,12,287.7,261.3,13.4
1969,3,12,284.1,272.4,12.2
1969,3,12,346.2,199.8,7.5
1969,3,12,333.2,209.8,19.1
1969,3,12,20.5,180.7,30.9
1969,3,12,97.2,173.4,-9.4
1969,3,12,104.9,135.8,-16.5
1969,3,12,104.3,127.0,-15.9
1969,3,13,286.4,260.2,14.3
1969,3,13,282.3,263.4,10.7
1969,3,13,314.2,200.3,7.7
1969,3,13,316.3,210.6,18.8
1969,3,13,6.7,180.2,31.3
1969,3,13,101.0,173.2,-9.3
1969,3,13,106.1,135.9,-16.8
1969,3,13,104.6,128.3,-16.1
1969,3,13,48.9,147.9,23.3
1969,3,13,100.9,126.2,-13.0
1969,3,13,106.5,121.9,-17.9
1969,3,13,73.8,105.9,14.8
1969,3,13,110.5,167.7,-13.1
1969,3,14,297.9,200.3,7.9
1969,3,14,304.6,210.6,18.3
1969,3,14,350.8,179.2,31.4
1969,3,14,204.2,173.1,-8.7
1969,3,14,106.0,163.8,-9.5
1969,3,14,108.4,136.0,-16.7
1969,3,14,105.6,129.5,-15.8
1969,3,14,100.5,126.7,-12.5
1969,3,14,106.6,121.2,-17.4
1969,3,14,71.1,105.8,14.9
1969,3,15,289.1,200.7,7.8
1969,3,15,297.1,210.8,18.1
1969,3,15,335.5,178.6,31.6
1969,3,15,262.9,172.7,-8.6
1969,3,15,115.2,136.3,-16.7
1969,3,15,109.7,128.9,-16.2
1969,3,15,16.0,150.7,21.6
1969,3,15,101.4,126.7,-12.1
1969,3,15,109.9,121.4,-17.9
1969,3,15,67.0,104.6,15.4
1969,3,15,54.6,130.3,13.3
1969,3,15,75.0,90.8,11.6
1969,3,15,117.4,85.0,-28.2
1969,3,15,196.7,160.6,-11.7
1969,3,16,284.1,200.7,7.8
1969,3,16,323.5,177.6,31.7
1969,3,16,263.1,173.0,-9.5
1969,3,16,137.7,136.3,-16.7
1969,3,16,120.0,128.6,-16.1
1969,3,16,354.7,148.4,22.9
1969,3,16,106.4,126.6,-12.1
1969,3,16,123.3,124.1,-19.7
1969,3,16,61.4,105.0,14.7
1969,3,16,36.5,130.4,13.2
1969,3,16,71.0,90.5,12.0
1969,3,16,118.3,85.1,-28.1
1969,3,16,74.3,81.4,11.3
1969,3,16,67.3,71.0,20.4
1969,3,16,103.5,64.4,-14.5
1969,3,17,209.9,136.3,-16.6
1969,3,17,166.7,128.7,-14.9
1969,3,17,326.6,150.4,21.8
1969,3,17,135.1,126.2,-11.4
1969,3,17,49.1,105.6,14.4
1969,3,17,6.4,128.2,14.3
1969,3,17,64.3,90.4,12.3
1969,3,17,121.4,84.5,-27.9
1969,3,17,70.3,80.1,11.3
1969,3,17,64.1,68.5,20.5
1969,3,17,102.4,64.3,-14.2
1969,3,17,117.0,75.4,-26.2
1969,3,17,121.5,59.2,-32.0
1969,3,17,106.4,58.5,-17.8
1969,3,17,91.7,104.1,-7.1
1969,3,18,238.4,130.4,-14.3
1969,3,18,313.2,150.0,21.7
1969,3,18,245.5,126.7,-10.9
1969,3,18,31.4,105.1,13.8
1969,3,18,329.0,130.6,13.9
1969,3,18,54.2,91.0,12.3
1969,3,18,64.3,79.6,11.5
1969,3,18,60.4,66.7,20.2
1969,3,18,102.4,64.3,-14.1
1969,3,18,119.7,74.7,-25.8
1969,3,18,122.4,58.0,-31.6
1969,3,18,108.9,55.1,-20.0
1969,3,18,104.7,59.6,-16.2
1969,3,18,66.4,47.0,20.6
1969,3,18,113.2,79.3,-20.1
1969,3,19,249.2,131.6,-14.5
1969,3,19,306.1,150.3,21.2
1969,3,19,254.3,126.6,-11.4
1969,3,19,12.5,104.8,13.6
1969,3,19,317.4,128.9,14.0
1969,3,19,42.6,91.5,12.4
1969,3,19,56.3,80.2,12.4
1969,3,19,56.7,66.3,19.9
1969,3,19,103.1,64.0,-14.2
1969,3,19,123.8,74.5,-26.0
1969,3,19,125.0,59.2,-31.8
1969,3,19,110.0,54.4,-20.4
1969,3,19,105.4,59.5,-16.3
1969,3,19,64.8,46.4,20.1
1969,3,19,4.2,108.4,6.5
1969,3,20,254.5,128.0,-14.6
1969,3,20,296.7,152.0,20.3
1969,3,20,330.8,105.0,13.8
1969,3,20,3.6,92.1,12.1
1969,3,20,43.3,66.8,20.2
1969,3,20,105.9,64.0,-13.9
1969,3,20,140.6,75.6,-26.1
1969,3,20,131.5,58.5,-31.4
1969,3,20,113.3,55.8,-19.9
1969,3,20,108.0,58.9,-16.0
1969,3,20,58.6,46.0,20.2
1969,3,20,312.4,109.4,7.8
1969,3,20,74.7,36.4,9.3
1969,3,20,84.7,42.7,-0.3
1969,3,21,258.7,131.4,-13.2
1969,3,21,305.6,105.1,13.7
1969,3,21,318.7,92.4,11.7
1969,3,21,17.5,67.3,19.9
1969,3,21,122.2,64.2,-14.0
1969,3,21,181.1,76.4,-26.3
1969,3,21,145.7,56.2,-31.6
1969,3,21,124.0,52.2,-21.1
1969,3,21,125.8,61.5,-16.7
1969,3,21,47.3,46.3,19.5
1969,3,21,295.7,107.8,8.6
1969,3,21,297.1,115.6,13.2
1969,3,22,259.0,131.9,-12.8
1969,3,22,297.0,105.2,13.7
1969,3,22,303.0,92.9,11.6
1969,3,22,352.8,67.9,20.0
1969,3,22,175.4,63.8,-14.2
1969,3,22,210.6,77.2,-26.4
1969,3,22,161.5,54.9,-31.7
1969,3,22,33.6,46.3,19.6
1969,3,22,262.8,135.7,-9.1
1969,3,22,207.1,78.7,-31.1
1969,3,23,291.5,105.3,13.8
1969,3,23,293.7,93.4,11.4
1969,3,23,330.4,67.8,20.1
1969,3,23,235.4,63.5,-14.4
1969,3,23,227.8,77.2,-26.5
1969,3,23,184.7,54.3,-31.6
1969,3,23,180.0,52.0,-21.2
1969,3,23,12.4,46.0,19.8
1969,3,23,261.7,135.2,-9.1
1969,3,23,117.1,342.0,-27.7
1969,3,24,287.6,105.6,13.7
1969,3,24,288.5,93.3,11.4
1969,3,24,314.6,68.1,20.3
1969,3,24,250.9,63.8,-14.2
1969,3,24,236.9,78.1,-26.7
1969,3,24,204.8,52.8,-31.7
1969,3,24,112.3,326.2,-23.3
1969,3,24,344.6,48.3,23.7
1969,3,24,105.0,345.3,-16.1
1969,3,25,285.2,105.5,13.9
1969,3,25,285.1,91.8,11.2
1969,3,25,304.7,68.0,20.6
1969,3,25,255.4,63.8,-14.3
1969,3,25,241.3,78.1,-26.9
1969,3,25,219.5,51.2,-32.0
1969,3,25,114.2,327.8,-24.1
1969,3,25,255.7,49.4,-11.9
1969,3,25,103.2,8.6,-10.5
1969,3,25,97.6,332.0,-10.1
1969,3,25,74.7,330.3,9.2
1969,3,25,66.4,309.2,21.9
1969,3,25,108.5,326.8,-19.3
1969,3,25,122.9,321.4,-32.6
1969,3,26,283.3,86.9,10.9
1969,3,26,298.6,67.7,20.3
1969,3,26,256.6,63.3,-14.5
1969,3,26,243.3,78.1,-26.9
1969,3,26,228.3,50.2,-31.9
1969,3,26,259.3,50.9,-11.8
1969,3,26,120.6,7.6,-10.6
1969,3,26,71.3,332.9,7.8
1969,3,26,63.6,307.7,22.4
1969,3,26,112.9,299.0,-23.8
1969,3,27,294.8,66.0,20.6
1969,3,27,257.2,64.0,-14.4
1969,3,27,243.3,78.1,-27.5
1969,3,27,233.0,47.9,-32.6
1969,3,27,259.5,52.0,-12.4
1969,3,27,244.0,8.0,-10.3
1969,3,27,61.3,330.1,10.0
1969,3,27,59.4,306.9,22.2
1969,3,27,113.2,299.3,-23.5
1969,3,27,80.2,279.8,8.7
1969,3,28,292.8,62.8,20.8
1969,3,28,257.1,63.5,-14.1
1969,3,28,236.3,46.9,-32.5
1969,3,28,289.4,35.1,10.4
1969,3,28,258.7,8.6,-10.3
1969,3,28,103.5,331.7,-10.1
1969,3,28,45.3,330.7,10.0
1969,3,28,53.1,306.7,22.1
1969,3,28,77.7,276.7,9.6
1969,3,28,65.3,265.9,23.8
1969,3,28,258.4,55.2,-13.3
1969,3,28,337.4,359.9,22.0
1969,3,28,231.4,355.6,-12.9
1969,3,28,109.0,294.6,-19.1
1969,3,29,237.8,47.5,-32.6
1969,3,29,286.5,33.8,11.1
1969,3,29,261.4,8.6,-10.3
1969,3,29,140.2,331.9,-9.8
1969,3,29,7.7,332.3,10.3
1969,3,29,42.4,307.1,22.1
1969,3,29,75.3,276.6,9.2
1969,3,29,68.9,259.1,19.1
1969,3,29,295.6,19.8,14.6
1969,3,30,261.7,7.8,-10.5
1969,3,30,256.8,332.8,-9.1
1969,3,30,324.9,333.0,10.2
1969,3,30,25.9,306.8,22.0
1969,3,30,71.2,276.9,8.9
1969,3,30,65.7,257.9,19.5
1969,3,30,291.0,19.4,15.0
1969,3,31,260.9,8.0,-11.0
1969,3,31,260.9,333.2,-10.1
1969,3,31,299.3,334.2,10.5
1969,3,31,354.3,307.0,22.4
1969,3,31,61.2,277.0,8.5
1969,3,31,59.1,258.3,19.4
1969,3,31,200.8,306.6,-13.2
1969,3,31,1.9,302.6,32.2
1969,4,1,262.6,333.8,-9.7
1969,4,1,339.0,305.8,23.5
1969,4,1,48.6,276.9,8.5
1969,4,1,53.2,258.0,19.2
1969,4,1,238.9,306.1,-13.5
1969,4,1,347.4,303.2,32.0
1969,4,1,57.7,244.4,22.3
1969,4,2,262.7,333.0,-9.7
1969,4,2,321.7,306.4,23.6
1969,4,2,16.0,277.0,8.9
1969,4,2,41.5,258.2,19.0
1969,4,2,332.5,303.5,32.0
1969,4,2,50.5,245.8,21.4
1969,4,2,262.3,307.3,-9.1
1969,4,3,262.3,332.4,-9.7
1969,4,3,310.6,306.3,23.7
1969,4,3,329.8,277.4,8.8
1969,4,3,20.8,258.7,19.1
1969,4,3,37.3,246.8,21.2
1969,4,3,79.0,195.4,8.8
1969,4,3,108.7,183.4,-19.2
1969,4,3,309.4,288.6,10.1
1969,4,4,261.9,332.9,-9.2
1969,4,4,301.5,306.7,22.9
1969,4,4,304.0,276.7,9.0
1969,4,4,351.7,258.0,19.1
1969,4,4,16.2,246.0,21.1
1969,4,4,76.4,194.6,8.8
1969,4,4,108.6,181.3,-19.6
1969,4,4,46.2,219.2,24.9
1969,4,5,297.3,307.2,23.0
1969,4,5,292.9,277.9,9.0
1969,4,5,328.1,258.6,19.2
1969,4,5,352.3,246.1,21.0
1969,4,5,73.0,195.2,8.6
1969,4,5,109.1,184.1,-19.5
1969,4,6,294.1,307.8,22.9
1969,4,6,287.0,278.0,9.4
1969,4,6,310.9,258.9,19.3
1969,4,6,332.1,243.9,22.1
1969,4,6,66.1,195.0,8.8
1969,4,6,112.0,186.7,-19.3
1969,4,7,283.6,278.1,9.4
1969,4,7,301.9,259.0,19.3
1969,4,7,53.7,195.6,8.8
1969,4,7,118.8,188.5,-19.2
1969,4,8,281.6,278.4,9.9
1969,4,8,295.6,259.6,19.2
1969,4,8,24.9,195.2,9.5
1969,4,8,135.3,188.5,-19.1
1969,4,8,106.5,176.3,-12.7
1969,4,8,75.1,154.0,7.4
1969,4,8,96.0,115.8,-6.4
1969,4,9,291.8,259.6,19.0
1969,4,9,337.0,195.6,9.1
1969,4,9,173.4,187.6,-19.1
1969,4,9,118.2,175.9,-12.7
1969,4,9,69.7,153.6,7.5
1969,4,9,95.7,112.8,-7.0
1969,4,9,102.7,120.7,-14.0
1969,4,9,76.5,137.9,7.0
1969,4,10,306.0,195.9,9.4
1969,4,10,220.8,187.3,-19.3
1969,4,10,198.1,177.5,-13.6
1969,4,10,94.8,113.3,-7.0
1969,4,10,104.0,121.3,-14.7
1969,4,10,71.6,105.7,15.4
1969,4,11,291.9,196.1,9.2
1969,4,11,240.8,186.7,-19.3
1969,4,11,94.5,113.2,-7.3
1969,4,11,107.2,123.9,-14.7
1969,4,11,67.8,105.5,15.1
1969,4,11,76.7,88.3,10.8
1969,4,11,214.5,172.2,-23.3
1969,4,12,287.0,196.2,9.0
1969,4,12,246.2,186.3,-19.2
1969,4,12,94.2,114.0,-7.1
1969,4,12,111.6,123.7,-14.6
1969,4,12,64.0,104.7,15.1
1969,4,12,74.7,87.6,10.9
1969,4,12,104.2,63.8,-14.7
1969,4,13,283.2,196.3,8.8
1969,4,13,250.1,186.3,-18.9
1969,4,13,94.7,113.9,-7.0
1969,4,13,129.0,124.6,-14.6
1969,4,13,56.2,104.8,14.9
1969,4,13,70.6,88.0,11.2
1969,4,13,103.6,62.6,-14.6
1969,4,13,296.8,178.7,15.1
1969,4,13,62.1,84.9,19.5
1969,4,13,65.1,60.2,23.2
1969,4,14,280.8,195.9,8.8
1969,4,14,251.8,186.4,-18.7
1969,4,14,97.5,114.0,-6.7
1969,4,14,189.3,124.7,-14.5
1969,4,14,41.6,104.9,14.7
1969,4,14,65.1,87.6,10.9
1969,4,14,103.8,62.9,-14.7
1969,4,14,291.7,176.9,14.8
1969,4,14,54.2,86.1,19.8
1969,4,14,62.3,60.4,23.0
1969,4,14,69.9,88.9,7.2
1969,4,14,212.5,135.1,-22.8
1969,4,15,252.2,185.9,-18.6
1969,4,15,244.3,113.1,-7.1
1969,4,15,237.8,125.3,-14.7
1969,4,15,13.8,104.6,15.0
1969,4,15,53.6,87.4,10.9
1969,4,15,105.4,62.4,-15.0
1969,4,15,42.9,85.4,19.7
1969,4,15,58.2,60.1,22.4
1969,4,15,57.9,90.1,6.9
1969,4,15,127.5,53.3,-34.8
1969,4,15,101.2,50.2,-12.4
1969,4,16,264.2,113.2,-6.9
1969,4,16,250.2,125.3,-14.6
1969,4,16,337.7,104.5,15.5
1969,4,16,26.9,87.5,10.9
1969,4,16,108.9,62.4,-15.0
1969,4,16,21.9,85.4,19.7
1969,4,16,50.4,60.0,22.3
1969,4,16,24.5,90.3,6.7
1969,4,16,146.3,89.3,-14.8
1969,4,17,264.5,112.6,-7.3
1969,4,17,253.9,124.8,-14.6
1969,4,17,314.4,105.0,15.2
1969,4,17,345.8,87.8,11.2
1969,4,17,116.1,62.2,-14.9
1969,4,17,355.4,85.7,19.9
1969,4,17,39.3,60.0,22.1
1969,4,17,332.0,90.1,6.9
1969,4,17,217.4,90.7,-14.3
1969,4,17,126.2,60.7,-20.4
1969,4,18,264.6,113.5,-7.5
1969,4,18,255.2,126.5,-15.2
1969,4,18,301.2,104.7,14.9
1969,4,18,312.9,88.1,11.0
1969,4,18,140.0,61.9,-15.1
1969,4,18,330.3,85.4,20.0
1969,4,18,20.6,59.6,22.5
1969,4,18,301.8,89.5,6.6
1969,4,18,243.6,91.0,-14.6
1969,4,18,148.1,60.6,-20.2
1969,4,18,45.7,39.2,23.3
1969,4,19,264.8,113.4,-7.2
1969,4,19,256.0,126.7,-14.9
1969,4,19,296.6,88.6,10.9
1969,4,19,207.2,61.7,-15.3
1969,4,19,312.5,85.7,20.5
1969,4,19,353.9,59.3,21.9
1969,4,19,287.1,91.3,5.9
1969,4,19,251.2,91.3,-15.1
1969,4,19,192.5,60.0,-20.9
1969,4,19,28.8,40.4,22.5
1969,4,20,264.7,113.9,-6.7
1969,4,20,256.5,121.5,-14.3
1969,4,20,290.0,88.8,11.0
1969,4,20,237.8,61.4,-15.3
1969,4,20,305.0,84.5,21.3
1969,4,20,331.6,59.3,22.0
1969,4,20,281.5,92.0,5.3
1969,4,20,253.9,91.8,-15.3
1969,4,20,223.0,59.9,-20.8
1969,4,20,1.2,43.4,22.6
1969,4,20,153.6,41.1,-10.8
1969,4,21,284.6,88.9,10.6
1969,4,21,250.2,61.3,-15.2
1969,4,21,297.5,86.2,21.7
1969,4,21,312.9,58.6,21.9
1969,4,21,278.2,92.1,5.3
1969,4,21,255.6,93.3,-15.1
1969,4,21,238.7,58.8,-21.2
1969,4,21,331.1,42.6,20.7
1969,4,21,246.3,42.1,-10.9
1969,4,22,282.6,89.0,10.5
1969,4,22,253.1,61.1,-15.2
1969,4,22,294.9,85.6,21.8
1969,4,22,306.3,57.8,22.2
1969,4,22,276.9,91.8,5.3
1969,4,22,255.9,94.4,-14.8
1969,4,22,254.3,42.2,-11.0
1969,4,22,76.1,330.2,7.2
1969,4,23,255.1,61.0,-15.3
1969,4,23,298.9,57.3,22.5
1969,4,23,258.9,42.8,-11.0
1969,4,23,67.6,331.2,7.5
1969,4,24,255.6,60.9,-15.1
1969,4,24,296.4,57.3,22.8
1969,4,24,260.4,44.4,-10.5
1969,4,24,58.1,331.2,7.9
1969,4,24,74.3,294.3,10.9
1969,4,24,78.5,287.3,8.4
1969,4,24,81.2,276.1,7.4
1969,4,24,304.0,20.8,14.6
1969,4,25,255.5,60.7,-15.0
1969,4,25,293.3,57.6,22.4
1969,4,25,261.1,45.4,-10.0
1969,4,25,28.5,330.8,7.7
1969,4,25,68.2,296.1,11.6
1969,4,25,73.9,285.6,10.1
1969,4,25,79.3,275.6,7.4
1969,4,25,96.7,271.6,-8.0
1969,4,26,262.0,46.8,-8.6
1969,4,26,59.6,296.6,11.8
1969,4,26,68.4,287.4,10.1
1969,4,26,76.2,275.9,7.6
1969,4,26,96.9,272.7,-8.2
1969,4,26,321.1,336.8,10.3
1969,4,26,212.2,335.1,-19.9
1969,4,27,42.9,296.3,11.8
1969,4,27,61.0,287.2,9.0
1969,4,27,71.3,276.1,7.6
1969,4,27,97.4,273.7,-8.0
1969,4,27,298.6,337.9,9.9
1969,4,27,231.4,333.4,-20.3
1969,4,28,6.9,296.7,12.0
1969,4,28,41.7,285.3,10.6
1969,4,28,61.1,276.2,8.1
1969,4,28,290.5,336.9,9.8
1969,4,28,69.6,225.4,18.5
1969,4,28,258.9,0.2,-11.8
1969,4,29,320.8,298.0,11.7
1969,4,29,348.8,288.0,11.3
1969,4,29,36.5,276.0,7.8
1969,4,29,284.1,338.0,8.9
1969,4,29,244.8,332.3,-21.7
1969,4,29,66.5,226.3,18.5
1969,4,30,303.5,296.5,12.1
1969,4,30,310.8,289.3,11.0
1969,4,30,339.4,276.0,7.6
1969,4,30,281.0,338.8,8.6
1969,4,30,60.9,227.3,18.7
1969,4,30,79.8,197.7,8.7
1969,5,1,294.0,298.5,13.7
1969,5,1,301.6,277.0,8.3
1969,5,1,48.1,230.3,18.8
1969,5,1,77.8,198.4,8.4
1969,5,1,281.2,301.0,5.0
1969,5,1,102.2,174.0,-12.6
1969,5,1,244.9,281.7,-14.6
1969,5,2,290.1,276.8,7.9
1969,5,2,30.4,230.7,18.8
1969,5,2,75.7,198.0,7.9
1969,5,2,278.9,300.1,5.2
1969,5,2,101.9,173.7,-12.5
1969,5,2,284.5,304.2,10.7
1969,5,2,232.4,266.6,-19.5
1969,5,3,284.7,276.8,8.1
1969,5,3,0.2,230.8,19.3
1969,5,3,70.2,197.9,8.0
1969,5,3,276.2,300.7,4.5
1969,5,3,102.8,172.7,-12.9
1969,5,3,114.6,157.9,-24.6
1969,5,4,281.3,277.5,8.4
1969,5,4,327.3,230.9,19.8
1969,5,4,55.4,198.3,7.9
1969,5,4,105.6,172.7,-13.3
1969,5,4,116.5,156.3,-24.8
1969,5,4,242.1,250.3,-19.7
1969,5,4,101.5,137.2,-12.0
1969,5,4,121.4,132.5,-31.6
1969,5,4,322.5,226.1,10.4
1969,5,5,280.1,277.5,8.5
1969,5,5,315.9,230.5,20.1
1969,5,5,34.7,198.1,8.2
1969,5,5,108.6,173.2,-13.3
1969,5,5,246.1,251.7,-19.8
1969,5,5,101.7,136.7,-12.2
1969,5,5,121.1,131.6,-30.9
1969,5,6,303.1,230.3,20.3
1969,5,6,324.0,198.9,7.9
1969,5,6,123.5,174.4,-13.7
1969,5,6,127.1,159.2,-24.1
1969,5,6,102.7,136.8,-12.3
1969,5,6,123.0,131.0,-30.6
1969,5,6,253.7,254.4,-16.2
1969,5,7,300.4,199.1,8.1
1969,5,7,158.6,175.3,-13.6
1969,5,7,137.6,158.3,-24.2
1969,5,7,104.9,138.4,-12.4
1969,5,7,125.7,130.8,-30.1
1969,5,8,220.9,175.9,-14.4
1969,5,8,158.6,156.9,-24.5
1969,5,8,109.3,136.1,-12.6
1969,5,8,131.9,130.3,-29.7
1969,5,8,79.0,105.9,8.0
1969,5,8,107.1,96.6,-17.1
1969,5,8,79.7,88.8,9.4
1969,5,8,96.6,107.1,-7.3
1969,5,9,240.0,175.0,-14.8
1969,5,9,119.6,136.3,-12.4
1969,5,9,143.1,130.0,-30.1
1969,5,9,109.2,94.4,-18.1
1969,5,9,78.2,88.6,9.4
1969,5,9,95.9,101.0,-6.6
1969,5,9,99.7,78.2,-10.2
1969,5,10,249.7,176.1,-14.6
1969,5,10,159.1,136.1,-13.3
1969,5,10,112.4,92.7,-18.8
1969,5,10,75.6,88.3,9.6
1969,5,10,96.6,101.8,-6.5
1969,5,10,99.4,78.6,-9.7
1969,5,10,75.0,72.9,12.8
1969,5,10,106.3,96.2,-13.6
1969,5,11,254.6,176.6,-13.9
1969,5,11,222.3,135.0,-13.6
1969,5,11,64.1,103.8,7.3
1969,5,11,117.3,94.9,-16.9
1969,5,11,71.2,88.1,9.3
1969,5,11,97.9,99.0,-6.1
1969,5,11,100.6,78.5,-9.7
1969,5,11,73.4,69.1,12.3
1969,5,11,64.7,81.1,16.2
1969,5,11,68.5,66.0,17.3
1969,5,12,256.4,178.2,-13.5
1969,5,12,241.9,134.8,-13.4
1969,5,12,42.4,104.5,7.2
1969,5,12,128.4,95.4,-16.5
1969,5,12,63.9,88.1,9.5
1969,5,12,105.2,100.9,-6.2
1969,5,12,102.8,78.1,-9.8
1969,5,12,70.3,68.3,12.4
1969,5,12,58.0,80.8,16.6
1969,5,12,65.8,59.9,18.5
1969,5,13,256.9,178.1,-13.4
1969,5,13,253.0,137.4,-12.6
1969,5,13,334.0,104.8,7.3
1969,5,13,165.8,96.4,-16.1
1969,5,13,44.0,87.9,9.6
1969,5,13,206.6,101.4,-5.7
1969,5,13,108.7,77.6,-9.8
1969,5,13,63.0,68.5,12.7
1969,5,13,42.5,81.1,17.1
1969,5,13,59.1,60.8,18.8
1969,5,14,255.5,137.5,-12.9
1969,5,14,296.8,106.9,7.4
1969,5,14,216.3,97.2,-16.1
1969,5,14,334.0,93.7,11.2
1969,5,14,256.7,102.4,-6.1
1969,5,14,129.4,78.1,-9.7
1969,5,14,47.3,69.6,13.0
1969,5,14,16.1,81.1,17.0
1969,5,14,47.0,63.1,18.5
1969,5,14,332.5,98.5,18.9
1969,5,14,240.3,115.5,-17.4
1969,5,15,256.7,135.5,-13.0
1969,5,15,285.0,107.3,6.9
1969,5,15,240.0,96.2,-15.6
1969,5,15,300.8,94.8,11.0
1969,5,15,262.1,102.8,-6.2
1969,5,15,222.5,78.6,-9.9
1969,5,15,1.9,71.2,12.7
1969,5,15,335.8,80.8,17.2
1969,5,15,19.0,64.4,18.1
1969,5,15,309.2,98.9,18.5
1969,5,15,329.6,91.2,27.9
1969,5,16,282.6,107.8,7.7
1969,5,16,249.0,98.0,-14.9
1969,5,16,291.6,95.5,10.9
1969,5,16,264.3,102.8,-5.6
1969,5,16,247.1,78.8,-9.7
1969,5,16,327.8,70.4,12.8
1969,5,16,315.7,80.6,17.2
1969,5,16,339.6,68.3,17.5
1969,5,16,299.3,100.0,17.9
1969,5,17,281.2,110.5,9.1
1969,5,17,286.9,97.8,11.9
1969,5,17,264.2,104.6,-6.1
1969,5,17,254.7,79.5,-10.2
1969,5,17,301.4,71.9,12.5
1969,5,17,300.5,80.3,16.2
1969,5,17,313.5,68.6,17.4
1969,5,17,292.2,101.6,17.2
1969,5,17,307.7,92.6,27.7
1969,5,17,10.4,43.0,18.8
1969,5,17,104.9,320.5,-15.0
1969,5,18,280.9,113.0,10.2
1969,5,18,283.8,99.4,11.5
1969,5,18,263.9,104.6,-6.5
1969,5,18,293.5,71.3,12.5
1969,5,18,294.3,80.8,16.3
1969,5,18,301.2,69.3,16.9
1969,5,18,288.3,102.5,16.1
1969,5,18,343.5,42.0,18.2
1969,5,18,105.5,319.3,-15.6
1969,5,18,105.0,336.8,-14.0
1969,5,19,283.1,98.8,12.4
1969,5,19,264.3,105.3,-5.9
1969,5,19,259.0,76.8,-10.3
1969,5,19,287.4,74.5,13.1
1969,5,19,290.4,80.1,16.8
1969,5,19,294.5,69.4,17.7
1969,5,19,286.8,102.5,16.4
1969,5,19,315.9,41.0,18.0
1969,5,19,107.4,318.9,-16.3
1969,5,19,108.0,337.1,-14.0
1969,5,19,79.5,329.5,7.0
1969,5,19,80.6,310.0,8.2
1969,5,19,78.4,298.1,11.3
1969,5,20,283.8,71.0,11.9
1969,5,20,288.0,80.6,17.1
1969,5,20,290.9,69.1,18.2
1969,5,20,110.4,319.4,-16.1
1969,5,20,114.1,337.9,-13.1
1969,5,20,70.0,327.3,11.1
1969,5,20,78.6,310.9,8.2
1969,5,20,77.0,297.2,11.4
1969,5,20,77.3,286.1,12.1
1969,5,21,282.8,69.5,12.0
1969,5,21,116.0,319.8,-16.4
1969,5,21,128.4,338.4,-13.1
1969,5,21,63.4,326.8,11.0
1969,5,21,75.9,311.4,8.2
1969,5,21,75.3,297.4,11.3
1969,5,21,75.9,285.3,12.5
1969,5,21,204.8,358.3,-12.6
1969,5,21,350.8,355.8,14.0
1969,5,21,145.8,337.6,-23.1
1969,5,21,77.6,275.4,11.8
1969,5,22,126.0,319.7,-16.3
1969,5,22,168.5,338.7,-13.2
1969,5,22,48.4,326.7,10.9
1969,5,22,71.9,311.6,7.7
1969,5,22,72.6,297.8,11.0
1969,5,22,74.0,285.4,12.4
1969,5,22,237.7,358.6,-12.3
1969,5,22,319.3,355.1,14.2
1969,5,22,178.2,340.5,-20.4
1969,5,22,76.7,275.5,11.5
1969,5,23,152.5,319.7,-16.4
1969,5,23,223.3,339.3,-13.5
1969,5,23,1.8,327.3,11.0
1969,5,23,57.9,312.3,8.0
1969,5,23,66.0,298.4,11.0
1969,5,23,71.1,283.4,12.4
1969,5,23,249.5,358.8,-12.2
1969,5,23,300.5,355.3,14.0
1969,5,23,212.5,340.7,-20.8
1969,5,23,74.5,275.3,11.5
1969,5,23,195.3,335.3,-27.1
1969,5,23,60.8,295.4,15.4
1969,5,24,207.6,319.7,-16.4
1969,5,24,245.5,340.2,-13.5
1969,5,24,306.1,328.4,10.6
1969,5,24,346.9,313.8,8.0
1969,5,24,44.5,299.3,10.9
1969,5,24,64.7,283.8,11.2
1969,5,24,292.5,354.5,14.8
1969,5,24,234.0,340.9,-20.7
1969,5,24,69.0,275.0,11.8
1969,5,24,218.0,334.7,-27.7
1969,5,24,40.1,296.4,16.0
1969,5,24,280.1,348.7,5.0
1969,5,25,231.2,319.4,-15.9
1969,5,25,251.1,339.6,-13.2
1969,5,25,294.6,327.8,10.8
1969,5,25,304.6,313.8,7.9
1969,5,25,5.6,299.1,10.7
1969,5,25,44.8,286.8,12.0
1969,5,25,289.0,353.9,14.8
1969,5,25,240.6,340.1,-20.7
1969,5,25,61.7,274.4,12.1
1969,5,25,228.3,334.2,-27.3
1969,5,25,17.4,294.5,16.7
1969,5,25,278.4,349.4,5.5
1969,5,26,243.5,319.8,-15.9
1969,5,26,254.8,341.5,-13.1
1969,5,26,286.7,328.7,10.3
1969,5,26,288.7,315.5,8.0
1969,5,26,308.1,301.5,9.7
1969,5,26,0.8,287.2,12.2
1969,5,26,286.7,354.5,15.0
1969,5,26,244.8,340.3,-21.2
1969,5,26,43.1,274.5,12.3
1969,5,26,234.8,334.6,-28.0
1969,5,26,277.1,351.4,5.9
1969,5,26,84.5,206.7,5.2
1969,5,27,248.6,319.9,-16.2
1969,5,27,256.5,342.1,-12.9
1969,5,27,281.4,332.4,9.1
1969,5,27,283.0,317.5,8.1
1969,5,27,297.0,300.5,11.5
1969,5,27,316.6,287.7,12.2
1969,5,27,247.3,339.6,-21.1
1969,5,27,1.6,274.5,12.7
1969,5,27,241.6,335.6,-25.7
1969,5,27,276.1,353.2,5.8
1969,5,27,82.9,208.7,6.1
1969,5,28,252.1,320.6,-15.9
1969,5,28,257.1,342.0,-12.9
1969,5,28,281.2,317.8,8.8
1969,5,28,289.1,300.7,11.6
1969,5,28,296.9,289.0,12.3
1969,5,28,248.4,337.8,-21.2
1969,5,28,317.9,274.4,12.8
1969,5,28,241.6,333.5,-27.4
1969,5,28,80.8,209.7,6.7
1969,5,28,71.5,199.3,16.1
1969,5,28,104.6,179.0,-14.6
1969,5,29,254.1,320.4,-15.4
1969,5,29,280.1,317.2,9.1
1969,5,29,285.3,300.3,11.7
1969,5,29,289.6,288.8,12.4
1969,5,29,298.6,274.4,12.8
1969,5,29,76.5,211.0,7.6
1969,5,29,68.6,197.1,16.5
1969,5,29,105.3,179.0,-14.6
1969,5,30,255.7,319.3,-14.3
1969,5,30,279.9,315.2,9.7
1969,5,30,283.1,300.3,11.8
1969,5,30,284.2,290.7,11.7
1969,5,30,288.9,275.2,12.4
1969,5,30,67.9,211.7,7.8
1969,5,30,61.2,200.7,15.9
1969,5,30,107.4,179.1,-14.6
1969,5,30,247.8,285.0,-18.2
1969,5,31,281.9,293.6,11.2
1969,5,31,50.7,211.4,7.6
1969,5,31,110.4,179.1,-14.5
1969,5,31,247.5,279.8,-19.7
1969,6,1,332.5,212.7,7.9
1969,6,1,117.6,178.9,-14.8
1969,6,1,107.4,173.3,-10.6
1969,6,2,296.8,212.5,8.1
1969,6,2,131.7,178.4,-14.9
1969,6,2,115.9,173.9,-10.4
1969,6,2,100.3,145.3,-8.2
1969,6,2,78.1,120.2,11.4
1969,6,3,285.3,212.6,8.0
1969,6,3,170.9,178.3,-15.4
1969,6,3,143.9,172.9,-10.9
1969,6,3,105.8,148.4,-8.8
1969,6,3,76.3,118.5,12.1
1969,6,3,79.9,110.3,9.5
1969,6,3,106.2,109.5,-15.5
1969,6,3,73.9,105.0,15.6
1969,6,3,82.1,102.8,7.7
1969,6,4,281.8,212.1,8.1
1969,6,4,203.4,173.3,-10.6
1969,6,4,116.5,149.8,-9.3
1969,6,4,74.1,119.5,12.1
1969,6,4,107.2,110.4,-14.8
1969,6,4,72.5,105.1,15.7
1969,6,4,81.5,102.9,7.7
1969,6,4,105.5,92.2,-15.1
1969,6,5,279.2,211.8,7.7
1969,6,5,238.1,173.0,-10.5
1969,6,5,155.6,150.5,-11.3
1969,6,5,69.8,120.5,12.0
1969,6,5,75.1,115.4,9.8
1969,6,5,111.5,110.2,-15.7
1969,6,5,69.9,105.1,15.8
1969,6,5,80.0,102.9,8.0
1969,6,5,107.0,89.6,-15.6
1969,6,5,77.2,87.2,11.9
1969,6,5,73.2,76.7,16.5
1969,6,6,278.5,212.0,8.0
1969,6,6,243.8,178.9,-16.2
1969,6,6,247.1,171.1,-11.3
1969,6,6,217.5,150.7,-10.4
1969,6,6,60.8,122.0,11.2
1969,6,6,70.6,116.5,8.9
1969,6,6,116.6,110.4,-14.8
1969,6,6,65.3,105.2,15.7
1969,6,6,77.9,103.5,7.8
1969,6,6,109.4,90.3,-15.5
1969,6,6,76.4,88.9,11.1
1969,6,6,72.3,76.8,16.3
1969,6,6,281.5,196.6,9.4
1969,6,7,251.0,179.3,-15.0
1969,6,7,252.9,170.9,-11.8
1969,6,7,246.8,150.2,-9.2
1969,6,7,51.2,115.7,9.5
1969,6,7,134.4,112.6,-13.8
1969,6,7,53.4,105.2,15.9
1969,6,7,71.1,103.6,8.1
1969,6,7,115.0,91.0,-15.3
1969,6,7,72.2,90.2,11.2
1969,6,7,69.6,76.6,16.2
1969,6,8,254.0,169.1,-12.7
1969,6,8,251.4,148.5,-10.0
1969,6,8,3.7,115.3,9.5
1969,6,8,169.6,113.3,-13.5
1969,6,8,33.4,105.1,16.2
1969,6,8,55.7,104.4,8.1
1969,6,8,123.1,90.7,-15.2
1969,6,8,65.6,90.3,11.4
1969,6,8,66.0,76.3,16.1
1969,6,9,307.0,115.3,9.8
1969,6,9,219.8,114.0,-12.8
1969,6,9,352.0,105.0,16.4
1969,6,9,345.7,104.7,8.3
1969,6,9,142.9,90.8,-14.8
1969,6,9,45.2,91.7,11.2
1969,6,9,57.6,76.0,16.3
1969,6,10,291.1,115.0,10.0
1969,6,10,230.9,107.3,-13.5
1969,6,10,317.1,104.8,16.5
1969,6,10,297.8,104.7,8.5
1969,6,10,186.3,91.1,-14.5
1969,6,10,344.4,92.4,11.2
1969,6,10,40.4,75.5,16.3
1969,6,10,87.7,19.5,2.4
1969,6,11,284.1,116.5,9.8
1969,6,11,247.1,108.8,-12.3
1969,6,11,300.9,104.8,16.6
1969,6,11,286.6,104.9,8.8
1969,6,11,225.2,91.5,-14.1
1969,6,11,302.7,92.9,11.2
1969,6,11,3.5,75.1,16.4
1969,6,11,87.6,16.8,2.4
1969,6,11,81.6,352.8,8.4
1969,6,12,281.2,117.4,9.6
1969,6,12,253.5,109.6,-11.6
1969,6,12,293.7,104.2,16.7
1969,6,12,282.4,105.0,9.0
1969,6,12,241.1,91.4,-14.0
1969,6,12,290.3,93.3,11.3
1969,6,12,324.3,74.7,16.5
1969,6,12,81.4,352.9,8.4
1969,6,12,104.5,347.7,-13.8
1969,6,13,279.5,119.8,9.3
1969,6,13,256.4,109.9,-11.4
1969,6,13,290.0,104.2,17.0
1969,6,13,280.5,105.2,9.2
1969,6,13,248.5,91.3,-14.0
1969,6,13,285.0,94.5,11.4
1969,6,13,303.9,74.7,16.7
1969,6,13,80.4,353.0,8.6
1969,6,13,105.9,347.0,-13.8
1969,6,13,78.3,329.1,11.7
1969,6,14,256.9,105.8,-12.1
1969,6,14,279.0,105.4,8.9
1969,6,14,252.4,92.0,-14.5
1969,6,14,282.0,94.7,11.0
1969,6,14,293.7,74.6,16.6
1969,6,14,78.6,353.4,8.3
1969,6,14,109.6,346.9,-14.0
1969,6,14,78.5,328.8,10.9
1969,6,14,22.9,27.9,15.8
1969,6,14,107.5,323.4,-16.3
1969,6,15,278.9,105.3,9.0
1969,6,15,254.3,93.0,-14.5
1969,6,15,281.0,94.6,10.8
1969,6,15,290.2,74.8,16.9
1969,6,15,74.9,353.5,8.5
1969,6,15,116.2,347.8,-14.7
1969,6,15,77.3,329.2,10.9
1969,6,15,341.3,27.7,16.1
1969,6,15,109.4,323.6,-16.2
1969,6,15,357.9,23.4,24.1
1969,6,15,120.7,343.4,-19.7
1969,6,15,81.8,313.8,8.1
1969,6,15,78.2,310.8,11.6
1969,6,16,254.4,88.0,-15.3
1969,6,16,283.5,91.9,13.6
1969,6,16,287.6,73.8,16.9
1969,6,16,60.0,353.2,8.4
1969,6,16,136.3,348.2,-16.3
1969,6,16,73.8,329.3,10.8
1969,6,16,302.9,29.2,15.6
1969,6,16,114.3,322.9,-16.2
1969,6,16,317.4,27.6,23.1
1969,6,16,136.6,344.3,-20.0
1969,6,16,79.7,325.3,7.7
1969,6,16,107.5,326.1,-10.4
1969,6,17,287.0,73.7,16.9
1969,6,17,25.8,353.2,8.4
1969,6,17,153.1,347.5,-16.0
1969,6,17,69.4,329.3,11.0
1969,6,17,296.6,28.6,16.0
1969,6,17,120.7,324.9,-16.2
1969,6,17,307.6,27.9,22.9
1969,6,17,150.8,343.8,-20.4
1969,6,17,78.7,325.0,7.2
1969,6,17,126.4,321.8,-21.8
1969,6,18,305.8,353.2,8.5
1969,6,18,195.7,348.4,-15.8
1969,6,18,55.6,329.5,10.8
1969,6,18,290.2,28.9,15.7
1969,6,18,130.9,324.1,-14.6
1969,6,18,301.2,25.0,22.9
1969,6,18,181.5,344.0,-19.8
1969,6,18,76.9,311.0,8.4
1969,6,18,71.3,324.2,7.8
1969,6,18,162.1,334.6,-24.1
1969,6,19,286.6,353.3,8.1
1969,6,19,5.1,329.7,10.5
1969,6,19,287.2,28.1,15.5
1969,6,19,157.0,323.5,-14.5
1969,6,19,296.2,27.0,23.1
1969,6,19,211.2,343.9,-19.5
1969,6,19,73.8,314.8,6.1
1969,6,19,38.3,326.1,7.2
1969,6,20,280.8,353.5,7.9
1969,6,20,304.7,329.8,10.3
1969,6,20,285.3,30.2,15.2
1969,6,20,200.6,323.7,-15.1
1969,6,20,294.5,27.4,23.7
1969,6,20,30.8,313.4,8.1
1969,6,20,299.1,326.5,6.9
1969,6,20,79.4,249.2,10.5
1969,6,21,278.6,353.9,7.8
1969,6,21,289.3,329.7,10.4
1969,6,21,228.7,324.8,-15.9
1969,6,21,282.4,326.5,6.6
1969,6,21,286.3,352.5,13.6
1969,6,22,284.0,329.3,10.4
1969,6,22,240.4,324.8,-16.2
1969,6,22,278.3,327.1,6.6
1969,6,22,283.8,352.3,13.1
1969,6,22,56.5,268.7,15.6
1969,6,23,281.3,329.8,10.3
1969,6,23,250.1,322.4,-13.1
1969,6,23,277.0,327.7,6.8
1969,6,23,240.0,323.1,-21.4
1969,6,23,283.4,351.2,13.5
1969,6,23,305.3,299.9,17.3
1969,6,24,279.6,330.1,9.7
1969,6,24,251.8,322.6,-14.8
1969,6,24,276.1,328.7,6.5
1969,6,24,245.1,323.3,-21.0
1969,6,24,77.9,236.9,7.4
1969,6,25,279.5,329.6,9.8
1969,6,25,253.2,322.4,-15.4
1969,6,25,276.5,328.6,6.8
1969,6,25,248.1,323.6,-20.5
1969,6,25,68.7,237.5,7.2
1969,6,25,102.1,174.4,-11.2
1969,6,26,342.1,239.4,7.1
1969,6,26,102.9,175.2,-10.4
1969,6,26,113.7,185.1,-17.9
1969,6,26,77.9,194.0,10.2
1969,6,27,283.3,241.2,6.5
1969,6,27,106.4,177.0,-10.4
1969,6,27,230.1,248.9,-17.4
1969,6,28,278.7,241.0,6.7
1969,6,28,111.5,177.8,-10.0
1969,6,28,358.6,211.3,15.0
1969,6,28,75.0,126.8,15.2
1969,6,29,276.9,242.9,6.9
1969,6,29,123.7,178.1,-9.9
1969,6,29,310.0,212.5,14.9
1969,6,29,74.4,126.0,15.7
1969,6,29,61.5,124.5,28.1
1969,6,30,276.4,243.1,7.0
1969,6,30,151.8,177.7,-10.0
1969,6,30,298.0,210.9,15.7
1969,6,30,73.6,126.0,15.6
1969,6,30,59.5,149.7,20.8
1969,6,30,82.2,122.3,8.3
1969,6,30,81.0,106.3,9.4
1969,6,30,104.4,103.0,-13.9
1969,7,1,276.7,243.8,7.3
1969,7,1,210.2,177.8,-10.1
1969,7,1,289.9,211.5,15.6
1969,7,1,70.4,125.4,16.1
1969,7,1,44.7,151.8,20.2
1969,7,1,82.0,124.6,7.8
1969,7,1,81.8,104.5,8.7
1969,7,1,106.8,94.6,-15.6
1969,7,1,78.5,95.5,11.9
1969,7,2,235.4,177.5,-10.0
1969,7,2,224.1,180.2,-18.6
1969,7,2,282.7,214.4,12.3
1969,7,2,65.5,126.4,16.0
1969,7,2,21.1,151.5,19.7
1969,7,2,81.3,126.3,7.3
1969,7,2,82.3,103.4,8.1
1969,7,2,108.8,94.7,-15.7
1969,7,2,78.2,95.3,11.9
1969,7,3,247.7,177.0,-10.0
1969,7,3,239.1,182.8,-18.3
1969,7,3,284.7,211.7,14.8
1969,7,3,52.2,126.6,16.0
1969,7,3,334.0,152.1,19.1
1969,7,3,78.2,122.9,7.3
1969,7,3,81.3,102.9,8.2
1969,7,3,112.7,94.3,-15.8
1969,7,3,77.0,95.6,11.9
1969,7,3,156.9,125.1,-35.2
1969,7,3,82.1,65.8,8.4
1969,7,3,218.4,160.1,-16.5
1969,7,4,253.8,178.0,-9.9
1969,7,4,246.3,183.3,-17.5
1969,7,4,15.9,126.8,15.9
1969,7,4,307.4,152.7,19.0
1969,7,4,58.3,123.7,7.5
1969,7,4,79.4,102.9,7.9
1969,7,4,119.3,94.2,-15.9
1969,7,4,74.1,95.4,12.0
1969,7,4,171.2,123.6,-35.7
1969,7,4,82.3,65.5,8.4
1969,7,4,119.6,64.1,-26.5
1969,7,5,257.0,178.3,-9.7
1969,7,5,249.2,183.6,-17.8
1969,7,5,326.0,126.6,15.9
1969,7,5,310.2,126.3,10.4
1969,7,5,72.7,103.4,7.8
1969,7,5,129.9,93.7,-16.1
1969,7,5,67.4,95.0,12.3
1969,7,5,189.2,125.2,-35.9
1969,7,5,81.8,64.1,8.7
1969,7,5,123.5,63.2,-26.8
1969,7,6,259.1,179.5,-9.6
1969,7,6,250.9,184.1,-18.2
1969,7,6,301.4,127.0,15.9
1969,7,6,290.3,125.2,10.5
1969,7,6,17.4,103.9,7.7
1969,7,6,150.9,94.1,-15.9
1969,7,6,48.2,94.9,12.5
1969,7,6,205.3,126.8,-35.9
1969,7,6,80.8,65.0,8.7
1969,7,6,129.4,63.5,-26.6
1969,7,6,300.8,157.3,27.0
1969,7,6,76.4,38.7,13.9
1969,7,6,105.7,21.2,-15.3
1969,7,7,292.4,126.1,16.3
1969,7,7,289.6,103.4,8.1
1969,7,7,189.2,93.7,-15.8
1969,7,7,335.3,94.6,12.4
1969,7,7,216.7,126.0,-36.1
1969,7,7,77.1,64.5,9.0
1969,7,7,297.8,159.1,27.3
1969,7,7,76.3,35.1,13.4
1969,7,7,108.0,14.2,-16.8
1969,7,7,275.3,97.5,4.3
1969,7,8,288.3,126.6,16.3
1969,7,8,279.3,104.8,7.6
1969,7,8,216.7,92.7,-15.6
1969,7,8,298.0,95.0,12.4
1969,7,8,223.8,125.4,-36.0
1969,7,8,69.0,64.6,8.7
1969,7,8,73.5,36.6,13.8
1969,7,8,110.5,15.1,-16.9
1969,7,9,286.6,126.2,16.5
1969,7,9,275.4,102.4,6.4
1969,7,9,235.0,92.5,-15.2
1969,7,9,287.6,94.8,12.4
1969,7,9,0.0,64.3,8.7
1969,7,9,68.2,37.8,13.5
1969,7,9,114.6,15.7,-16.7
1969,7,9,68.5,14.2,19.1
1969,7,10,285.8,126.0,16.3
1969,7,10,274.0,105.4,5.6
1969,7,10,243.3,92.7,-15.3
1969,7,10,284.1,95.0,12.5
1969,7,10,298.7,62.4,9.3
1969,7,10,53.5,39.1,13.4
1969,7,10,121.0,16.7,-16.4
1969,7,10,128.0,37.4,-7.7
1969,7,10,84.3,334.8,6.4
1969,7,10,80.4,332.5,10.2
1969,7,11,248.5,92.0,-15.6
1969,7,11,282.0,95.2,12.3
1969,7,11,282.5,64.3,9.3
1969,7,11,344.7,40.3,13.7
1969,7,11,135.9,17.6,-16.0
1969,7,11,182.0,38.0,-7.3
1969,7,11,85.3,334.3,6.0
1969,7,11,80.5,331.5,10.3
1969,7,11,256.0,90.6,-8.9
1969,7,11,115.2,354.6,-15.1
1969,7,12,251.6,91.3,-15.2
1969,7,12,281.8,95.0,12.5
1969,7,12,280.0,63.8,9.4
1969,7,12,312.2,37.5,14.1
1969,7,12,157.7,17.7,-15.9
1969,7,12,41.3,10.6,20.6
1969,7,12,85.7,334.1,6.0
1969,7,12,80.2,331.6,10.4
1969,7,12,258.9,89.2,-8.1
1969,7,12,123.0,354.6,-15.5
1969,7,12,322.8,40.5,21.8
1969,7,13,254.1,92.6,-15.0
1969,7,13,281.6,95.4,12.1
1969,7,13,293.0,38.1,14.1
1969,7,13,197.6,18.9,-15.5
1969,7,13,12.9,8.8,19.7
1969,7,13,85.6,334.6,6.1
1969,7,13,79.3,332.1,10.2
1969,7,13,261.5,91.2,-7.5
1969,7,13,139.6,355.1,-15.7
1969,7,13,227.4,50.1,-26.7
1969,7,14,286.3,40.4,14.0
1969,7,14,224.3,19.3,-15.4
1969,7,14,330.5,8.8,19.9
1969,7,14,84.5,334.7,6.3
1969,7,14,76.4,332.0,10.2
1969,7,14,177.1,358.5,-14.8
1969,7,15,283.8,40.1,13.9
1969,7,15,239.9,19.6,-14.9
1969,7,15,304.8,9.4,19.8
1969,7,15,79.3,334.8,6.3
1969,7,15,65.8,332.1,10.0
1969,7,15,214.5,358.4,-14.8
1969,7,15,179.4,344.6,-22.6
1969,7,15,60.7,285.1,27.7
1969,7,16,283.1,39.6,13.8
1969,7,16,246.0,19.4,-15.6
1969,7,16,296.1,9.8,20.2
1969,7,16,297.2,335.0,6.4
1969,7,16,352.6,332.1,9.9
1969,7,16,231.4,356.3,-14.8
1969,7,17,251.0,19.6,-14.5
1969,7,17,292.8,12.1,21.0
1969,7,17,277.1,335.1,6.4
1969,7,17,295.2,332.1,10.3
1969,7,17,292.8,350.8,16.1
1969,7,17,78.3,236.1,12.2
1969,7,17,232.1,350.6,-18.4
1969,7,18,253.8,19.1,-14.2
1969,7,18,291.4,12.5,21.4
1969,7,18,274.9,335.4,6.5
1969,7,18,283.8,332.3,10.3
1969,7,18,287.9,351.2,16.0
1969,7,18,78.4,236.9,12.5
1969,7,18,353.9,309.0,24.8
1969,7,19,291.7,14.3,22.2
1969,7,19,273.9,335.4,6.2
1969,7,19,280.6,332.3,10.4
1969,7,19,78.0,237.8,12.6
1969,7,19,325.4,308.6,25.0
1969,7,20,274.0,336.1,6.0
1969,7,20,279.7,332.8,10.7
1969,7,20,76.5,238.3,12.5
1969,7,20,308.8,307.9,25.1
1969,7,20,226.9,301.9,-16.1
1969,7,21,274.4,336.5,5.9
1969,7,21,279.2,332.8,10.4
1969,7,21,73.6,238.8,12.2
1969,7,21,301.6,307.4,25.1
1969,7,21,237.6,300.9,-15.9
1969,7,22,280.1,332.5,10.8
1969,7,22,60.0,239.6,11.9
1969,7,22,246.1,301.8,-15.8
1969,7,22,79.8,204.0,11.0
1969,7,22,109.3,184.9,-16.1
1969,7,22,293.7,299.0,21.0
1969,7,22,69.2,189.7,20.8
1969,7,23,8.7,239.3,12.2
1969,7,23,249.9,302.3,-15.7
1969,7,23,78.7,206.4,10.6
1969,7,23,112.4,184.5,-16.3
1969,7,24,303.2,238.1,12.2
1969,7,24,252.8,303.7,-15.7
1969,7,24,73.1,207.6,10.7
1969,7,24,118.0,184.9,-16.2
1969,7,24,106.9,152.5,-15.1
1969,7,25,289.6,237.2,12.8
1969,7,25,55.5,206.3,10.5
1969,7,25,128.2,185.7,-16.3
1969,7,25,110.3,153.0,-15.6
1969,7,26,283.8,238.7,12.9
1969,7,26,291.6,209.2,9.1
1969,7,26,115.0,152.3,-15.6
1969,7,26,129.7,173.2,-15.9
1969,7,26,98.8,125.9,-7.0
1969,7,26,278.1,274.9,9.2
1969,7,27,282.1,239.0,12.9
1969,7,27,121.9,151.5,-15.9
1969,7,27,100.9,124.8,-7.2
1969,7,27,170.8,184.5,-10.5
1969,7,28,284.7,237.5,15.6
1969,7,28,135.4,151.6,-16.2
1969,7,28,169.3,169.4,-16.2
1969,7,28,104.1,124.3,-7.3
1969,7,28,183.8,174.9,-13.6
1969,7,29,157.6,150.9,-16.5
1969,7,29,202.6,169.4,-16.1
1969,7,29,109.2,124.4,-7.1
1969,7,29,218.5,175.7,-13.6
1969,7,29,64.8,125.3,19.4
1969,7,29,111.1,104.1,-14.9
1969,7,30,186.7,150.6,-16.7
1969,7,30,224.2,170.0,-16.5
1969,7,30,119.3,124.9,-7.3
1969,7,30,235.1,176.7,-14.0
1969,7,30,55.8,126.0,19.2
1969,7,30,117.0,105.4,-15.2
1969,7,30,103.5,66.5,-12.6
1969,7,30,302.4,182.2,23.9
1969,7,31,218.9,150.5,-16.7
1969,7,31,238.0,171.5,-17.8
1969,7,31,152.9,125.2,-7.3
1969,7,31,246.9,176.3,-12.8
1969,7,31,129.9,106.1,-15.3
1969,7,31,104.8,65.2,-11.5
1969,7,31,298.5,190.1,27.4
1969,7,31,68.1,116.3,11.7
1969,7,31,82.7,60.4,8.8
1969,7,31,88.3,102.8,5.9
1969,8,1,234.6,150.8,-16.4
1969,8,1,205.8,125.3,-8.2
1969,8,1,251.4,175.8,-12.9
1969,8,1,150.9,106.3,-15.7
1969,8,1,108.7,66.1,-11.7
1969,8,1,297.1,190.2,27.5
1969,8,1,24.6,115.4,12.5
1969,8,1,83.5,61.9,8.7
1969,8,1,282.5,158.2,12.5
1969,8,1,102.6,114.1,4.9
1969,8,1,126.7,93.5,-12.6
1969,8,2,241.5,150.5,-16.2
1969,8,2,231.7,125.7,-8.0
1969,8,2,254.2,173.8,-12.2
1969,8,2,173.7,105.7,-15.5
1969,8,2,112.9,66.3,-11.6
1969,8,2,298.0,188.2,28.6
1969,8,2,308.9,116.5,12.5
1969,8,2,82.8,55.7,9.3
1969,8,2,282.0,158.1,13.0
1969,8,2,257.3,113.6,4.7
1969,8,2,119.0,49.4,-22.9
1969,8,3,248.2,150.6,-16.2
1969,8,3,247.9,125.5,-8.0
1969,8,3,206.0,101.7,-14.6
1969,8,3,125.0,66.2,-11.6
1969,8,3,286.3,117.4,12.6
1969,8,3,82.0,54.9,9.6
1969,8,3,269.4,117.0,5.2
1969,8,3,127.0,49.6,-23.1
1969,8,3,71.6,20.9,19.3
1969,8,4,250.8,149.8,-15.9
1969,8,4,252.7,125.6,-8.0
1969,8,4,148.6,70.7,-11.7
1969,8,4,283.1,118.3,12.7
1969,8,4,81.0,55.7,9.4
1969,8,4,269.5,113.7,4.9
1969,8,4,133.4,49.7,-22.4
1969,8,4,70.9,15.7,19.9
1969,8,4,76.4,13.5,14.9
1969,8,4,74.1,357.0,16.4
1969,8,4,113.6,48.1,-8.7
1969,8,5,253.1,150.2,-16.0
1969,8,5,256.6,125.6,-8.1
1969,8,5,175.2,67.0,-11.8
1969,8,5,281.3,118.2,12.6
1969,8,5,75.7,55.7,9.2
1969,8,5,149.7,51.2,-22.2
1969,8,5,70.4,15.2,19.4
1969,8,5,75.6,13.5,15.3
1969,8,5,75.0,358.4,16.2
1969,8,5,270.4,123.0,3.9
1969,8,6,258.9,125.4,-8.5
1969,8,6,214.3,67.5,-11.7
1969,8,6,280.9,118.6,12.5
1969,8,6,344.6,56.0,9.1
1969,8,6,172.5,51.3,-22.3
1969,8,6,67.1,15.0,19.7
1969,8,6,74.1,14.3,15.1
1969,8,6,74.7,358.3,16.2
1969,8,7,260.4,123.5,-8.6
1969,8,7,235.6,68.0,-11.4
1969,8,7,281.5,119.9,12.6
1969,8,7,281.5,56.2,8.9
1969,8,7,198.1,51.7,-22.1
1969,8,7,59.0,15.2,20.4
1969,8,7,69.7,14.9,15.0
1969,8,7,73.4,357.4,16.1
1969,8,7,207.4,53.0,-14.5
1969,8,7,148.1,25.8,-19.2
1969,8,7,79.5,358.3,11.8
1969,8,8,245.6,68.4,-11.6
1969,8,8,275.1,57.2,8.0
1969,8,8,215.5,49.9,-22.0
1969,8,8,36.0,18.1,20.1
1969,8,8,56.8,14.2,15.3
1969,8,8,70.0,357.5,15.9
1969,8,8,227.6,52.3,-14.8
1969,8,8,148.4,3.3,-31.1
1969,8,9,251.2,68.2,-11.5
1969,8,9,275.5,62.6,8.4
1969,8,9,230.0,51.1,-21.7
1969,8,9,4.7,15.0,14.7
1969,8,9,60.8,355.0,16.9
1969,8,9,239.2,52.4,-15.0
1969,8,9,162.2,2.4,-31.4
1969,8,9,107.4,305.7,-14.5
1969,8,9,68.0,341.1,17.9
1969,8,10,255.1,68.6,-11.8
1969,8,10,276.1,63.9,8.3
1969,8,10,239.0,48.9,-20.9
1969,8,10,246.5,51.7,-15.3
1969,8,10,185.8,4.1,-31.4
1969,8,10,110.3,300.8,-14.6
1969,8,10,282.2,60.1,13.8
1969,8,10,82.6,287.5,9.0
1969,8,10,319.7,9.9,17.6
1969,8,11,257.1,69.0,-11.8
1969,8,11,277.0,62.2,8.6
1969,8,11,243.1,47.1,-20.7
1969,8,11,201.7,4.9,-31.4
1969,8,11,114.8,301.3,-14.7
1969,8,11,282.3,57.8,13.8
1969,8,11,83.3,287.2,9.0
1969,8,11,270.9,15.5,6.2
1969,8,12,246.6,47.2,-20.7
1969,8,12,286.2,12.0,14.9
1969,8,12,215.0,4.9,-31.2
1969,8,12,121.9,301.0,-14.6
1969,8,12,83.7,287.0,9.1
1969,8,12,64.8,322.8,12.2
1969,8,12,106.8,256.0,-15.5
1969,8,12,281.8,38.1,13.5
1969,8,13,225.1,5.5,-31.1
1969,8,13,136.2,303.3,-13.0
1969,8,13,83.4,286.9,9.2
1969,8,13,347.4,323.5,12.3
1969,8,13,108.7,255.7,-14.9
1969,8,14,284.4,357.2,15.1
1969,8,14,232.0,6.6,-30.8
1969,8,14,158.7,301.4,-13.9
1969,8,14,82.3,286.9,9.1
1969,8,14,111.0,253.2,-14.4
1969,8,14,285.6,345.2,14.5
1969,8,14,314.9,316.4,13.3
1969,8,15,236.3,5.8,-31.0
1969,8,15,69.5,287.0,9.2
1969,8,15,116.6,252.0,-14.0
1969,8,15,288.9,343.5,18.7
1969,8,16,301.0,287.2,9.4
1969,8,16,124.7,253.0,-13.6
1969,8,17,278.2,287.0,8.9
1969,8,17,141.1,252.9,-14.0
1969,8,18,276.9,287.6,9.4
1969,8,18,281.3,322.2,13.1
1969,8,18,170.4,253.3,-13.6
1969,8,18,149.0,241.7,-17.8
1969,8,19,276.6,287.8,9.5
1969,8,19,210.5,254.6,-13.0
1969,8,20,276.8,288.0,9.4
1969,8,20,226.2,251.5,-13.8
1969,8,21,277.7,287.8,9.6
1969,8,21,236.6,249.6,-14.3
1969,8,21,77.6,131.2,12.9
1969,8,22,243.4,247.4,-15.0
1969,8,22,79.9,127.0,11.5
1969,8,22,153.6,191.2,-15.7
1969,8,22,298.6,228.8,19.4
1969,8,22,97.4,138.5,-3.7
1969,8,23,80.8,126.8,11.4
1969,8,23,187.8,192.9,-14.7
1969,8,23,20.3,187.9,12.3
1969,8,23,243.9,238.7,-16.2
1969,8,24,81.3,127.5,11.2
1969,8,24,217.7,193.6,-14.6
1969,8,24,301.3,186.8,12.9
1969,8,24,106.0,133.7,-6.1
1969,8,24,101.1,100.3,-9.3
1969,8,25,80.7,127.8,11.2
1969,8,25,287.3,189.5,13.9
1969,8,25,114.2,133.2,-7.1
1969,8,25,103.2,100.9,-8.8
1969,8,25,119.2,112.7,-19.9
1969,8,25,115.5,100.0,-20.7
1969,8,25,85.3,79.5,5.4
1969,8,26,78.7,127.8,10.9
1969,8,26,127.9,133.3,-6.5
1969,8,26,107.2,102.2,-8.6
1969,8,26,125.4,110.8,-19.9
1969,8,26,86.9,74.0,4.7
1969,8,26,81.2,72.4,10.1
1969,8,26,290.2,183.9,17.1
1969,8,26,129.1,120.1,-17.1
1969,8,27,63.6,127.8,11.0
1969,8,27,169.5,133.3,-6.9
1969,8,27,115.3,103.1,-8.7
1969,8,27,135.2,107.7,-20.3
1969,8,27,88.2,75.3,5.1
1969,8,27,81.7,70.9,10.5
1969,8,27,111.5,92.2,-10.4
1969,8,27,87.9,58.6,3.6
1969,8,28,320.9,127.8,11.0
1969,8,28,188.0,126.5,-6.4
1969,8,28,124.2,101.8,-8.5
1969,8,28,88.8,76.3,5.7
1969,8,28,82.1,70.4,10.6
1969,8,28,119.4,92.8,-10.9
1969,8,28,90.4,61.4,2.9
1969,8,28,83.3,52.7,8.6
1969,8,29,283.8,127.9,11.1
1969,8,29,239.9,133.9,-7.0
1969,8,29,152.6,101.6,-8.9
1969,8,29,90.0,77.0,6.0
1969,8,29,81.5,70.8,10.9
1969,8,29,135.7,92.7,-10.5
1969,8,29,93.2,63.1,2.6
1969,8,29,84.8,53.0,8.3
1969,8,29,112.7,50.5,-16.6
1969,8,30,280.2,127.3,11.3
1969,8,30,196.4,102.1,-9.5
1969,8,30,187.6,100.9,-19.8
1969,8,30,91.5,78.0,6.3
1969,8,30,81.7,69.8,10.2
1969,8,30,165.5,92.7,-10.2
1969,8,30,95.4,63.0,2.9
1969,8,30,79.5,57.5,12.2
1969,8,30,118.4,58.6,-13.6
1969,8,30,347.3,98.9,14.5
1969,8,31,278.7,127.6,11.2
1969,8,31,228.3,103.4,-9.9
1969,8,31,97.6,78.5,6.4
1969,8,31,71.3,70.3,11.6
1969,8,31,100.1,62.6,2.9
1969,8,31,82.9,62.8,9.3
1969,8,31,126.3,50.4,-17.1
1969,8,31,78.4,20.2,13.6
1969,9,1,278.8,127.9,11.3
1969,9,1,242.1,103.7,-10.2
1969,9,1,264.5,78.1,6.5
1969,9,1,10.0,70.7,10.0
1969,9,1,141.7,51.6,-17.2
1969,9,1,72.8,14.1,18.3
1969,9,1,329.4,75.6,14.4
1969,9,2,279.2,127.5,11.2
1969,9,2,248.6,103.4,-10.7
1969,9,2,269.0,79.7,6.4
1969,9,2,288.4,70.4,10.9
1969,9,2,243.9,93.3,-10.0
1969,9,2,150.4,40.6,-23.2
1969,9,2,76.1,14.6,14.8
1969,9,3,280.4,125.8,11.5
1969,9,3,252.4,102.3,-11.3
1969,9,3,270.6,81.6,6.2
1969,9,3,250.2,92.4,-10.2
1969,9,3,193.0,51.3,-18.2
1969,9,3,171.1,40.1,-24.6
1969,9,3,72.8,15.7,14.8
1969,9,3,73.2,342.0,18.2
1969,9,4,255.4,100.2,-11.3
1969,9,4,271.5,84.4,5.6
1969,9,4,254.8,92.6,-10.2
1969,9,4,71.7,344.0,18.3
1969,9,4,281.4,57.3,11.5
1969,9,5,257.3,99.3,-11.5
1969,9,5,272.9,85.7,5.5
1969,9,5,257.4,92.2,-10.2
1969,9,5,27.5,13.4,17.0
1969,9,5,68.6,343.6,18.3
1969,9,5,279.3,56.7,11.4
1969,9,5,63.0,339.6,22.9
1969,9,5,105.3,308.1,-12.3
1969,9,6,274.1,86.0,5.4
1969,9,6,327.6,13.0,17.3
1969,9,6,63.2,341.5,18.2
1969,9,6,279.1,58.6,11.6
1969,9,6,53.7,342.4,22.6
1969,9,6,108.3,307.4,-12.4
1969,9,6,306.2,18.1,15.4
1969,9,6,101.0,324.4,-2.1
1969,9,7,279.4,59.5,11.5
1969,9,7,30.0,342.5,22.6
1969,9,7,113.9,308.4,-12.2
1969,9,7,108.7,325.6,-2.2
1969,9,7,148.3,325.0,-32.2
1969,9,7,269.0,27.0,5.4
1969,9,7,144.4,325.0,-27.8
1969,9,8,280.6,59.4,11.7
1969,9,8,348.3,342.6,22.6
1969,9,8,123.8,309.1,-12.9
1969,9,8,286.3,16.2,15.6
1969,9,8,161.6,324.7,-32.4
1969,9,8,254.1,47.1,-12.3
1969,9,8,67.2,314.9,16.2
1969,9,9,310.7,343.4,22.7
1969,9,9,181.1,324.0,-32.6
1969,9,9,110.7,247.5,-18.7
1969,9,10,300.6,344.2,22.7
1969,9,10,194.4,324.1,-32.6
1969,9,10,113.2,247.4,-18.8
1969,9,10,78.3,234.0,12.9
1969,9,11,294.8,344.2,22.6
1969,9,11,209.5,325.0,-32.8
1969,9,11,117.2,247.3,-18.5
1969,9,11,77.5,233.1,14.3
1969,9,11,357.3,299.9,9.3
1969,9,12,292.4,343.9,22.7
1969,9,12,220.2,324.9,-32.5
1969,9,12,123.8,246.9,-18.5
1969,9,12,76.9,232.8,14.8
1969,9,12,109.6,242.4,-9.1
1969,9,12,94.8,220.8,-1.5
1969,9,13,291.4,343.4,22.5
1969,9,13,228.0,325.0,-32.4
1969,9,13,134.1,246.2,-18.3
1969,9,13,75.2,235.0,14.8
1969,9,13,116.1,243.0,-7.9
1969,9,13,97.8,222.0,-1.6
1969,9,13,100.6,219.6,-4.4
1969,9,14,234.5,327.7,-31.7
1969,9,14,152.7,246.6,-18.4
1969,9,14,70.4,236.2,14.6
1969,9,14,133.9,244.3,-8.1
1969,9,14,102.1,222.5,-1.8
1969,9,14,105.1,218.0,-5.1
1969,9,14,39.4,259.6,7.8
1969,9,14,109.3,182.0,-17.7
1969,9,15,234.6,324.0,-33.9
1969,9,15,180.9,246.9,-18.3
1969,9,15,54.5,236.3,14.1
1969,9,15,176.2,245.4,-9.2
1969,9,15,108.2,220.9,-1.7
1969,9,15,112.7,217.2,-5.5
1969,9,15,270.6,261.5,7.1
1969,9,15,112.6,182.5,-17.8
1969,9,15,90.3,169.5,1.3
1969,9,16,213.9,246.9,-18.2
1969,9,16,314.1,236.6,13.8
1969,9,16,223.5,246.5,-10.8
1969,9,16,145.3,221.9,-3.9
1969,9,16,133.2,215.7,-5.9
1969,9,16,272.0,262.4,7.1
1969,9,16,118.4,182.4,-17.4
1969,9,16,92.6,169.1,1.3
1969,9,16,212.3,243.6,-14.9
1969,9,17,226.8,247.3,-18.2
1969,9,17,292.1,237.3,13.7
1969,9,17,236.6,245.4,-10.0
1969,9,17,199.5,223.5,-3.9
1969,9,17,166.3,216.4,-6.0
1969,9,17,272.9,263.0,7.2
1969,9,17,124.5,182.5,-17.6
1969,9,17,94.4,169.4,1.2
1969,9,17,135.1,208.8,-3.8
1969,9,17,119.6,169.1,-19.9
1969,9,17,79.7,150.7,12.2
1969,9,17,321.7,237.1,26.7
1969,9,17,262.8,231.5,5.5
1969,9,17,133.5,206.7,-5.2
1969,9,18,236.6,247.2,-18.2
1969,9,18,284.5,238.1,13.5
1969,9,18,245.6,246.7,-10.9
1969,9,18,236.7,224.5,-4.3
1969,9,18,216.9,217.1,-5.9
1969,9,18,273.8,263.6,7.1
1969,9,18,96.9,169.7,1.4
1969,9,18,191.4,209.5,-3.3
1969,9,18,125.2,167.2,-20.0
1969,9,18,80.1,151.4,12.2
1969,9,18,195.5,212.3,-10.5
1969,9,18,230.2,231.1,-12.6
1969,9,19,243.9,247.5,-18.3
1969,9,19,282.1,238.6,13.6
1969,9,19,252.1,247.0,-10.8
1969,9,19,253.6,224.7,-2.9
1969,9,19,244.0,217.9,-5.4
1969,9,19,275.3,263.9,7.3
1969,9,19,245.3,209.6,-0.8
1969,9,19,78.9,150.9,12.7
1969,9,19,227.3,211.7,-10.3
1969,9,20,247.4,246.8,-18.8
1969,9,20,281.3,238.1,13.3
1969,9,20,258.5,226.2,-3.7
1969,9,20,254.5,218.1,-4.5
1969,9,20,75.0,153.5,12.9
1969,9,20,124.1,118.5,-28.1
1969,9,20,101.2,104.5,-9.1
1969,9,21,281.7,239.1,13.3
1969,9,21,261.5,228.3,-4.3
1969,9,21,258.9,222.3,-5.4
1969,9,21,129.6,116.5,-29.2
1969,9,21,104.0,105.0,-9.2
1969,9,21,88.2,106.7,5.1
1969,9,21,86.1,88.9,5.4
1969,9,21,104.7,83.9,-13.8
1969,9,22,283.1,239.0,13.6
1969,9,22,262.7,220.3,-4.2
1969,9,22,137.2,115.9,-28.7
1969,9,22,108.3,104.6,-9.3
1969,9,22,89.6,110.0,5.5
1969,9,22,87.6,89.5,5.4
1969,9,22,106.9,83.3,-13.6
1969,9,22,122.1,149.1,5.0
1969,9,22,79.7,66.0,10.8
1969,9,22,92.7,90.3,0.9
1969,9,23,263.8,217.4,-5.0
1969,9,23,90.5,106.7,5.8
1969,9,23,87.8,88.5,6.3
1969,9,23,110.6,81.9,-13.4
1969,9,23,262.4,150.3,5.0
1969,9,23,80.6,65.6,11.2
1969,9,23,112.3,96.8,-9.7
1969,9,23,80.4,85.0,11.8
1969,9,23,69.2,123.1,11.8
1969,9,24,93.4,107.5,5.5
1969,9,24,88.3,89.4,6.6
1969,9,24,115.0,82.2,-13.5
1969,9,24,266.7,150.5,5.0
1969,9,24,80.8,66.5,11.4
1969,9,24,120.9,98.7,-9.7
1969,9,24,79.4,85.2,12.2
1969,9,25,101.6,109.0,5.8
1969,9,25,88.3,90.0,7.0
1969,9,25,122.6,81.6,-13.8
1969,9,25,269.0,150.6,5.0
1969,9,25,80.6,66.8,11.6
1969,9,25,138.7,99.9,-9.5
1969,9,25,78.1,84.5,11.9
1969,9,26,260.4,108.3,5.7
1969,9,26,88.6,90.3,7.0
1969,9,26,135.3,81.6,-13.2
1969,9,26,271.1,150.9,5.3
1969,9,26,79.4,66.6,11.7
1969,9,26,173.3,99.7,-9.4
1969,9,26,71.7,84.2,12.1
1969,9,27,267.3,107.6,5.6
1969,9,27,274.2,89.8,6.9
1969,9,27,159.5,81.3,-13.1
1969,9,27,271.8,152.0,4.7
1969,9,27,77.3,65.6,11.3
1969,9,27,213.5,99.6,-9.5
1969,9,27,28.6,85.0,13.6
1969,9,27,120.2,55.9,-12.3
1969,9,27,105.3,10.2,-13.8
1969,9,28,271.4,90.2,6.9
1969,9,28,198.5,81.4,-13.1
1969,9,28,273.3,153.6,4.6
1969,9,28,61.6,66.0,11.3
1969,9,28,237.2,99.8,-9.5
1969,9,28,307.5,81.3,11.7
1969,9,28,136.8,56.6,-12.4
1969,9,28,111.0,21.4,-13.4
1969,9,28,108.6,8.2,-14.8
1969,9,28,2.6,73.1,36.3
1969,9,28,64.0,53.7,16.0
1969,9,29,273.1,91.1,7.4
1969,9,29,223.9,81.5,-13.2
1969,9,29,316.7,66.8,11.5
1969,9,29,247.3,100.4,-9.5
1969,9,29,164.2,56.8,-12.2
1969,9,29,116.7,22.7,-13.0
1969,9,29,110.1,10.5,-12.2
1969,9,30,274.8,90.9,8.2
1969,9,30,238.5,81.5,-13.2
1969,9,30,286.8,66.7,11.6
1969,9,30,253.0,99.8,-9.4
1969,9,30,204.1,57.2,-12.0
1969,9,30,127.0,23.1,-12.6
1969,9,30,116.7,10.0,-12.7
1969,9,30,178.4,47.7,-29.4
1969,10,1,275.6,91.0,8.3
1969,10,1,246.9,81.7,-13.7
1969,10,1,281.3,67.1,11.8
1969,10,1,257.1,100.7,-9.6
1969,10,1,232.3,57.5,-12.1
1969,10,1,153.7,23.7,-12.5
1969,10,1,131.6,11.3,-12.7
1969,10,1,279.6,56.6,9.9
1969,10,2,276.6,91.3,8.4
1969,10,2,251.3,82.0,-13.7
1969,10,2,280.4,67.5,12.1
1969,10,2,258.4,98.6,-10.1
1969,10,2,242.8,57.3,-12.2
1969,10,2,189.9,24.0,-12.7
1969,10,2,155.4,11.7,-12.7
1969,10,2,72.9,333.1,17.0
1969,10,2,64.4,303.2,26.4
1969,10,2,39.9,2.4,25.9
1969,10,3,253.6,81.5,-13.8
1969,10,3,279.8,67.2,11.8
1969,10,3,249.0,57.9,-12.0
1969,10,3,216.2,23.9,-12.9
1969,10,3,189.4,12.8,-12.6
1969,10,3,69.8,334.7,17.0
1969,10,3,64.0,303.2,26.4
1969,10,3,285.4,39.0,13.3
1969,10,3,31.6,2.6,17.4
1969,10,4,254.9,58.1,-10.6
1969,10,4,235.2,24.0,-12.9
1969,10,4,223.6,13.7,-12.1
1969,10,4,63.2,333.6,16.6
1969,10,4,62.6,301.6,26.1
1969,10,4,283.0,41.5,13.8
1969,10,4,105.3,276.8,-14.0
1969,10,5,256.5,58.5,-11.8
1969,10,5,245.4,25.1,-13.2
1969,10,5,241.2,14.7,-11.7
1969,10,5,37.2,333.6,16.6
1969,10,5,57.7,302.2,26.2
1969,10,5,281.9,42.6,13.5
1969,10,5,108.3,276.9,-14.2
1969,10,6,248.0,14.9,-11.9
1969,10,6,339.3,333.8,17.3
1969,10,6,50.4,301.4,26.1
1969,10,6,282.8,44.0,14.0
1969,10,6,111.8,276.3,-14.3
1969,10,6,62.4,286.7,23.7
1969,10,6,80.8,254.1,10.5
1969,10,7,252.7,16.4,-12.2
1969,10,7,303.9,334.6,17.6
1969,10,7,35.0,300.8,26.1
1969,10,7,117.8,276.4,-14.3
1969,10,7,54.5,287.7,23.8
1969,10,7,81.0,254.1,10.9
1969,10,8,255.8,17.0,-12.3
1969,10,8,290.9,336.9,17.2
1969,10,8,4.4,300.3,26.3
1969,10,8,129.0,276.3,-14.3
1969,10,8,81.0,254.8,10.8
1969,10,8,241.9,323.1,-5.2
1969,10,9,288.2,336.0,17.4
1969,10,9,334.6,300.3,26.2
1969,10,9,146.6,276.2,-14.2
1969,10,9,79.6,254.7,11.0
1969,10,9,253.3,324.4,-4.7
1969,10,9,356.5,291.2,27.1
1969,10,10,286.9,336.0,17.7
1969,10,10,313.9,299.3,26.4
1969,10,10,182.8,276.0,-14.3
1969,10,10,74.2,255.0,11.2
1969,10,10,257.8,323.9,-5.3
1969,10,11,287.2,334.6,18.2
1969,10,11,304.7,299.2,26.7
1969,10,11,213.7,276.0,-14.4
1969,10,11,51.4,255.7,11.1
1969,10,11,254.3,306.4,-6.9
1969,10,12,288.6,331.7,19.3
1969,10,12,300.0,298.3,26.5
1969,10,12,230.4,276.0,-14.6
1969,10,12,317.5,255.5,11.1
1969,10,12,92.0,206.8,2.9
1969,10,13,243.1,276.2,-14.4
1969,10,13,285.3,255.5,10.9
1969,10,13,251.6,303.8,-15.3
1969,10,13,189.4,237.1,-6.2
1969,10,13,88.9,163.8,2.9
1969,10,14,248.5,276.4,-14.6
1969,10,14,280.6,256.0,10.7
1969,10,14,253.3,301.7,-15.5
1969,10,14,233.3,237.9,-5.9
1969,10,14,89.9,164.3,3.2
1969,10,14,298.2,278.1,26.7
1969,10,14,241.2,245.8,-7.2
1969,10,15,251.7,276.3,-14.6
1969,10,15,279.4,256.2,10.7
1969,10,15,249.1,239.7,-5.6
1969,10,15,91.0,166.9,3.5
1969,10,16,253.7,276.4,-15.1
1969,10,16,279.1,256.3,10.7
1969,10,16,257.2,240.9,-4.9
1969,10,16,92.8,169.4,3.7
1969,10,16,64.0,132.6,25.9
1969,10,17,279.4,256.2,10.6
1969,10,17,262.0,243.3,-4.2
1969,10,17,60.7,133.1,26.3
1969,10,17,198.6,196.4,-30.6
1969,10,18,264.2,243.5,-4.1
1969,10,18,214.8,196.6,-30.1
1969,10,18,80.6,88.5,10.2
1969,10,18,65.1,157.3,10.8
1969,10,18,52.9,147.9,20.1
1969,10,19,248.7,164.1,3.2
1969,10,19,224.6,197.9,-29.9
1969,10,19,80.9,89.1,10.4
1969,10,19,80.3,73.0,10.1
1969,10,19,216.7,164.3,-2.5
1969,10,20,232.5,198.3,-29.5
1969,10,20,81.4,88.6,10.1
1969,10,20,80.7,68.8,10.3
1969,10,20,165.0,140.3,-10.3
1969,10,20,290.2,218.0,20.9
1969,10,20,232.2,154.8,-2.7
1969,10,20,263.9,153.0,4.4
1969,10,20,34.9,126.7,27.9
1969,10,20,70.4,114.9,14.5
1969,10,21,236.7,196.9,-29.4
1969,10,21,81.2,88.6,9.8
1969,10,21,80.4,65.9,10.9
1969,10,21,146.1,106.0,-28.9
1969,10,21,105.0,59.3,-12.8
1969,10,21,295.3,136.0,7.5
1969,10,22,78.4,88.8,9.9
1969,10,22,79.8,66.4,11.1
1969,10,22,235.5,140.2,-11.3
1969,10,22,163.8,105.3,-28.9
1969,10,22,107.8,58.9,-12.5
1969,10,22,285.4,175.4,15.9
1969,10,22,110.0,98.9,-1.2
1969,10,23,70.7,89.3,10.2
1969,10,23,78.5,66.7,11.1
1969,10,23,245.2,140.7,-11.3
1969,10,23,182.1,106.1,-28.5
1969,10,23,111.5,59.0,-12.5
1969,10,23,285.3,178.2,16.1
1969,10,23,248.2,133.1,-6.4
1969,10,23,168.6,102.4,-6.8
1969,10,24,19.4,89.3,10.3
1969,10,24,74.0,68.4,10.9
1969,10,24,251.6,139.8,-10.9
1969,10,24,200.3,104.6,-28.6
1969,10,24,118.8,59.4,-12.2
1969,10,24,82.0,85.3,5.8
1969,10,24,104.5,17.0,-12.7
1969,10,25,298.7,88.9,10.0
1969,10,25,59.5,68.6,11.0
1969,10,25,253.7,137.5,-11.5
1969,10,25,215.7,105.5,-28.4
1969,10,25,131.6,60.3,-11.8
1969,10,25,275.5,85.8,5.5
1969,10,25,106.5,17.3,-12.5
1969,10,25,69.2,15.8,20.8
1969,10,26,284.4,89.0,10.3
1969,10,26,325.3,69.4,10.9
1969,10,26,227.1,105.3,-28.3
1969,10,26,167.1,61.4,-11.3
1969,10,26,272.8,87.0,5.5
1969,10,26,110.8,17.3,-12.7
1969,10,26,68.3,12.5,20.2
1969,10,26,97.8,359.1,-5.2
1969,10,27,280.9,88.7,10.3
1969,10,27,290.2,70.0,11.0
1969,10,27,232.1,101.4,-28.5
1969,10,27,213.6,62.3,-11.1
1969,10,27,273.0,87.6,5.6
1969,10,27,116.5,17.6,-12.0
1969,10,27,99.3,358.7,-4.7
1969,10,27,123.0,17.9,-16.4
1969,10,27,73.2,341.6,17.4
1969,10,27,62.3,358.1,25.3
1969,10,28,279.3,89.3,10.1
1969,10,28,283.6,69.5,11.0
1969,10,28,234.1,60.9,-11.4
1969,10,28,273.7,88.1,5.8
1969,10,28,129.2,17.5,-12.3
1969,10,28,103.7,359.8,-5.1
1969,10,28,135.7,17.0,-16.8
1969,10,28,71.7,341.9,17.8
1969,10,28,106.6,329.4,-14.1
1969,10,29,278.7,89.5,9.8
1969,10,29,281.3,70.7,11.2
1969,10,29,246.8,62.1,-10.9
1969,10,29,274.2,88.6,5.8
1969,10,29,158.1,18.5,-12.7
1969,10,29,110.5,359.8,-5.2
1969,10,29,69.3,341.8,17.7
1969,10,29,109.3,329.1,-14.0
1969,10,29,192.2,29.5,-13.8
1969,10,29,70.0,328.2,19.3
1969,10,30,278.6,89.4,9.3
1969,10,30,280.1,71.5,11.0
1969,10,30,253.2,62.1,-10.8
1969,10,30,274.7,89.2,5.5
1969,10,30,204.9,18.4,-13.0
1969,10,30,62.1,342.3,17.6
1969,10,30,115.0,328.3,-14.3
1969,10,30,224.7,29.5,-14.7
1969,10,30,69.2,310.6,20.2
1969,10,31,280.2,72.0,11.0
1969,10,31,226.3,18.1,-13.1
1969,10,31,180.5,359.7,-6.6
1969,10,31,49.9,342.6,17.7
1969,10,31,121.0,328.2,-14.0
1969,10,31,237.2,31.1,-15.3
1969,10,31,59.6,332.6,18.5
1969,10,31,67.3,311.8,19.9
1969,11,1,280.9,70.5,11.2
1969,11,1,241.1,17.3,-13.4
1969,11,1,238.0,0.3,-5.7
1969,11,1,8.6,342.4,17.6
1969,11,1,137.7,327.7,-13.9
1969,11,1,245.8,31.2,-15.5
1969,11,1,37.7,332.4,19.0
1969,11,1,60.7,312.6,19.8
1969,11,1,46.4,324.4,21.7
1969,11,1,77.6,261.5,12.8
1969,11,2,246.4,16.5,-13.7
1969,11,2,332.0,341.7,18.1
1969,11,2,248.6,27.8,-15.4
1969,11,2,5.2,332.4,19.8
1969,11,2,50.2,312.8,20.2
1969,11,2,78.6,262.6,12.1
1969,11,3,251.8,16.6,-13.9
1969,11,3,300.6,342.8,17.6
1969,11,3,253.3,28.6,-14.7
1969,11,3,17.4,312.2,19.8
1969,11,3,332.9,325.7,19.4
1969,11,3,78.4,262.3,11.8
1969,11,3,65.1,293.4,14.2
1969,11,3,121.4,280.1,-17.5
1969,11,3,73.6,231.3,16.7
1969,11,4,254.1,16.7,-13.6
1969,11,4,344.6,312.0,19.5
1969,11,4,312.0,325.9,19.3
1969,11,4,77.4,262.6,11.7
1969,11,4,49.1,292.4,16.3
1969,11,4,68.7,229.4,21.6
1969,11,4,75.9,248.2,14.1
1969,11,4,82.8,226.3,7.7
1969,11,5,312.4,311.8,19.6
1969,11,5,305.0,322.3,21.8
1969,11,5,75.9,262.6,10.5
1969,11,5,3.2,292.4,15.8
1969,11,5,149.8,280.3,-17.6
1969,11,5,67.8,228.4,21.7
1969,11,5,74.3,248.5,13.8
1969,11,5,83.3,225.2,7.6
1969,11,5,115.0,290.1,2.4
1969,11,5,113.4,269.6,-6.4
1969,11,5,70.7,215.2,19.7
1969,11,6,301.5,311.1,19.9
1969,11,6,297.5,321.8,21.2
1969,11,6,70.2,262.6,10.0
1969,11,6,318.5,292.5,15.9
1969,11,6,177.7,280.3,-18.2
1969,11,6,66.2,226.7,21.7
1969,11,6,83.1,225.6,7.8
1969,11,6,261.7,290.5,2.3
1969,11,6,68.9,215.9,20.7
1969,11,7,293.5,312.9,19.7
1969,11,7,41.5,260.1,10.9
1969,11,7,61.3,226.1,22.0
1969,11,7,82.0,226.5,7.9
1969,11,7,267.6,289.3,2.4
1969,11,7,201.4,270.5,-6.1
1969,11,7,66.3,214.5,21.1
1969,11,8,309.6,262.2,11.5
1969,11,8,51.3,226.2,22.1
1969,11,8,79.6,225.4,7.8
1969,11,8,245.7,272.9,-5.9
1969,11,8,61.4,214.6,20.9
1969,11,8,320.7,267.5,20.9
1969,11,8,111.0,173.1,-20.1
1969,11,8,116.5,207.4,-17.2
1969,11,9,284.7,263.1,9.0
1969,11,9,33.8,226.2,22.1
1969,11,9,74.0,223.0,7.9
1969,11,9,254.2,269.0,-5.0
1969,11,9,52.5,213.9,21.2
1969,11,9,306.7,265.9,20.9
1969,11,9,110.0,168.0,-18.1
1969,11,9,106.4,170.6,-14.3
1969,11,10,289.0,258.9,12.9
1969,11,10,3.2,226.1,21.8
1969,11,10,43.1,222.6,8.1
1969,11,10,35.0,214.0,20.9
1969,11,10,297.4,267.2,20.7
1969,11,10,113.0,168.7,-18.4
1969,11,10,109.6,172.0,-14.6
1969,11,11,325.9,225.9,21.7
1969,11,11,286.4,227.5,7.4
1969,11,11,357.0,213.4,21.2
1969,11,11,292.8,267.1,20.6
1969,11,11,117.6,167.3,-18.4
1969,11,11,116.8,171.1,-16.3
1969,11,11,307.6,230.9,16.5
1969,11,12,308.2,225.7,21.5
1969,11,12,279.9,227.3,7.3
1969,11,12,321.1,214.3,20.1
1969,11,12,291.9,267.0,21.4
1969,11,12,123.1,165.1,-18.1
1969,11,12,74.3,142.7,14.8
1969,11,13,299.7,225.4,21.7
1969,11,13,277.8,227.7,7.3
1969,11,13,307.9,211.9,20.8
1969,11,13,292.3,263.6,22.4
1969,11,13,137.7,167.1,-17.6
1969,11,13,292.5,230.6,18.0
1969,11,13,72.1,143.3,14.5
1969,11,14,295.1,224.7,21.8
1969,11,14,276.9,229.6,7.3
1969,11,14,163.0,166.1,-18.2
1969,11,14,287.4,232.2,16.4
1969,11,14,66.8,142.1,14.6
1969,11,15,292.7,224.9,21.9
1969,11,15,286.5,233.0,16.6
1969,11,15,50.4,142.9,14.9
1969,11,15,83.9,86.0,6.6
1969,11,15,78.0,74.7,12.2
1969,11,15,201.8,165.5,-14.7
1969,11,16,292.1,224.7,22.0
1969,11,16,286.5,231.9,16.7
1969,11,16,24.5,143.6,15.1
1969,11,16,84.2,85.9,6.3
1969,11,16,78.0,74.5,12.2
1969,11,16,233.2,186.2,-22.4
1969,11,17,292.2,222.1,22.3
1969,11,17,83.4,83.8,6.7
1969,11,17,76.8,75.6,12.7
1969,11,17,240.7,188.4,-22.7
1969,11,18,82.5,85.3,6.3
1969,11,18,74.0,76.5,13.0
1969,11,18,244.8,190.0,-23.0
1969,11,19,79.1,85.7,6.1
1969,11,19,70.0,76.2,12.5
1969,11,19,74.5,65.3,12.1
1969,11,19,77.0,45.2,12.5
1969,11,19,104.7,36.6,-13.2
1969,11,19,118.7,84.3,-10.2
1969,11,20,66.4,85.8,5.9
1969,11,20,59.0,76.0,12.8
1969,11,20,70.5,65.7,11.5
1969,11,20,76.3,44.1,11.9
1969,11,20,106.4,36.6,-13.0
1969,11,20,290.0,153.9,18.3
1969,11,21,329.5,85.8,6.0
1969,11,21,35.4,75.8,12.4
1969,11,21,62.2,65.5,11.0
1969,11,21,73.1,44.9,12.2
1969,11,21,108.5,34.0,-13.1
1969,11,21,289.4,155.1,19.0
1969,11,21,242.5,113.8,-13.2
1969,11,22,284.8,86.3,6.0
1969,11,22,331.2,75.9,12.5
1969,11,22,66.0,45.6,12.0
1969,11,22,112.3,30.7,-13.2
1969,11,22,249.6,113.7,-13.2
1969,11,22,105.0,351.8,-14.3
1969,11,23,279.6,86.3,6.2
1969,11,23,301.6,75.6,12.6
1969,11,23,45.6,46.3,12.0
1969,11,23,106.0,351.4,-14.0
1969,11,23,93.0,342.2,-2.5
1969,11,24,278.0,86.6,6.7
1969,11,24,291.2,75.2,13.2
1969,11,24,340.1,46.2,12.4
1969,11,24,254.7,113.3,-14.0
1969,11,24,108.7,351.3,-13.8
1969,11,24,93.8,341.7,-2.5
1969,11,25,276.9,87.1,6.6
1969,11,25,286.9,75.8,13.5
1969,11,25,301.1,47.3,12.2
1969,11,25,205.6,35.8,-13.1
1969,11,25,94.3,342.1,-2.1
1969,11,25,313.7,55.5,24.4
1969,11,25,104.6,316.0,-13.6
1969,11,26,276.4,86.7,6.5
1969,11,26,285.5,75.6,14.1
1969,11,26,290.2,48.3,12.3
1969,11,26,235.6,36.4,-12.5
1969,11,26,95.4,342.2,-1.9
1969,11,26,106.9,316.3,-14.0
1969,11,26,75.7,322.5,12.3
1969,11,26,107.3,303.9,-16.1
1969,11,26,254.8,76.8,-12.8
1969,11,27,275.4,86.0,5.5
1969,11,27,284.3,76.3,14.1
1969,11,27,285.6,48.8,12.4
1969,11,27,100.0,342.2,-2.2
1969,11,27,299.1,54.5,24.6
1969,11,27,111.3,316.9,-14.5
1969,11,27,71.6,323.4,12.5
1969,11,27,109.3,303.4,-16.0
1969,11,27,145.6,346.1,-20.1
1969,11,27,62.0,316.8,21.2
1969,11,28,283.3,73.5,13.3
1969,11,28,284.0,50.5,12.8
1969,11,28,114.1,342.4,-2.1
1969,11,28,117.3,317.8,-14.3
1969,11,28,64.8,323.7,12.5
1969,11,28,112.5,303.5,-15.9
1969,11,28,170.2,345.6,-20.5
1969,11,28,55.6,317.0,21.0
1969,11,28,110.4,279.5,-18.9
1969,11,28,291.5,33.7,16.1
1969,11,28,312.0,21.2,26.1
1969,11,29,283.5,53.1,13.4
1969,11,29,245.4,342.6,-2.3
1969,11,29,132.9,318.7,-14.2
1969,11,29,47.2,322.9,12.3
1969,11,29,119.2,303.2,-15.9
1969,11,29,39.5,316.9,21.9
1969,11,29,112.8,281.9,-18.2
1969,11,29,63.7,275.8,23.5
1969,11,30,262.0,342.9,-2.0
1969,11,30,167.3,319.3,-14.0
1969,11,30,11.1,320.5,11.9
1969,11,30,131.7,303.4,-15.7
1969,11,30,13.3,317.5,21.7
1969,11,30,117.3,282.2,-18.0
1969,11,30,114.8,268.5,-20.1
1969,12,1,265.7,343.1,-1.8
1969,12,1,214.0,320.0,-14.2
1969,12,1,322.8,318.7,12.3
1969,12,1,158.5,303.1,-15.6
1969,12,1,339.3,318.1,21.7
1969,12,1,128.6,283.9,-18.6
1969,12,1,119.4,268.8,-19.8
1969,12,1,73.9,238.9,15.5
1969,12,2,267.3,343.6,-1.6
1969,12,2,237.0,320.3,-14.3
1969,12,2,299.8,318.5,12.7
1969,12,2,201.9,303.0,-15.7
1969,12,2,311.9,320.7,20.8
1969,12,2,151.8,285.9,-18.1
1969,12,2,40.3,275.7,23.0
1969,12,2,128.0,267.3,-20.3
1969,12,2,71.9,238.9,15.7
1969,12,2,107.8,256.8,-11.1
1969,12,2,73.2,222.2,16.3
1969,12,3,268.0,343.6,-1.5
1969,12,3,247.5,320.8,-14.0
1969,12,3,229.6,302.9,-16.0
1969,12,3,300.7,321.3,20.6
1969,12,3,189.1,286.0,-19.4
1969,12,3,19.7,274.0,23.3
1969,12,3,144.8,267.0,-20.6
1969,12,3,68.4,239.1,15.6
1969,12,3,113.5,258.0,-9.9
1969,12,3,71.3,222.8,16.5
1969,12,4,268.1,343.9,-1.7
1969,12,4,251.5,321.1,-14.0
1969,12,4,239.9,303.4,-16.5
1969,12,4,296.8,321.1,21.0
1969,12,4,214.8,285.6,-18.2
1969,12,4,167.4,267.2,-21.0
1969,12,4,63.4,238.9,15.6
1969,12,4,125.9,258.1,-9.7
1969,12,4,68.8,223.1,16.5
1969,12,5,254.3,320.9,-14.1
1969,12,5,283.8,321.1,12.6
1969,12,5,247.8,303.6,-16.5
1969,12,5,292.5,321.7,20.7
1969,12,5,237.2,287.9,-18.4
1969,12,5,207.0,268.1,-21.2
1969,12,5,48.1,238.9,15.4
1969,12,5,187.4,257.9,-9.7
1969,12,5,61.7,222.9,16.8
1969,12,5,286.1,279.6,6.6
1969,12,6,255.6,320.6,-13.9
1969,12,6,250.6,304.7,-16.7
1969,12,6,291.3,322.3,20.8
1969,12,6,224.2,268.2,-21.3
1969,12,6,230.1,258.4,-10.2
1969,12,6,52.7,222.9,16.6
1969,12,6,281.4,280.7,6.6
1969,12,7,236.9,269.1,-21.3
1969,12,7,247.9,259.4,-10.5
1969,12,7,29.6,222.6,16.8
1969,12,7,243.8,286.4,-21.7
1969,12,7,352.5,234.4,14.0
1969,12,7,145.2,217.3,-20.7
1969,12,8,243.8,269.0,-21.3
1969,12,8,254.5,260.7,-11.0
1969,12,8,345.5,221.6,16.7
1969,12,8,282.0,256.5,7.5
1969,12,8,178.1,216.2,-25.3
1969,12,8,11.0,212.2,23.5
1969,12,9,246.5,268.6,-21.2
1969,12,9,319.0,221.7,16.8
1969,12,9,279.7,256.9,7.3
1969,12,9,221.8,224.8,-19.9
1969,12,10,247.9,268.0,-21.5
1969,12,10,303.7,221.5,17.2
1969,12,10,279.3,257.6,8.2
1969,12,10,235.9,225.2,-20.1
1969,12,10,95.4,170.7,-2.5
1969,12,10,315.7,222.1,26.0
1969,12,11,295.9,221.4,17.4
1969,12,11,278.3,261.5,8.1
1969,12,11,243.9,226.3,-19.8
1969,12,12,291.7,221.2,17.6
1969,12,12,248.1,226.1,-19.4
1969,12,12,84.2,90.8,5.5
1969,12,12,101.8,88.2,-11.7
1969,12,13,289.1,219.3,17.8
1969,12,13,264.0,169.7,-2.9
1969,12,13,82.2,90.2,6.3
1969,12,13,102.4,89.3,-11.2
1969,12,13,106.1,110.4,-10.9
1969,12,13,72.5,88.5,15.0
1969,12,13,75.3,79.2,13.6
1969,12,13,77.1,65.6,12.7
1969,12,14,288.5,220.2,18.1
1969,12,14,266.0,169.8,-2.8
1969,12,14,81.1,90.2,6.2
1969,12,14,104.0,88.7,-11.6
1969,12,14,110.7,111.7,-11.1
1969,12,14,70.6,88.2,15.0
1969,12,14,74.7,78.8,13.1
1969,12,14,76.6,66.5,12.6
1969,12,15,267.0,171.6,-3.0
1969,12,15,75.9,90.5,6.9
1969,12,15,108.4,88.5,-11.7
1969,12,15,134.4,112.1,-12.0
1969,12,15,63.4,88.3,15.3
1969,12,15,70.9,78.7,13.0
1969,12,15,74.7,64.8,12.6
1969,12,15,87.1,84.0,1.0
1969,12,15,288.8,189.4,16.9
1969,12,15,7.2,119.7,26.7
1969,12,16,266.8,173.5,-3.4
1969,12,16,69.7,90.5,6.5
1969,12,16,115.9,89.0,-11.7
1969,12,16,190.3,113.7,-12.0
1969,12,16,51.4,90.1,15.3
1969,12,16,65.9,79.3,12.5
1969,12,16,72.3,63.9,12.5
1969,12,16,130.0,76.3,-26.7
1969,12,16,289.0,191.6,18.5
1969,12,17,53.7,90.4,6.4
1969,12,17,132.1,88.9,-12.0
1969,12,17,233.2,115.4,-11.8
1969,12,17,29.5,91.1,15.7
1969,12,17,56.8,79.8,12.1
1969,12,17,68.5,63.8,12.4
1969,12,18,332.9,90.3,6.7
1969,12,18,193.4,88.6,-11.8
1969,12,18,249.6,115.6,-11.6
1969,12,18,340.5,91.6,13.8
1969,12,18,26.6,79.4,11.7
1969,12,18,57.5,63.3,12.6
1969,12,18,161.9,77.0,-27.0
1969,12,18,78.4,9.5,11.0
1969,12,18,243.5,107.4,-11.6
1969,12,18,120.1,62.0,-14.6
1969,12,19,298.7,90.1,6.8
1969,12,19,235.0,89.8,-11.9
1969,12,19,339.6,79.7,11.9
1969,12,19,34.9,64.6,12.5
1969,12,19,289.6,83.6,1.6
1969,12,19,77.7,9.0,10.6
1969,12,19,128.6,62.8,-10.8
1969,12,20,287.0,90.0,6.8
1969,12,20,248.1,90.3,-12.4
1969,12,20,307.1,79.5,11.6
1969,12,20,346.4,65.1,12.9
1969,12,20,277.6,84.5,1.4
1969,12,20,75.2,8.8,10.9
1969,12,20,200.5,64.9,-10.7
1969,12,20,226.7,92.3,-27.0
1969,12,20,104.5,6.4,-12.9
1969,12,20,320.3,76.4,15.7
1969,12,21,281.6,89.9,6.5
1969,12,21,253.9,91.1,-12.5
1969,12,21,293.6,79.4,11.4
1969,12,21,310.5,65.4,12.8
1969,12,21,70.8,9.0,10.9
1969,12,21,244.2,65.5,-10.1
1969,12,21,234.7,91.6,-27.2
1969,12,21,107.3,7.2,-12.8
1969,12,21,91.5,344.7,-2.2
1969,12,21,93.4,358.7,-3.8
1969,12,22,279.2,89.6,6.4
1969,12,22,255.6,89.8,-12.9
1969,12,22,287.7,79.4,11.2
1969,12,22,296.5,65.8,12.7
1969,12,22,62.6,9.1,11.1
1969,12,22,255.3,66.7,-9.5
1969,12,22,239.0,90.1,-27.1
1969,12,22,112.4,7.2,-12.6
1969,12,22,91.5,344.8,-2.4
1969,12,22,79.5,322.0,9.5
1969,12,22,105.3,321.5,-15.2
1969,12,22,66.6,321.1,22.1
1969,12,23,258.2,89.4,-11.8
1969,12,23,283.1,81.3,10.5
1969,12,23,289.2,66.4,12.7
1969,12,23,36.0,10.3,11.6
1969,12,23,260.4,70.2,-8.7
1969,12,23,129.8,7.4,-12.6
1969,12,23,90.3,345.1,-1.9
1969,12,23,77.7,322.7,9.4
1969,12,23,106.6,321.6,-15.3
1969,12,23,63.9,320.8,22.0
1969,12,24,281.8,81.2,10.6
1969,12,24,286.1,67.2,12.7
1969,12,24,355.5,10.0,11.5
1969,12,24,261.1,70.9,-8.9
1969,12,24,173.8,7.7,-13.0
1969,12,24,89.6,345.8,-1.9
1969,12,24,74.9,321.8,9.7
1969,12,24,109.0,321.8,-15.6
1969,12,24,60.2,320.3,22.0
1969,12,24,253.8,61.6,-14.3
1969,12,24,138.8,350.7,-21.5
1969,12,25,284.2,67.7,13.2
1969,12,25,309.1,10.0,11.4
1969,12,25,261.5,71.7,-8.8
1969,12,25,233.6,7.8,-13.0
1969,12,25,90.7,347.3,-2.4
1969,12,25,69.1,320.6,9.6
1969,12,25,114.8,321.8,-15.3
1969,12,25,51.0,319.7,22.2
1969,12,25,254.8,66.3,-15.2
1969,12,25,175.8,351.3,-21.5
1969,12,25,227.2,359.2,-8.2
1969,12,25,110.4,304.4,-17.0
1969,12,25,0.9,352.5,16.6
1969,12,25,9.1,348.2,24.7
1969,12,25,56.6,307.2,23.9
1969,12,25,116.5,297.8,-23.4
1969,12,26,296.7,10.0,11.1
1969,12,26,246.4,8.6,-13.1
1969,12,26,266.2,349.0,-2.9
1969,12,26,60.7,320.7,9.4
1969,12,26,124.2,321.8,-15.5
1969,12,26,40.3,319.7,22.4
1969,12,26,203.3,350.9,-21.5
1969,12,26,251.0,359.6,-8.2
1969,12,26,75.7,267.7,13.2
1969,12,27,288.1,10.7,10.9
1969,12,27,253.3,9.0,-13.2
1969,12,27,268.1,348.0,-3.1
1969,12,27,30.7,319.8,9.6
1969,12,27,158.8,321.9,-15.6
1969,12,27,16.7,319.3,22.2
1969,12,27,230.2,351.4,-21.0
1969,12,27,74.0,265.8,13.0
1969,12,27,245.5,348.5,-11.8
1969,12,27,225.1,332.5,-7.9
1969,12,27,117.7,287.2,-20.4
1969,12,27,269.5,1.7,-2.4
1969,12,27,271.2,357.9,-1.6
1969,12,28,284.8,10.7,10.7
1969,12,28,255.5,9.2,-13.3
1969,12,28,268.3,348.5,-3.2
1969,12,28,338.8,320.5,9.1
1969,12,28,203.0,321.5,-15.5
1969,12,28,353.7,318.8,22.3
1969,12,28,239.3,351.4,-21.0
1969,12,28,252.8,348.2,-11.6
1969,12,28,124.7,288.0,-20.1
1969,12,28,76.5,245.1,11.9
1969,12,29,282.8,10.7,10.9
1969,12,29,256.9,9.2,-13.1
1969,12,29,268.3,349.2,-3.2
1969,12,29,312.5,317.5,10.5
1969,12,29,233.7,321.4,-15.7
1969,12,29,328.6,318.8,22.0
1969,12,29,245.2,352.4,-21.0
1969,12,29,190.0,305.5,-17.6
1969,12,29,66.0,266.1,12.8
1969,12,29,259.6,332.9,-7.7
1969,12,29,141.4,287.8,-20.4
1969,12,29,74.7,243.7,11.8
1969,12,29,263.7,0.5,-6.8
1969,12,29,81.0,231.7,7.6
1969,12,30,281.4,10.2,10.8
1969,12,30,256.1,11.6,-14.2
1969,12,30,267.8,349.3,-3.4
1969,12,30,296.3,317.4,10.4
1969,12,30,245.4,321.2,-15.8
1969,12,30,312.8,318.4,21.7
1969,12,30,247.7,352.4,-21.2
1969,12,30,225.6,305.4,-17.4
1969,12,30,55.5,266.1,12.9
1969,12,30,261.7,332.2,-7.8
1969,12,30,176.2,288.6,-20.1
1969,12,30,70.8,244.8,11.9
1969,12,30,263.8,1.9,-6.8
1969,12,30,80.4,230.8,6.8
1969,12,31,266.9,350.9,-3.8
1969,12,31,288.5,317.6,10.2
1969,12,31,250.6,321.0,-15.9
1969,12,31,303.5,317.9,21.7
1969,12,31,249.0,352.7,-21.1
1969,12,31,263.1,332.2,-7.4
1969,12,31,213.6,288.6,-20.1
1969,12,31,64.8,244.0,11.8
1969,12,31,77.7,231.4,6.7
1969,12,31,70.5,198.2,18.6
