Year,Month,Day,Theta,Phi
1955,1,1,234.2,251.5
1955,1,2,241.0,250.0
1955,1,3,244.7,251.3
1955,1,4,246.1,251.7
1955,1,4,65.7,122.9
1955,1,5,247.0,246.6
1955,1,5,58.7,126.0
1955,1,5,165.1,160.5
1955,1,6,47.6,126.2
1955,1,6,199.8,161.7
1955,1,6,166.5,145.1
1955,1,6,179.1,152.6
1955,1,7,30.9,126.0
1955,1,7,221.3,161.9
1955,1,7,182.3,142.1
1955,1,7,52.2,66.9
1955,1,8,359.3,127.7
1955,1,8,203.1,142.4
1955,1,8,49.2,65.7
1955,1,9,326.3,128.2
1955,1,9,221.4,142.7
1955,1,9,43.4,64.2
1955,1,10,312.0,129.8
1955,1,10,37.8,63.8
1955,1,11,303.6,128.4
1955,1,11,28.3,63.0
1955,1,12,297.5,128.9
1955,1,12,15.9,61.8
1955,1,13,293.7,128.5
1955,1,13,0.1,61.5
1955,1,14,290.6,127.0
1955,1,14,341.8,60.5
1955,1,15,332.3,59.4
1955,1,16,323.2,57.5
1955,1,17,314.6,56.4
1955,1,18,310.5,54.4
1955,1,19,307.5,54.1
1955,1,20,113.2,254.7
1955,1,21,114.2,254.4
1955,1,22,116.3,253.9
1955,1,23,120.7,253.6
1955,1,23,30.4,267.3
1955,1,24,130.2,253.0
1955,1,24,9.7,270.3
1955,1,25,347.4,270.7
1955,1,26,189.6,252.3
1955,1,26,330.2,270.9
1955,1,26,111.9,170.8
1955,1,27,316.3,272.2
1955,1,27,113.0,168.4
1955,1,27,2.7,232.3
1955,1,28,310.0,270.9
1955,1,28,114.4,170.2
1955,1,28,123.1,160.1
1955,1,29,304.2,272.2
1955,1,29,118.2,171.0
1955,1,29,246.6,256.9
1955,1,30,127.8,170.5
1955,1,30,248.7,258.0
1955,1,30,66.1,125.0
1955,1,31,145.6,170.1
1955,1,31,249.6,257.9
1955,1,31,63.1,124.2
1955,2,1,179.7,169.8
1955,2,1,58.3,123.6
1955,2,2,216.0,169.5
1955,2,2,49.7,124.0
1955,2,2,313.5,184.3
1955,2,3,233.9,169.2
1955,2,3,35.8,123.5
1955,2,3,301.6,186.4
1955,2,4,242.7,168.9
1955,2,4,11.8,123.8
1955,2,4,295.3,188.7
1955,2,4,43.1,95.2
1955,2,5,246.1,169.0
1955,2,5,349.0,122.4
1955,2,5,291.1,189.3
1955,2,5,33.8,93.4
1955,2,6,248.0,168.7
1955,2,6,324.9,123.1
1955,2,6,18.0,92.6
1955,2,6,49.5,36.0
1955,2,7,248.6,169.0
1955,2,7,355.6,95.0
1955,2,7,44.8,36.5
1955,2,8,331.4,96.4
1955,2,8,38.8,33.7
1955,2,9,318.6,97.7
1955,2,9,32.0,32.3
1955,2,10,307.3,98.8
1955,2,10,20.8,31.0
1955,2,11,302.3,98.4
1955,2,11,9.8,29.5
1955,2,12,298.7,98.8
1955,2,12,355.3,29.1
1955,2,12,312.0,83.6
1955,2,13,341.9,28.4
1955,2,13,308.9,81.7
1955,2,13,4.6,8.0
1955,2,14,332.2,27.6
1955,2,15,321.0,28.5
1955,2,16,315.0,27.7
1955,2,16,80.8,306.9
1955,2,17,64.9,308.4
1955,2,21,68.7,190.6
1955,2,22,65.3,190.7
1955,2,23,61.0,190.5
1955,2,23,110.9,167.0
1955,2,24,53.2,191.1
1955,2,24,111.2,166.8
1955,2,25,39.4,190.4
1955,2,25,113.8,166.7
1955,2,26,24.3,190.1
1955,2,26,117.5,166.2
1955,2,27,355.7,190.1
1955,2,27,127.7,166.0
1955,2,28,327.5,191.5
1955,2,28,150.4,165.6
1955,3,1,310.3,191.9
1955,3,1,191.4,164.8
1955,3,2,302.4,189.9
1955,3,2,224.5,164.4
1955,3,3,293.2,194.5
1955,3,3,239.0,164.3
1955,3,4,245.2,163.9
1955,3,5,248.0,163.6
1955,3,6,248.8,163.8
1955,3,7,248.6,163.5
1955,3,8,321.5,111.4
1955,3,9,314.2,111.4
1955,3,10,310.6,109.8
1955,3,29,328.2,182.7
1955,3,29,114.7,76.9
1955,3,30,320.2,181.1
1955,3,30,114.9,76.3
1955,3,31,117.5,76.6
1955,4,1,307.8,183.2
1955,4,1,122.1,75.7
1955,4,2,132.3,76.5
1955,4,2,306.3,149.5
1955,4,3,351.5,92.5
1955,4,4,332.6,92.2
1955,4,4,343.0,84.1
1955,4,5,315.9,94.3
1955,4,5,325.4,83.3
1955,4,5,16.6,52.6
1955,4,6,312.8,83.5
1955,4,6,347.8,53.1
1955,4,7,305.3,83.0
1955,4,7,325.0,53.0
1955,4,8,300.1,83.0
1955,4,8,311.3,52.9
1955,4,8,242.8,51.9
1955,4,9,298.8,80.3
1955,4,9,302.1,53.5
1955,4,9,248.2,53.6
1955,4,10,297.6,53.2
1955,4,11,295.4,49.5
1955,4,15,159.5,279.6
1955,4,15,115.4,204.4
1955,4,16,194.9,279.8
1955,4,16,113.0,203.7
1955,4,17,228.2,282.3
1955,4,17,114.8,203.4
1955,4,17,118.1,192.8
1955,4,18,121.2,193.8
1955,4,21,162.4,202.2
1955,4,21,241.2,251.2
1955,4,22,171.4,192.6
1955,4,24,222.3,192.5
1955,4,27,51.9,63.0
1955,4,28,48.6,60.1
1955,4,28,69.9,46.2
1955,4,29,43.2,59.3
1955,4,29,66.9,45.5
1955,4,30,34.3,59.6
1955,4,30,62.0,45.8
1955,5,1,22.8,58.4
1955,5,1,54.2,45.5
1955,5,2,6.9,59.0
1955,5,2,41.2,44.7
1955,5,3,349.7,58.9
1955,5,3,15.4,45.2
1955,5,3,122.9,334.1
1955,5,4,334.8,57.9
1955,5,4,342.9,44.7
1955,5,4,124.2,333.7
1955,5,4,222.2,72.0
1955,5,5,323.0,57.4
1955,5,5,317.3,45.2
1955,5,5,126.5,330.4
1955,5,5,230.3,72.4
1955,5,6,313.0,56.3
1955,5,6,133.6,329.1
1955,5,7,309.1,56.8
1955,5,7,142.3,330.5
1955,5,7,303.0,52.3
1955,5,8,164.4,334.2
1955,5,11,216.7,330.8
1955,5,12,222.0,327.1
1955,5,16,62.5,173.8
1955,5,17,58.5,168.2
1955,5,17,8.6,220.1
1955,5,17,353.2,228.4
1955,5,18,53.7,170.1
1955,5,18,347.1,218.5
1955,5,18,64.9,131.7
1955,5,19,43.4,171.1
1955,5,19,321.8,218.5
1955,5,19,63.2,129.0
1955,5,20,25.8,172.5
1955,5,20,308.6,218.2
1955,5,20,60.9,129.2
1955,5,21,2.3,171.9
1955,5,21,303.9,216.0
1955,5,21,55.8,128.4
1955,5,21,117.7,105.0
1955,5,22,335.0,172.8
1955,5,22,47.1,127.8
1955,5,22,120.4,105.9
1955,5,23,317.3,172.4
1955,5,23,33.6,127.8
1955,5,24,305.6,173.0
1955,5,24,9.3,128.1
1955,5,24,55.7,73.2
1955,5,25,300.2,174.1
1955,5,25,346.3,127.0
1955,5,25,51.6,71.5
1955,5,25,93.4,81.0
1955,5,26,297.1,173.7
1955,5,26,327.3,125.3
1955,5,26,45.1,70.9
1955,5,26,94.6,81.4
1955,5,27,294.2,171.3
1955,5,27,311.3,125.8
1955,5,27,32.4,70.0
1955,5,28,305.0,124.0
1955,5,28,18.6,68.4
1955,5,28,47.0,49.2
1955,5,29,300.5,121.4
1955,5,29,358.0,67.9
1955,5,29,29.2,51.4
1955,5,29,139.0,35.6
1955,5,30,297.6,118.8
1955,5,30,340.5,66.4
1955,5,30,7.9,50.3
1955,5,31,324.2,66.5
1955,5,31,338.4,51.8
1955,5,31,125.5,322.0
1955,6,1,312.9,65.4
1955,6,1,321.1,49.9
1955,6,1,128.4,319.8
1955,6,2,307.1,67.8
1955,6,2,309.8,48.8
1955,6,2,131.4,320.9
1955,6,3,304.1,66.4
1955,6,4,301.4,65.3
1955,6,4,53.0,291.9
1955,6,5,47.4,292.0
1955,6,6,38.3,291.7
1955,6,7,23.0,293.1
1955,6,8,1.0,292.8
1955,6,9,334.0,294.6
1955,6,10,324.1,294.0
1955,6,10,42.2,199.7
1955,6,10,114.2,188.2
1955,6,11,315.8,290.4
1955,6,11,42.7,192.3
1955,6,11,115.8,187.4
1955,6,11,148.0,237.6
1955,6,11,111.6,178.1
1955,6,11,67.8,176.3
1955,6,12,37.7,192.8
1955,6,12,119.1,186.7
1955,6,12,174.2,236.9
1955,6,12,113.9,175.5
1955,6,12,64.6,175.7
1955,6,13,309.9,282.3
1955,6,13,30.5,191.6
1955,6,13,124.2,186.6
1955,6,13,116.6,175.1
1955,6,13,61.1,177.8
1955,6,14,306.6,276.8
1955,6,14,133.9,186.2
1955,6,14,122.4,174.7
1955,6,14,58.5,175.0
1955,6,15,10.0,189.7
1955,6,15,152.4,185.6
1955,6,15,135.1,175.8
1955,6,15,44.2,176.5
1955,6,16,172.0,185.4
1955,6,16,151.9,176.7
1955,6,16,34.0,172.5
1955,6,16,70.5,113.4
1955,6,17,199.2,185.2
1955,6,17,183.4,177.1
1955,6,17,69.2,112.7
1955,6,18,218.1,185.0
1955,6,18,212.8,178.4
1955,6,18,66.0,112.9
1955,6,18,244.3,242.2
1955,6,19,231.0,184.6
1955,6,19,230.9,179.3
1955,6,19,60.0,112.8
1955,6,20,237.9,183.7
1955,6,20,237.0,177.5
1955,6,20,48.7,113.4
1955,6,20,290.9,197.0
1955,6,21,242.2,183.6
1955,6,21,241.4,176.7
1955,6,21,24.0,113.6
1955,6,22,244.6,184.0
1955,6,22,244.7,177.5
1955,6,22,352.3,112.2
1955,6,23,244.3,173.5
1955,6,28,123.1,308.1
1955,6,29,125.3,306.9
1955,6,30,127.5,305.6
1955,6,30,58.0,281.1
1955,7,1,135.0,305.4
1955,7,1,56.3,280.1
1955,7,1,72.5,280.4
1955,7,2,141.2,304.3
1955,7,2,54.4,280.0
1955,7,2,71.9,278.3
1955,7,3,155.2,303.8
1955,7,3,48.8,280.3
1955,7,3,67.8,281.1
1955,7,4,169.2,302.8
1955,7,4,41.6,280.3
1955,7,4,62.5,280.9
1955,7,4,64.5,230.9
1955,7,5,186.5,301.9
1955,7,5,28.0,280.4
1955,7,5,48.8,280.6
1955,7,5,64.9,227.5
1955,7,6,201.9,300.7
1955,7,6,8.3,279.8
1955,7,6,16.5,280.3
1955,7,6,63.9,223.9
1955,7,6,65.1,209.6
1955,7,7,214.9,300.1
1955,7,7,345.3,279.3
1955,7,7,60.0,221.6
1955,7,7,63.6,210.2
1955,7,7,319.1,296.4
1955,7,8,223.8,299.6
1955,7,8,324.2,280.2
1955,7,8,54.0,222.0
1955,7,8,61.8,209.3
1955,7,9,230.7,299.7
1955,7,9,313.4,279.1
1955,7,9,38.4,225.7
1955,7,9,55.9,198.5
1955,7,9,117.7,172.8
1955,7,10,234.5,299.0
1955,7,10,308.4,277.2
1955,7,10,16.0,224.2
1955,7,10,47.7,196.2
1955,7,10,119.3,177.4
1955,7,11,308.2,274.0
1955,7,11,346.7,223.5
1955,7,11,22.2,209.1
1955,7,11,35.5,195.9
1955,7,12,326.5,222.5
1955,7,12,134.2,170.0
1955,7,12,45.9,176.4
1955,7,13,311.0,222.5
1955,7,13,154.5,177.7
1955,7,13,26.2,178.4
1955,7,14,303.1,222.2
1955,7,14,176.9,177.0
1955,7,14,5.5,176.0
1955,7,14,128.0,135.3
1955,7,14,66.1,132.9
1955,7,15,298.4,209.3
1955,7,15,331.8,178.9
1955,7,15,138.5,135.1
1955,7,16,152.8,134.8
1955,7,17,171.2,133.5
1955,7,19,288.9,165.4
1955,7,19,244.3,170.4
1955,7,19,308.7,145.9
1955,7,19,252.4,176.1
1955,7,20,229.9,137.8
1955,7,20,287.2,167.0
1955,7,20,246.2,170.4
1955,7,20,305.0,145.2
1955,7,20,304.5,128.8
1955,7,21,238.7,139.6
1955,7,22,242.5,141.0
1955,7,22,299.2,144.0
1955,7,22,129.4,27.8
1955,7,25,240.4,98.3
1955,7,26,69.4,298.0
1955,7,27,68.0,293.0
1955,7,27,150.0,339.6
1955,7,28,67.1,293.4
1955,7,28,161.0,336.6
1955,7,29,65.5,293.4
1955,7,30,58.3,295.3
1955,7,31,45.8,295.1
1955,7,31,168.7,304.7
1955,8,1,14.9,295.5
1955,8,1,185.7,304.1
1955,8,2,331.5,295.7
1955,8,2,201.3,303.1
1955,8,3,304.2,296.5
1955,8,3,215.1,303.0
1955,8,4,296.9,295.4
1955,8,4,56.2,200.8
1955,8,5,54.3,199.1
1955,8,5,75.4,174.1
1955,8,5,115.1,172.6
1955,8,6,44.9,199.9
1955,8,6,75.0,174.1
1955,8,6,118.6,173.6
1955,8,7,34.3,200.7
1955,8,7,73.8,175.2
1955,8,7,122.6,172.9
1955,8,8,18.1,198.2
1955,8,8,69.3,176.6
1955,8,8,130.4,172.5
1955,8,8,47.2,190.1
1955,8,9,355.0,197.1
1955,8,9,58.4,177.7
1955,8,9,144.0,173.1
1955,8,9,67.7,125.4
1955,8,10,330.5,196.9
1955,8,10,2.4,179.3
1955,8,10,164.4,171.7
1955,8,10,66.3,126.5
1955,8,11,316.4,196.3
1955,8,11,306.0,179.2
1955,8,11,190.7,171.8
1955,8,11,63.0,127.7
1955,8,12,309.3,195.7
1955,8,12,292.6,179.0
1955,8,12,209.8,171.3
1955,8,12,55.9,127.9
1955,8,13,303.7,193.0
1955,8,13,285.9,179.9
1955,8,13,226.0,171.8
1955,8,13,37.8,127.4
1955,8,13,168.1,132.9
1955,8,14,301.4,191.6
1955,8,14,284.7,178.7
1955,8,14,234.9,171.1
1955,8,14,357.9,128.3
1955,8,14,183.4,129.8
1955,8,15,284.3,178.8
1955,8,15,241.4,173.8
1955,8,15,322.9,128.0
1955,8,15,202.1,130.0
1955,8,16,285.2,178.6
1955,8,16,245.3,172.5
1955,8,16,51.1,81.4
1955,8,17,248.1,167.4
1955,8,17,22.0,82.3
1955,8,18,291.5,130.7
1955,8,18,332.8,82.4
1955,8,19,306.9,81.6
1955,8,20,293.6,84.2
1955,8,21,289.8,84.3
1955,8,21,141.7,5.8
1955,8,22,288.9,84.5
1955,8,22,154.9,6.0
1955,8,23,288.8,84.0
1955,8,23,174.3,5.4
1955,8,24,190.1,2.9
1955,8,24,40.7,311.9
1955,8,25,31.8,312.7
1955,8,26,19.0,313.1
1955,8,26,66.5,292.9
1955,8,27,5.1,311.8
1955,8,27,56.6,293.7
1955,8,27,57.8,268.8
1955,8,27,111.5,246.1
1955,8,28,353.1,309.0
1955,8,28,36.7,293.1
1955,8,28,51.7,269.0
1955,8,28,115.7,247.5
1955,8,29,339.0,308.4
1955,8,29,341.0,294.9
1955,8,29,38.4,270.7
1955,8,29,124.5,250.0
1955,8,29,64.8,211.9
1955,8,30,327.5,307.8
1955,8,30,311.7,291.9
1955,8,30,15.3,269.3
1955,8,30,136.4,250.3
1955,8,30,64.6,211.1
1955,8,31,320.4,304.1
1955,8,31,295.4,292.4
1955,8,31,165.9,252.5
1955,8,31,62.2,211.0
1955,8,31,60.0,193.9
1955,8,31,73.0,179.0
1955,8,31,63.6,172.7
1955,9,1,316.2,307.8
1955,9,1,289.6,295.7
1955,9,1,185.1,252.9
1955,9,1,59.4,211.1
1955,9,1,58.4,194.5
1955,9,1,73.6,178.5
1955,9,1,64.0,171.8
1955,9,1,113.6,176.3
1955,9,2,314.5,303.5
1955,9,2,287.9,295.7
1955,9,2,213.6,253.0
1955,9,2,49.1,211.0
1955,9,2,53.6,192.7
1955,9,2,73.3,178.7
1955,9,2,63.4,171.3
1955,9,2,117.3,175.9
1955,9,2,73.9,167.6
1955,9,3,228.0,253.4
1955,9,3,34.3,210.5
1955,9,3,47.1,192.5
1955,9,3,72.1,178.5
1955,9,3,62.1,170.7
1955,9,3,121.9,176.3
1955,9,3,74.1,168.8
1955,9,3,63.3,143.0
1955,9,4,237.6,253.0
1955,9,4,3.0,210.1
1955,9,4,34.1,192.0
1955,9,4,68.3,178.6
1955,9,4,58.0,170.6
1955,9,4,130.0,175.6
1955,9,4,72.0,168.3
1955,9,4,63.4,140.5
1955,9,4,217.2,234.1
1955,9,4,64.1,175.6
1955,9,5,245.1,251.7
1955,9,5,52.7,178.2
1955,9,5,46.9,169.6
1955,9,5,148.2,175.8
1955,9,5,66.1,168.2
1955,9,5,61.1,140.2
1955,9,5,233.2,235.3
1955,9,5,49.3,176.0
1955,9,5,55.2,160.8
1955,9,5,119.2,129.6
1955,9,6,29.0,178.0
1955,9,6,34.6,169.3
1955,9,6,163.9,176.0
1955,9,6,56.8,167.3
1955,9,6,58.8,139.9
1955,9,6,238.4,235.6
1955,9,6,28.0,176.1
1955,9,6,47.7,160.4
1955,9,6,122.4,129.9
1955,9,7,331.7,177.6
1955,9,7,6.4,169.0
1955,9,7,188.9,176.0
1955,9,7,51.5,140.5
1955,9,7,242.7,236.3
1955,9,7,28.7,160.3
1955,9,7,128.4,127.0
1955,9,7,147.9,135.3
1955,9,8,302.0,177.3
1955,9,8,334.5,168.4
1955,9,8,212.9,176.6
1955,9,8,322.4,167.1
1955,9,8,36.8,140.8
1955,9,8,245.5,232.5
1955,9,8,136.7,124.7
1955,9,8,157.3,134.6
1955,9,9,292.5,177.0
1955,9,9,314.8,167.8
1955,9,9,227.6,176.4
1955,9,9,12.3,140.1
1955,9,9,148.9,123.7
1955,9,9,168.7,134.0
1955,9,9,288.2,221.1
1955,9,10,288.6,177.1
1955,9,10,304.4,167.6
1955,9,10,341.6,139.2
1955,9,10,166.1,122.9
1955,9,10,177.7,129.4
1955,9,11,299.3,166.9
1955,9,11,318.0,138.9
1955,9,11,187.3,122.2
1955,9,11,194.8,132.0
1955,9,11,66.7,67.4
1955,9,11,313.6,133.3
1955,9,12,297.1,166.5
1955,9,12,202.4,120.2
1955,9,12,62.0,68.6
1955,9,12,358.5,105.7
1955,9,12,135.1,67.4
1955,9,12,123.5,52.0
1955,9,13,296.3,165.5
1955,9,13,216.7,119.7
1955,9,13,51.8,69.4
1955,9,14,296.6,164.6
1955,9,14,227.9,119.5
1955,9,14,31.4,67.9
1955,9,15,348.6,68.7
1955,9,15,303.7,108.3
1955,9,15,191.9,72.5
1955,9,15,23.7,56.0
1955,9,16,311.6,69.6
1955,9,16,212.0,72.2
1955,9,17,297.5,71.1
1955,9,17,297.5,110.6
1955,9,17,224.1,71.6
1955,9,18,292.3,71.4
1955,9,18,233.4,72.6
1955,9,18,211.0,44.2
1955,9,19,291.3,70.1
1955,9,19,238.3,70.1
1955,9,19,226.0,44.7
1955,9,20,289.0,70.1
1955,9,20,241.5,71.0
1955,9,20,302.1,65.5
1955,9,21,300.6,70.8
1955,9,23,115.0,238.8
1955,9,24,116.6,239.3
1955,9,24,183.9,309.3
1955,9,24,296.0,9.9
1955,9,25,122.7,238.2
1955,9,25,209.0,310.5
1955,9,25,73.7,226.1
1955,9,26,127.3,237.9
1955,9,27,136.7,236.9
1955,9,27,309.3,321.0
1955,9,28,153.4,237.6
1955,9,28,64.3,227.1
1955,9,28,306.7,320.5
1955,9,29,173.0,237.0
1955,9,29,44.8,225.4
1955,9,29,302.8,317.0
1955,9,30,11.3,223.1
1955,9,30,60.4,161.8
1955,9,30,116.1,157.1
1955,9,30,68.5,140.2
1955,10,1,58.5,162.6
1955,10,1,120.3,160.4
1955,10,1,68.9,139.8
1955,10,1,68.0,129.6
1955,10,1,212.4,228.0
1955,10,2,52.7,163.1
1955,10,2,126.8,158.4
1955,10,2,67.7,139.2
1955,10,2,68.8,127.5
1955,10,2,69.2,171.0
1955,10,2,69.5,118.0
1955,10,3,43.0,162.6
1955,10,3,135.6,158.2
1955,10,3,65.4,139.1
1955,10,3,68.1,127.0
1955,10,3,55.6,174.2
1955,10,3,69.6,117.7
1955,10,4,23.6,163.2
1955,10,4,60.8,139.1
1955,10,4,65.3,129.9
1955,10,4,10.6,172.4
1955,10,4,68.7,117.5
1955,10,4,70.9,104.5
1955,10,5,354.6,163.5
1955,10,5,51.2,139.5
1955,10,5,59.2,131.2
1955,10,5,303.3,175.0
1955,10,5,66.6,117.3
1955,10,5,70.0,104.9
1955,10,6,322.4,167.7
1955,10,6,27.7,139.1
1955,10,6,47.2,129.0
1955,10,6,296.6,171.2
1955,10,6,60.5,117.3
1955,10,6,68.0,103.4
1955,10,6,53.0,110.4
1955,10,7,310.3,168.8
1955,10,7,346.0,139.0
1955,10,7,12.6,130.7
1955,10,7,40.5,111.0
1955,10,7,298.8,184.3
1955,10,7,110.7,57.6
1955,10,7,131.5,95.0
1955,10,8,303.6,169.8
1955,10,8,311.1,139.7
1955,10,8,334.3,128.2
1955,10,8,14.8,113.0
1955,10,8,296.1,185.1
1955,10,8,113.8,57.0
1955,10,8,117.7,51.4
1955,10,9,301.3,168.4
1955,10,9,300.8,138.3
1955,10,9,310.7,127.9
1955,10,9,340.3,113.6
1955,10,9,354.4,110.0
1955,10,9,297.3,180.2
1955,10,9,117.6,56.7
1955,10,9,121.2,49.9
1955,10,9,237.5,153.9
1955,10,9,131.6,63.8
1955,10,10,299.7,165.6
1955,10,10,295.0,138.1
1955,10,10,300.1,128.3
1955,10,10,330.1,110.8
1955,10,10,123.4,56.0
1955,10,10,126.3,49.9
1955,10,10,241.7,154.0
1955,10,10,58.8,64.9
1955,10,11,291.8,137.7
1955,10,11,293.8,129.4
1955,10,11,313.7,110.6
1955,10,11,134.1,55.5
1955,10,11,135.5,49.3
1955,10,11,244.7,154.1
1955,10,12,290.9,137.9
1955,10,12,292.2,129.9
1955,10,12,305.9,110.2
1955,10,12,153.5,56.1
1955,10,12,147.0,47.4
1955,10,12,230.1,111.2
1955,10,12,62.1,12.2
1955,10,13,290.6,137.3
1955,10,13,291.8,129.9
1955,10,13,301.1,110.5
1955,10,13,168.3,48.0
1955,10,13,235.6,109.9
1955,10,14,291.2,126.0
1955,10,14,298.1,107.1
1955,10,14,210.5,57.1
1955,10,14,197.4,51.7
1955,10,14,122.1,352.4
1955,10,15,226.2,55.2
1955,10,19,71.6,258.7
1955,10,20,72.0,258.2
1955,10,20,66.6,239.9
1955,10,21,70.9,258.8
1955,10,21,66.1,238.8
1955,10,22,66.6,259.3
1955,10,22,65.1,239.6
1955,10,22,62.5,211.7
1955,10,23,58.8,258.9
1955,10,23,61.7,239.2
1955,10,23,62.3,210.9
1955,10,23,113.0,209.7
1955,10,24,34.8,260.1
1955,10,24,54.8,239.0
1955,10,24,60.9,210.4
1955,10,24,117.5,211.8
1955,10,24,76.2,248.6
1955,10,24,63.2,194.5
1955,10,24,115.3,192.2
1955,10,25,356.0,258.2
1955,10,25,41.2,238.9
1955,10,25,57.5,209.9
1955,10,25,123.3,212.3
1955,10,25,62.5,248.8
1955,10,25,60.8,196.0
1955,10,25,117.5,191.6
1955,10,26,316.7,255.8
1955,10,26,8.4,238.7
1955,10,26,49.6,209.3
1955,10,26,133.5,211.7
1955,10,26,54.0,198.7
1955,10,26,122.4,190.0
1955,10,26,27.5,228.9
1955,10,27,304.1,253.7
1955,10,27,337.3,238.6
1955,10,27,39.1,208.9
1955,10,27,146.7,212.0
1955,10,27,45.1,200.1
1955,10,27,128.4,189.9
1955,10,27,6.9,227.8
1955,10,28,295.3,253.8
1955,10,28,315.1,238.6
1955,10,28,19.5,208.6
1955,10,28,169.2,212.4
1955,10,28,31.2,200.4
1955,10,28,137.0,189.2
1955,10,28,337.8,227.7
1955,10,28,68.9,135.3
1955,10,28,55.7,175.4
1955,10,29,291.0,254.9
1955,10,29,303.0,238.8
1955,10,29,350.7,208.6
1955,10,29,192.8,210.6
1955,10,29,11.4,198.8
1955,10,29,151.6,188.4
1955,10,29,320.2,226.7
1955,10,29,68.4,134.1
1955,10,30,289.5,254.0
1955,10,30,327.3,208.1
1955,10,30,212.7,208.8
1955,10,30,347.5,197.4
1955,10,30,173.6,187.9
1955,10,30,309.2,227.0
1955,10,30,66.9,134.2
1955,10,31,313.1,207.3
1955,10,31,228.4,209.8
1955,10,31,327.2,196.6
1955,10,31,198.7,188.0
1955,10,31,302.6,226.3
1955,10,31,63.7,134.0
1955,10,31,285.5,224.9
1955,10,31,55.3,154.9
1955,11,1,304.5,207.3
1955,11,1,237.7,210.2
1955,11,1,313.6,196.5
1955,11,1,218.7,188.2
1955,11,1,299.6,226.8
1955,11,1,56.8,134.2
1955,11,1,283.9,225.4
1955,11,1,119.1,90.0
1955,11,2,299.9,206.5
1955,11,2,242.5,208.7
1955,11,2,306.3,195.4
1955,11,2,230.2,188.0
1955,11,2,42.9,134.1
1955,11,2,283.1,226.2
1955,11,2,122.1,89.9
1955,11,3,297.3,206.2
1955,11,3,245.9,209.9
1955,11,3,301.6,194.2
1955,11,3,238.3,188.6
1955,11,3,11.3,133.9
1955,11,3,126.4,88.2
1955,11,4,296.4,205.4
1955,11,4,248.3,210.2
1955,11,4,299.5,194.7
1955,11,4,242.0,188.0
1955,11,4,337.7,133.7
1955,11,4,132.7,88.0
1955,11,5,298.9,189.9
1955,11,5,244.8,187.1
1955,11,5,311.7,133.4
1955,11,5,145.9,88.5
1955,11,5,112.2,54.1
1955,11,5,61.4,29.9
1955,11,6,300.6,133.1
1955,11,6,163.4,88.1
1955,11,6,117.6,55.2
1955,11,6,60.1,28.1
1955,11,7,294.9,132.7
1955,11,7,188.7,87.9
1955,11,7,129.6,56.7
1955,11,7,58.4,28.6
1955,11,7,120.1,6.1
1955,11,8,292.5,132.4
1955,11,8,207.2,87.7
1955,11,8,152.6,59.1
1955,11,8,54.0,27.7
1955,11,8,122.4,5.0
1955,11,8,65.5,351.0
1955,11,9,291.8,132.2
1955,11,9,219.7,87.6
1955,11,9,184.2,61.0
1955,11,9,47.4,26.9
1955,11,9,126.0,5.8
1955,11,9,65.0,347.4
1955,11,9,138.5,4.5
1955,11,9,61.7,15.6
1955,11,10,230.0,87.6
1955,11,10,215.7,60.7
1955,11,10,33.5,26.9
1955,11,10,130.7,1.2
1955,11,10,63.7,348.0
1955,11,10,144.5,4.5
1955,11,10,297.2,93.0
1955,11,10,357.4,46.8
1955,11,11,236.3,87.1
1955,11,11,231.1,58.2
1955,11,11,8.9,27.1
1955,11,11,141.5,2.4
1955,11,11,59.3,347.5
1955,11,11,154.1,4.1
1955,11,11,294.2,94.1
1955,11,11,334.4,43.3
1955,11,12,239.3,86.8
1955,11,12,239.2,57.9
1955,11,12,348.9,26.1
1955,11,12,149.6,359.8
1955,11,12,53.4,347.9
1955,11,12,162.9,3.6
1955,11,12,292.6,97.4
1955,11,12,121.7,320.7
1955,11,12,69.6,297.4
1955,11,12,228.0,54.5
1955,11,13,241.7,85.9
1955,11,13,325.4,26.8
1955,11,13,166.9,359.0
1955,11,13,40.4,347.2
1955,11,13,172.5,359.8
1955,11,13,126.5,319.9
1955,11,13,68.8,293.9
1955,11,14,309.3,28.4
1955,11,14,188.5,357.3
1955,11,14,13.8,346.3
1955,11,14,66.9,294.5
1955,11,14,301.0,19.4
1955,11,14,113.1,284.3
1955,11,15,302.1,28.3
1955,11,15,208.8,357.2
1955,11,15,339.8,345.8
1955,11,15,62.6,295.1
1955,11,15,292.6,19.4
1955,11,16,299.6,27.4
1955,11,16,218.2,356.2
1955,11,16,321.7,345.4
1955,11,16,56.9,295.0
1955,11,16,289.7,19.1
1955,11,17,298.3,27.0
1955,11,17,229.8,359.2
1955,11,17,307.3,346.2
1955,11,17,43.8,296.4
1955,11,17,287.7,19.6
1955,11,17,130.5,284.4
1955,11,18,237.7,4.0
1955,11,18,301.4,344.6
1955,11,18,19.3,294.7
1955,11,18,287.0,16.0
1955,11,18,300.7,330.1
1955,11,19,239.0,1.1
1955,11,19,297.1,344.0
1955,11,19,337.1,295.5
1955,11,19,292.7,330.2
1955,11,19,109.7,208.3
1955,11,20,294.6,343.0
1955,11,20,317.5,293.4
1955,11,20,289.5,330.0
1955,11,20,111.3,206.4
1955,11,20,62.7,197.0
1955,11,20,128.3,243.0
1955,11,21,296.2,333.6
1955,11,21,305.7,291.3
1955,11,21,114.3,206.2
1955,11,21,60.9,196.7
1955,11,21,115.0,180.8
1955,11,22,298.3,291.7
1955,11,22,118.9,205.9
1955,11,22,58.1,195.9
1955,11,22,117.2,179.6
1955,11,23,294.4,290.2
1955,11,23,129.5,205.7
1955,11,23,52.6,193.0
1955,11,23,120.8,179.4
1955,11,23,59.0,176.9
1955,11,23,43.4,170.1
1955,11,24,141.4,204.5
1955,11,24,44.3,193.8
1955,11,24,125.1,179.0
1955,11,24,55.2,177.6
1955,11,24,39.7,170.6
1955,11,25,177.2,204.3
1955,11,25,21.7,194.1
1955,11,25,136.7,178.3
1955,11,25,42.8,178.1
1955,11,25,32.5,167.9
1955,11,26,196.7,203.0
1955,11,26,5.6,193.5
1955,11,26,146.9,177.9
1955,11,26,32.8,177.9
1955,11,26,28.4,165.1
1955,11,27,221.8,203.5
1955,11,27,340.8,193.1
1955,11,27,167.6,177.2
1955,11,27,10.3,178.2
1955,11,27,17.7,166.0
1955,11,27,67.7,106.4
1955,11,28,232.8,203.7
1955,11,28,324.8,192.9
1955,11,28,189.0,177.0
1955,11,28,349.3,178.0
1955,11,28,7.9,165.1
1955,11,28,66.4,105.8
1955,11,28,68.0,95.8
1955,11,28,117.5,92.2
1955,11,29,242.6,203.5
1955,11,29,309.7,192.4
1955,11,29,216.9,176.4
1955,11,29,320.2,179.7
1955,11,29,350.6,164.1
1955,11,29,62.7,105.0
1955,11,29,66.3,92.8
1955,11,29,119.3,88.2
1955,11,29,57.7,86.7
1955,11,30,246.9,203.8
1955,11,30,302.5,191.3
1955,11,30,231.6,175.7
1955,11,30,308.0,178.0
1955,11,30,334.5,165.4
1955,11,30,54.6,104.3
1955,11,30,61.4,90.1
1955,11,30,123.9,89.3
1955,12,1,248.1,203.6
1955,12,1,300.0,191.4
1955,12,1,236.3,175.2
1955,12,1,328.8,164.8
1955,12,1,47.8,104.2
1955,12,1,56.8,90.9
1955,12,1,127.7,89.6
1955,12,2,297.5,191.7
1955,12,2,241.6,175.0
1955,12,2,321.8,164.0
1955,12,2,25.8,104.3
1955,12,2,45.2,91.4
1955,12,2,139.3,90.0
1955,12,3,318.4,162.4
1955,12,3,1.3,103.6
1955,12,3,27.7,91.8
1955,12,3,153.4,89.1
1955,12,4,332.5,100.9
1955,12,4,6.9,86.5
1955,12,4,177.5,88.0
1955,12,4,108.8,25.4
1955,12,4,56.8,21.8
1955,12,4,63.1,14.3
1955,12,5,311.4,102.1
1955,12,5,329.7,90.0
1955,12,5,205.2,90.1
1955,12,5,112.3,26.0
1955,12,5,53.8,20.9
1955,12,5,61.1,12.9
1955,12,6,302.0,102.1
1955,12,6,313.2,89.4
1955,12,6,224.0,91.1
1955,12,6,116.2,25.4
1955,12,6,51.0,18.3
1955,12,6,64.8,24.8
1955,12,7,303.5,90.1
1955,12,7,232.7,90.7
1955,12,7,124.1,25.4
1955,12,7,45.5,15.5
1955,12,7,55.4,25.3
1955,12,8,297.7,89.8
1955,12,8,240.2,91.3
1955,12,8,152.6,26.9
1955,12,8,30.2,16.7
1955,12,8,192.4,40.8
1955,12,8,194.5,40.4
1955,12,8,50.0,345.2
1955,12,9,295.2,89.8
1955,12,9,242.6,90.3
1955,12,9,190.6,28.3
1955,12,9,16.0,15.9
1955,12,9,219.2,42.5
1955,12,9,221.8,40.8
1955,12,9,139.2,0.9
1955,12,10,293.9,87.5
1955,12,10,244.0,90.2
1955,12,10,223.2,27.4
1955,12,10,355.2,13.4
1955,12,10,233.1,41.1
1955,12,10,161.8,2.2
1955,12,11,239.6,29.0
1955,12,11,338.7,10.2
1955,12,11,191.1,3.3
1955,12,11,64.4,281.5
1955,12,11,298.5,65.6
1955,12,12,247.0,28.9
1955,12,12,319.1,9.7
1955,12,12,219.9,4.5
1955,12,12,62.3,280.5
1955,12,12,55.1,271.7
1955,12,12,62.5,266.3
1955,12,13,310.9,9.1
1955,12,13,232.2,5.3
1955,12,13,59.1,280.6
1955,12,13,52.8,271.7
1955,12,13,60.8,266.1
1955,12,13,121.8,256.3
1955,12,14,303.2,8.1
1955,12,14,241.6,6.5
1955,12,14,50.5,280.1
1955,12,14,56.0,266.1
1955,12,14,124.6,256.3
1955,12,14,45.4,290.5
1955,12,15,300.3,9.8
1955,12,15,42.3,280.3
1955,12,15,50.9,266.5
1955,12,15,127.7,256.3
1955,12,15,31.3,291.3
1955,12,16,297.7,9.3
1955,12,16,23.5,279.4
1955,12,16,40.2,266.8
1955,12,16,135.3,255.6
1955,12,16,354.3,293.6
1955,12,17,0.2,279.6
1955,12,17,25.5,265.8
1955,12,17,145.0,255.3
1955,12,17,326.2,295.4
1955,12,17,110.6,199.8
1955,12,18,335.6,278.9
1955,12,18,5.4,263.4
1955,12,18,161.1,254.5
1955,12,18,309.9,294.9
1955,12,18,111.8,199.5
1955,12,18,217.0,281.2
1955,12,18,108.0,190.8
1955,12,19,316.0,278.9
1955,12,19,338.0,262.8
1955,12,19,184.9,253.7
1955,12,19,301.0,294.5
1955,12,19,114.2,199.3
1955,12,19,236.3,281.7
1955,12,19,109.3,193.2
1955,12,19,59.0,183.4
1955,12,20,307.3,278.4
1955,12,20,321.1,263.7
1955,12,20,201.6,253.2
1955,12,20,296.7,293.6
1955,12,20,118.9,198.9
1955,12,20,242.9,282.2
1955,12,20,111.3,192.3
1955,12,20,55.5,183.4
1955,12,20,65.4,171.7
1955,12,21,301.5,278.1
1955,12,21,215.9,252.7
1955,12,21,293.7,294.2
1955,12,21,125.7,198.9
1955,12,21,247.0,283.1
1955,12,21,116.4,192.7
1955,12,21,62.1,167.1
1955,12,21,56.8,185.3
1955,12,21,54.4,152.0
1955,12,21,357.8,228.3
1955,12,22,297.3,278.3
1955,12,22,303.2,266.0
1955,12,22,225.4,251.8
1955,12,22,294.7,288.3
1955,12,22,141.8,198.5
1955,12,22,126.7,191.9
1955,12,22,44.8,188.9
1955,12,22,52.1,154.5
1955,12,23,232.8,251.1
1955,12,23,183.4,198.3
1955,12,23,160.3,191.9
1955,12,23,48.0,166.8
1955,12,23,19.7,188.3
1955,12,23,45.0,153.1
1955,12,24,235.6,250.9
1955,12,24,212.9,198.2
1955,12,24,199.6,191.3
1955,12,24,34.2,167.7
1955,12,24,35.5,157.8
1955,12,24,62.0,137.7
1955,12,25,237.4,250.0
1955,12,25,232.4,197.8
1955,12,25,230.9,191.0
1955,12,25,2.5,171.7
1955,12,25,20.7,158.2
1955,12,25,56.8,135.6
1955,12,25,67.6,91.4
1955,12,26,242.2,190.3
1955,12,26,335.1,172.4
1955,12,26,3.1,158.2
1955,12,26,43.2,136.7
1955,12,26,65.5,91.1
1955,12,26,116.0,85.9
1955,12,27,247.4,189.9
1955,12,27,24.1,136.7
1955,12,27,61.4,92.1
1955,12,27,116.1,85.4
1955,12,27,334.9,160.8
1955,12,28,250.1,188.0
1955,12,28,355.4,136.8
1955,12,28,55.3,92.9
1955,12,28,119.0,84.8
1955,12,28,318.0,160.8
1955,12,28,112.4,52.9
1955,12,29,252.0,187.2
1955,12,29,328.6,135.8
1955,12,29,43.5,92.9
1955,12,29,125.6,84.9
1955,12,29,306.2,161.1
1955,12,29,113.9,51.4
1955,12,30,252.7,187.8
1955,12,30,315.3,135.0
1955,12,30,30.8,91.6
1955,12,30,135.1,84.4
1955,12,30,302.0,161.0
1955,12,30,115.8,50.7
1955,12,31,305.1,135.4
1955,12,31,7.9,91.4
1955,12,31,154.0,84.0
1955,12,31,119.6,50.1
